11/21/2016 6:13:29 PM:73,0.9053938,1.167045,-0.4692863,336.4031,80.38802,331.3071,LeftController
11/21/2016 6:13:29 PM:104,0.9067519,1.166768,-0.4698647,337.0424,80.74142,330.8344,LeftController
11/21/2016 6:13:29 PM:147,0.906323,1.165045,-0.4717348,337.4982,81.19673,330.4379,LeftController
11/21/2016 6:13:29 PM:194,0.9056909,1.163996,-0.4729108,337.7145,81.58839,330.0919,LeftController
11/21/2016 6:13:29 PM:257,0.903316,1.160511,-0.4725976,338.3501,81.44381,330.1516,LeftController
11/21/2016 6:13:29 PM:332,0.8993158,1.156874,-0.4750051,338.7875,81.31351,330.3096,LeftController
11/21/2016 6:13:29 PM:397,0.8990009,1.153295,-0.482966,339.6096,82.40237,329.8251,LeftController
11/21/2016 6:13:29 PM:450,0.9012725,1.150675,-0.4909335,340.1051,83.47458,330.1644,LeftController
11/21/2016 6:13:29 PM:485,0.9024134,1.14782,-0.4979894,340.5121,84.57318,329.9763,LeftController
11/21/2016 6:13:29 PM:516,0.9038038,1.143909,-0.505392,341.241,85.70059,330.3441,LeftController
11/21/2016 6:13:29 PM:549,0.9046783,1.140762,-0.5126099,341.1616,86.60328,331.9365,LeftController
11/21/2016 6:13:29 PM:585,0.9051783,1.138398,-0.5194453,341.1093,87.42051,333.7442,LeftController
11/21/2016 6:13:29 PM:619,0.9057257,1.136982,-0.5256551,340.8847,88.19161,336.4401,LeftController
11/21/2016 6:13:29 PM:651,0.9044225,1.138812,-0.5296086,339.1127,87.9544,341.0211,LeftController
11/21/2016 6:13:29 PM:685,0.9029636,1.143049,-0.5314059,337.1859,86.5424,345.2385,LeftController
11/21/2016 6:13:29 PM:718,0.9019022,1.148393,-0.5330625,335.2484,84.6798,348.9756,LeftController
11/21/2016 6:13:29 PM:752,0.901886,1.155629,-0.5371162,332.9703,83.75114,352.4772,LeftController
11/21/2016 6:13:29 PM:787,0.904022,1.165149,-0.5451261,330.485,83.9968,355.3691,LeftController
11/21/2016 6:13:29 PM:819,0.9084954,1.178223,-0.5574931,327.4604,85.55089,357.8935,LeftController
11/21/2016 6:13:29 PM:853,0.9153984,1.196338,-0.5752054,324.0023,88.60974,0.152036,LeftController
11/21/2016 6:13:29 PM:886,0.923079,1.219151,-0.5960829,320.2971,92.65633,1.374739,LeftController
11/21/2016 6:13:29 PM:922,0.9276402,1.247606,-0.6185006,315.3931,97.7889,1.359996,LeftController
11/21/2016 6:13:29 PM:961,0.9276378,1.280011,-0.6395132,310.004,103.4185,358.4767,LeftController
11/21/2016 6:13:29 PM:998,0.9157073,1.327847,-0.6569532,298.439,107.5574,359.252,LeftController
11/21/2016 6:13:30 PM:81,0.8828254,1.390119,-0.6620312,279.3624,98.66705,12.11992,LeftController
11/21/2016 6:13:30 PM:162,0.8517168,1.42804,-0.6579247,278.3323,328.6142,144.2738,LeftController
11/21/2016 6:13:30 PM:238,0.8436127,1.450221,-0.6756585,276.3017,286.9293,185.462,LeftController
11/21/2016 6:13:30 PM:293,0.8331919,1.460651,-0.7030046,280.886,222.6829,248.3011,LeftController
11/21/2016 6:13:30 PM:360,0.8302603,1.460324,-0.7254024,288.508,197.2771,271.0811,LeftController
11/21/2016 6:13:30 PM:412,0.8327117,1.457064,-0.731113,290.2089,187.8948,280.0803,LeftController
11/21/2016 6:13:30 PM:456,0.8298085,1.453874,-0.7249882,286.6725,193.8479,276.3795,LeftController
11/21/2016 6:13:30 PM:516,0.8310244,1.449537,-0.7214924,285.0496,190.2749,280.3621,LeftController
11/21/2016 6:13:30 PM:571,0.8397064,1.443932,-0.7244154,289.3932,177.2161,292.2839,LeftController
11/21/2016 6:13:30 PM:622,0.8563933,1.430908,-0.715978,294.903,163.2341,303.8378,LeftController
11/21/2016 6:13:30 PM:673,0.8990722,1.392631,-0.6583912,300.7395,127.2215,336.3167,LeftController
11/21/2016 6:13:30 PM:739,0.9308109,1.323281,-0.5727881,315.7466,100.9419,353.5031,LeftController
11/21/2016 6:13:30 PM:794,0.9333146,1.281317,-0.5185277,324.9161,91.76997,357.3516,LeftController
11/21/2016 6:13:30 PM:827,0.9302211,1.256665,-0.4812495,328.317,84.77864,0.407804,LeftController
11/21/2016 6:13:30 PM:886,0.9144917,1.226947,-0.4371299,329.7513,80.96592,1.873052,LeftController
11/21/2016 6:13:30 PM:952,0.9026811,1.20756,-0.4050637,332.4921,72.53909,14.04884,LeftController
11/21/2016 6:13:31 PM:4,0.8979609,1.19847,-0.388984,335.0331,66.32379,22.16176,LeftController
11/21/2016 6:13:31 PM:37,0.8961694,1.192161,-0.3787643,336.8084,63.69763,28.06614,LeftController
11/21/2016 6:13:31 PM:78,0.8960316,1.187395,-0.3728645,338.9082,62.97461,31.13102,LeftController
11/21/2016 6:13:31 PM:116,0.9000189,1.188835,-0.3765579,339.1515,67.88556,24.13911,LeftController
11/21/2016 6:13:31 PM:178,0.9017913,1.186236,-0.3751335,339.1063,74.3182,20.41652,LeftController
11/21/2016 6:13:31 PM:231,0.8997493,1.182769,-0.3665792,340.6234,72.8297,26.66625,LeftController
11/21/2016 6:13:31 PM:276,0.898067,1.175325,-0.3567432,343.1454,70.39677,34.70004,LeftController
11/21/2016 6:13:31 PM:336,0.8937955,1.163226,-0.350325,345.7837,68.82115,37.56318,LeftController
11/21/2016 6:13:31 PM:404,0.8869965,1.148344,-0.3427317,348.986,66.39635,47.37077,LeftController
11/21/2016 6:13:31 PM:457,0.8882539,1.143519,-0.3463296,349.7295,67.17487,44.05384,LeftController
11/21/2016 6:13:31 PM:495,0.8899972,1.139955,-0.3503947,349.5254,67.95548,36.03309,LeftController
11/21/2016 6:13:31 PM:556,0.8911502,1.138802,-0.3458214,350.0641,65.79629,38.42693,LeftController
11/21/2016 6:13:31 PM:627,0.8932664,1.136712,-0.3417361,351.5787,63.1823,33.33372,LeftController
11/21/2016 6:13:31 PM:691,0.8995326,1.133867,-0.346014,353.531,64.94817,23.92543,LeftController
11/21/2016 6:13:31 PM:741,0.9010715,1.133154,-0.3442013,353.8959,63.61404,24.60752,LeftController
11/21/2016 6:13:31 PM:776,0.9015393,1.132476,-0.3436182,353.4829,63.28748,23.59464,LeftController
11/21/2016 6:13:31 PM:834,0.9001818,1.132458,-0.3401397,352.7777,61.37999,27.65138,LeftController
11/21/2016 6:13:31 PM:901,0.9013476,1.138978,-0.3371422,349.835,59.60053,30.66951,LeftController
11/21/2016 6:13:31 PM:953,0.906436,1.140674,-0.3389283,349.99,59.88691,25.88308,LeftController
11/21/2016 6:13:31 PM:987,0.9085999,1.141954,-0.3396589,350.2902,60.85682,23.45419,LeftController
11/21/2016 6:13:32 PM:33,0.9103661,1.146503,-0.3393086,349.5056,62.33591,19.93755,LeftController
11/21/2016 6:13:32 PM:91,0.9123313,1.157765,-0.3394712,346.5877,66.549,21.81791,LeftController
11/21/2016 6:13:32 PM:157,0.9191103,1.163972,-0.3392224,347.4574,71.5504,29.78171,LeftController
11/21/2016 6:13:32 PM:209,0.9233704,1.154459,-0.3247428,356.2482,72.39822,46.76151,LeftController
11/21/2016 6:13:32 PM:241,0.9243801,1.145757,-0.3142945,0.3644904,72.72864,48.6641,LeftController
11/21/2016 6:13:32 PM:274,0.9246082,1.14134,-0.3059051,1.52374,74.13357,43.43642,LeftController
11/21/2016 6:13:32 PM:308,0.9234302,1.135545,-0.2984765,2.258592,75.351,40.12836,LeftController
11/21/2016 6:13:32 PM:344,0.9219494,1.129213,-0.2862165,3.391626,73.82043,38.14599,LeftController
11/21/2016 6:13:32 PM:375,0.9194384,1.123436,-0.2730198,3.954071,72.6779,36.99358,LeftController
11/21/2016 6:13:32 PM:409,0.9139948,1.122976,-0.2633238,1.433662,71.69347,32.24184,LeftController
11/21/2016 6:13:32 PM:443,0.9065497,1.122527,-0.2570873,359.6875,72.22801,28.76661,LeftController
11/21/2016 6:13:32 PM:476,0.8987842,1.11922,-0.2531828,0.213134,72.55598,26.04619,LeftController
11/21/2016 6:13:32 PM:512,0.8902299,1.112801,-0.2524638,3.157618,73.7235,23.03535,LeftController
11/21/2016 6:13:32 PM:544,0.8821812,1.103374,-0.2543924,5.807694,76.18949,20.04286,LeftController
11/21/2016 6:13:32 PM:580,0.8731115,1.098237,-0.253574,5.753817,77.06646,18.17444,LeftController
11/21/2016 6:13:32 PM:612,0.862962,1.095141,-0.2507223,5.51905,77.16396,19.64549,LeftController
11/21/2016 6:13:32 PM:644,0.8555834,1.090299,-0.2493292,6.274988,77.9939,19.43549,LeftController
11/21/2016 6:13:32 PM:682,0.8480127,1.0804,-0.2438517,10.37456,77.33537,24.78678,LeftController
11/21/2016 6:13:32 PM:723,0.8399837,1.05833,-0.2328615,18.91319,75.08682,33.45865,LeftController
11/21/2016 6:13:32 PM:783,0.820071,1.013982,-0.2361985,33.80075,80.25708,58.08875,LeftController
11/21/2016 6:13:32 PM:834,0.810231,1.002184,-0.2556756,36.34237,95.09663,70.06138,LeftController
11/21/2016 6:13:32 PM:868,0.809242,1.00183,-0.2583244,33.56797,95.80374,67.26263,LeftController
11/21/2016 6:13:32 PM:901,0.8099561,1.000125,-0.2505555,30.61343,93.0284,59.5895,LeftController
11/21/2016 6:13:32 PM:934,0.8144896,0.9986236,-0.2400013,27.55568,92.07003,57.92817,LeftController
11/21/2016 6:13:32 PM:969,0.81863,0.9923307,-0.2328126,24.20607,93.34407,57.4179,LeftController
11/21/2016 6:13:33 PM:12,0.8188152,0.9634426,-0.2166674,25.75811,91.06248,55.56474,LeftController
11/21/2016 6:13:33 PM:72,0.8102305,0.9046959,-0.1935836,28.85023,90.28657,60.45205,LeftController
11/21/2016 6:13:33 PM:125,0.7958014,0.8552698,-0.1768342,30.66526,89.95839,55.21215,LeftController
11/21/2016 6:13:33 PM:159,0.7756841,0.8159845,-0.1563351,36.40992,85.41013,50.79137,LeftController
11/21/2016 6:13:33 PM:191,0.7474153,0.7793305,-0.1329008,44.11285,76.54842,45.36457,LeftController
11/21/2016 6:13:33 PM:224,0.7066038,0.7512811,-0.1150256,53.43084,67.48725,43.34626,LeftController
11/21/2016 6:13:33 PM:258,0.6698301,0.7363307,-0.1110241,60.39353,62.60432,36.2968,LeftController
11/21/2016 6:13:33 PM:292,0.6449993,0.7302502,-0.1139007,63.49639,59.68649,29.36997,LeftController
11/21/2016 6:13:33 PM:329,0.6327245,0.7320827,-0.1194986,63.83804,60.97495,35.08383,LeftController
11/21/2016 6:13:33 PM:371,0.6254067,0.7406297,-0.1324292,62.67055,70.60642,52.89279,LeftController
11/21/2016 6:13:33 PM:434,0.608777,0.7462972,-0.1456398,64.93394,75.71693,63.17361,LeftController
11/21/2016 6:13:33 PM:484,0.5995402,0.7461942,-0.1394802,64.35488,69.54662,62.96883,LeftController
11/21/2016 6:13:33 PM:526,0.5948195,0.7463497,-0.1355593,63.20281,66.61311,65.65969,LeftController
11/21/2016 6:13:33 PM:586,0.5962749,0.7502388,-0.1285688,59.7976,63.23685,66.90041,LeftController
11/21/2016 6:13:33 PM:640,0.6026964,0.7560308,-0.1311097,58.4062,68.94545,76.77532,LeftController
11/21/2016 6:13:33 PM:674,0.6103456,0.7618854,-0.1349714,56.91094,74.72882,87.77758,LeftController
11/21/2016 6:13:33 PM:732,0.6271119,0.7747586,-0.1408527,53.6232,82.81334,105.3798,LeftController
11/21/2016 6:13:33 PM:784,0.6337819,0.7758988,-0.1352121,53.26171,80.99443,108.8501,LeftController
11/21/2016 6:13:33 PM:829,0.6342709,0.7723389,-0.1300027,55.0927,77.91437,109.5933,LeftController
11/21/2016 6:13:33 PM:888,0.6306007,0.7607092,-0.1314431,60.11562,76.02967,99.57076,LeftController
11/21/2016 6:13:33 PM:940,0.6206889,0.750313,-0.1333048,64.38176,72.75352,87.88513,LeftController
11/21/2016 6:13:33 PM:977,0.6138685,0.7453482,-0.1335078,66.77647,69.02656,78.74057,LeftController
11/21/2016 6:13:34 PM:34,0.5978432,0.7378262,-0.1376327,71.27201,64.63219,69.80499,LeftController
11/21/2016 6:13:34 PM:101,0.586144,0.7337362,-0.1460081,74.6242,64.07613,60.02538,LeftController
11/21/2016 6:13:34 PM:153,0.5853822,0.7342684,-0.1478877,74.62034,63.62205,62.48206,LeftController
11/21/2016 6:13:34 PM:188,0.5869646,0.7352955,-0.1482795,73.75162,65.37193,64.8604,LeftController
11/21/2016 6:13:34 PM:246,0.5883121,0.7366413,-0.1511747,73.07173,69.27837,70.23192,LeftController
11/21/2016 6:13:34 PM:314,0.5874877,0.7379764,-0.1510413,72.50568,69.13156,71.15325,LeftController
11/21/2016 6:13:34 PM:380,0.5796664,0.7380379,-0.1495837,73.38637,66.20576,67.74194,LeftController
11/21/2016 6:13:34 PM:432,0.5683193,0.7378154,-0.1496719,74.72668,66.13732,68.01673,LeftController
11/21/2016 6:13:34 PM:477,0.5521624,0.7373035,-0.147825,76.34229,63.39883,64.95911,LeftController
11/21/2016 6:13:34 PM:536,0.5187936,0.7377516,-0.141627,79.42182,54.75231,52.96659,LeftController
11/21/2016 6:13:34 PM:605,0.485209,0.7414327,-0.1282235,81.20324,34.82864,26.36711,LeftController
11/21/2016 6:13:34 PM:653,0.4724491,0.7457476,-0.1180135,80.5908,24.67086,17.01778,LeftController
11/21/2016 6:13:34 PM:687,0.4651618,0.7485553,-0.1119646,80.12924,19.98988,13.1076,LeftController
11/21/2016 6:13:34 PM:721,0.4608059,0.750156,-0.1078765,79.7369,18.28979,12.00882,LeftController
11/21/2016 6:13:34 PM:755,0.4588084,0.7505292,-0.1055951,79.36333,17.8168,11.44632,LeftController
11/21/2016 6:13:34 PM:792,0.4608924,0.7498686,-0.1058969,79.2867,21.2386,14.95234,LeftController
11/21/2016 6:13:34 PM:847,0.4772596,0.7447597,-0.1128963,78.72562,31.24436,25.48802,LeftController
11/21/2016 6:13:34 PM:915,0.5212722,0.7367623,-0.1275067,75.55927,51.85466,45.43525,LeftController
11/21/2016 6:13:34 PM:967,0.5753994,0.7372793,-0.1339422,69.51356,62.99948,57.25435,LeftController
11/21/2016 6:13:35 PM:22,0.6299367,0.744689,-0.1366022,63.73998,71.8418,65.94341,LeftController
11/21/2016 6:13:35 PM:87,0.7643945,0.7947452,-0.1171167,45.95771,72.48181,71.39211,LeftController
11/21/2016 6:13:35 PM:154,0.8940592,0.8862314,-0.09648561,29.01201,74.25809,73.30019,LeftController
11/21/2016 6:13:35 PM:209,0.9733033,0.9701712,-0.08378088,17.17087,76.0386,76.72672,LeftController
11/21/2016 6:13:35 PM:260,1.040903,1.055738,-0.07224035,9.59474,75.98899,80.10397,LeftController
11/21/2016 6:13:35 PM:328,1.064407,1.09199,-0.0727495,5.987591,77.16913,78.4044,LeftController
11/21/2016 6:13:35 PM:380,1.064909,1.091901,-0.07544625,5.672846,77.9015,79.24049,LeftController
11/21/2016 6:13:35 PM:424,1.056647,1.07452,-0.07750583,7.290677,77.75614,79.97251,LeftController
11/21/2016 6:13:35 PM:483,1.026072,1.022284,-0.08036733,12.70247,76.71352,78.73576,LeftController
11/21/2016 6:13:35 PM:536,0.9883296,0.9710391,-0.08429766,18.85398,76.14732,77.81867,LeftController
11/21/2016 6:13:35 PM:574,0.9523141,0.9305971,-0.08727241,23.75891,75.31198,77.08266,LeftController
11/21/2016 6:13:35 PM:618,0.8922875,0.8752977,-0.0918386,31.06385,73.77129,75.31417,LeftController
11/21/2016 6:13:35 PM:701,0.7817531,0.8002712,-0.09869516,43.13908,69.17333,70.05193,LeftController
11/21/2016 6:13:35 PM:776,0.6330395,0.7452317,-0.1105386,57.69122,64.04033,59.51811,LeftController
11/21/2016 6:13:35 PM:852,0.5086026,0.7404585,-0.1221777,68.20563,61.23765,52.19742,LeftController
11/21/2016 6:13:35 PM:924,0.4140563,0.7495391,-0.1256616,76.30757,48.59089,40.68528,LeftController
11/21/2016 6:13:35 PM:983,0.3732805,0.7580116,-0.1214206,77.84406,27.82515,19.92833,LeftController
11/21/2016 6:13:36 PM:44,0.3722713,0.7591151,-0.1217153,77.54588,26.21343,19.41056,LeftController
11/21/2016 6:13:36 PM:112,0.4080906,0.7520169,-0.1239859,76.04198,36.81544,29.57528,LeftController
11/21/2016 6:13:36 PM:178,0.474807,0.7446394,-0.1283008,72.2494,50.52814,43.5436,LeftController
11/21/2016 6:13:36 PM:230,0.5360479,0.7461989,-0.1312445,67.42009,55.7781,50.7151,LeftController
11/21/2016 6:13:36 PM:273,0.6049998,0.7541372,-0.1396325,63.04229,64.19121,60.88311,LeftController
11/21/2016 6:13:36 PM:333,0.7244277,0.7839565,-0.1533089,54.40317,79.87749,73.86305,LeftController
11/21/2016 6:13:36 PM:400,0.8551321,0.846576,-0.1403537,41.75994,81.02471,71.53886,LeftController
11/21/2016 6:13:36 PM:452,0.9306412,0.9049413,-0.1250601,32.62568,78.87216,71.90252,LeftController
11/21/2016 6:13:36 PM:499,0.9924195,0.9662164,-0.116591,23.93618,78.52979,73.78512,LeftController
11/21/2016 6:13:36 PM:558,1.050678,1.043722,-0.1154487,13.9284,80.43465,77.3477,LeftController
11/21/2016 6:13:36 PM:630,1.075542,1.081711,-0.1170696,10.59343,80.92905,78.54939,LeftController
11/21/2016 6:13:36 PM:693,1.074268,1.081443,-0.120687,9.781556,80.93352,78.62014,LeftController
11/21/2016 6:13:36 PM:760,1.048442,1.041054,-0.1269341,13.25575,79.96578,80.12045,LeftController
11/21/2016 6:13:36 PM:828,0.9926641,0.9639772,-0.1361103,21.56446,78.18472,78.11491,LeftController
11/21/2016 6:13:36 PM:902,0.9016643,0.8733482,-0.146757,34.19025,75.25884,71.98402,LeftController
11/21/2016 6:13:36 PM:968,0.7846656,0.800707,-0.1556869,46.89587,69.7261,63.45693,LeftController
11/21/2016 6:13:37 PM:28,0.6649354,0.7614303,-0.1646593,58.0393,63.22545,52.19331,LeftController
11/21/2016 6:13:37 PM:94,0.5720391,0.7513376,-0.1710926,65.38251,56.62308,42.06444,LeftController
11/21/2016 6:13:37 PM:162,0.5075686,0.7513717,-0.1756788,69.43011,52.3637,37.64996,LeftController
11/21/2016 6:13:37 PM:214,0.4837792,0.7541003,-0.1745058,70.76659,49.0256,35.48753,LeftController
11/21/2016 6:13:37 PM:256,0.4712617,0.7544972,-0.1733257,71.14298,45.67323,33.62262,LeftController
11/21/2016 6:13:37 PM:324,0.4707401,0.7508452,-0.1726394,70.8744,44.90278,34.27301,LeftController
11/21/2016 6:13:37 PM:369,0.4885995,0.7453647,-0.174021,70.14048,47.59744,36.82632,LeftController
11/21/2016 6:13:37 PM:414,0.516135,0.7403848,-0.1768866,69.00487,52.61608,40.91691,LeftController
11/21/2016 6:13:37 PM:475,0.5766912,0.7374196,-0.1823484,65.462,63.34416,50.34518,LeftController
11/21/2016 6:13:37 PM:541,0.6536064,0.7504286,-0.1842619,59.72507,71.87663,57.84058,LeftController
11/21/2016 6:13:37 PM:594,0.7109468,0.766535,-0.1844771,54.43582,77.05378,64.15873,LeftController
11/21/2016 6:13:37 PM:638,0.7676089,0.7877837,-0.1815912,47.60476,80.51081,67.82662,LeftController
11/21/2016 6:13:37 PM:696,0.8399949,0.8248479,-0.1722689,37.91803,82.03427,69.67048,LeftController
11/21/2016 6:13:37 PM:763,0.8865585,0.8579717,-0.1598547,31.95638,81.91658,72.59972,LeftController
11/21/2016 6:13:37 PM:816,0.9024286,0.8705894,-0.1543056,29.76045,83.33414,74.58623,LeftController
11/21/2016 6:13:37 PM:860,0.9100354,0.8768488,-0.147519,28.14653,84.10452,74.87865,LeftController
11/21/2016 6:13:37 PM:920,0.9018412,0.8676642,-0.1347939,29.99634,82.95659,72.95033,LeftController
11/21/2016 6:13:37 PM:987,0.8688009,0.8423367,-0.1216722,34.79805,79.42314,69.59994,LeftController
11/21/2016 6:13:38 PM:40,0.83482,0.8220545,-0.1163007,38.2358,76.5508,67.01029,LeftController
11/21/2016 6:13:38 PM:72,0.8022537,0.8067579,-0.1147536,41.23182,73.74795,65.48683,LeftController
11/21/2016 6:13:38 PM:106,0.7652743,0.7914491,-0.1167202,45.31469,71.36848,63.19372,LeftController
11/21/2016 6:13:38 PM:274,0.5786994,0.7359024,-0.1559173,66.67988,71.2262,50.23372,LeftController
11/21/2016 6:13:38 PM:333,0.540786,0.7353486,-0.1641206,71.05432,69.49945,43.83198,LeftController
11/21/2016 6:13:38 PM:401,0.53741,0.7388457,-0.1698077,69.86721,72.46704,49.45259,LeftController
11/21/2016 6:13:38 PM:453,0.5502641,0.741073,-0.1722517,67.63487,75.57798,53.64229,LeftController
11/21/2016 6:13:38 PM:497,0.5667078,0.7419018,-0.1707875,65.42429,75.17626,53.63105,LeftController
11/21/2016 6:13:38 PM:556,0.6001921,0.7448726,-0.1674323,61.84086,73.39484,51.65855,LeftController
11/21/2016 6:13:38 PM:624,0.6415303,0.7534572,-0.1695176,57.18583,74.7624,52.02799,LeftController
11/21/2016 6:13:38 PM:676,0.6707883,0.7634689,-0.1761098,53.37742,78.2354,51.46688,LeftController
11/21/2016 6:13:38 PM:715,0.6904714,0.7715203,-0.1838849,50.87792,81.56074,51.19127,LeftController
11/21/2016 6:13:38 PM:770,0.7214637,0.7861522,-0.20401,46.49904,89.53848,50.81001,LeftController
11/21/2016 6:13:38 PM:836,0.7394392,0.7971473,-0.223474,42.34723,96.47433,47.63447,LeftController
11/21/2016 6:13:38 PM:888,0.741667,0.7971271,-0.2298139,41.63007,97.27768,48.38804,LeftController
11/21/2016 6:13:38 PM:933,0.7361031,0.7922497,-0.2358286,42.94205,98.84921,49.48345,LeftController
11/21/2016 6:13:38 PM:992,0.7143629,0.7780358,-0.247579,48.99773,106.2257,54.85624,LeftController
11/21/2016 6:13:39 PM:45,0.6972806,0.7693596,-0.2502834,53.10306,112.6979,57.87992,LeftController
11/21/2016 6:13:39 PM:89,0.6897247,0.7641209,-0.2437842,55.65171,113.4947,57.11715,LeftController
11/21/2016 6:13:39 PM:149,0.6979632,0.7638644,-0.2241676,54.14874,105.0029,52.76287,LeftController
11/21/2016 6:13:39 PM:216,0.7209382,0.7754325,-0.2027899,47.58659,96.42381,46.2723,LeftController
11/21/2016 6:13:39 PM:270,0.7473147,0.7956787,-0.1885117,39.78497,90.35543,48.25158,LeftController
11/21/2016 6:13:39 PM:312,0.7789645,0.8302505,-0.1761084,28.27574,86.10552,48.20769,LeftController
11/21/2016 6:13:39 PM:372,0.8322449,0.9306045,-0.1609755,358.271,82.77115,36.2433,LeftController
11/21/2016 6:13:39 PM:439,0.8462439,1.065737,-0.1493756,325.4897,78.49677,36.47683,LeftController
11/21/2016 6:13:39 PM:491,0.8518414,1.127835,-0.1592624,315.1315,83.04389,27.10414,LeftController
11/21/2016 6:13:39 PM:525,0.8554156,1.164963,-0.1669343,309.399,87.08747,25.96847,LeftController
11/21/2016 6:13:39 PM:569,0.8560297,1.210129,-0.1751068,302.387,91.50855,20.21132,LeftController
11/21/2016 6:13:39 PM:629,0.8504076,1.265036,-0.1779003,293.3463,93.67133,16.2455,LeftController
11/21/2016 6:13:39 PM:681,0.8421404,1.288637,-0.1765885,288.8102,90.69263,16.34948,LeftController
11/21/2016 6:13:39 PM:716,0.8355339,1.300871,-0.1766794,285.7436,90.41154,16.67929,LeftController
11/21/2016 6:13:39 PM:774,0.8292682,1.314357,-0.1775657,283.561,90.90624,15.77946,LeftController
11/21/2016 6:13:39 PM:841,0.8282692,1.314697,-0.1731431,283.7285,86.48359,21.43581,LeftController
11/21/2016 6:13:39 PM:894,0.8302963,1.311435,-0.169444,284.8878,83.8537,24.58322,LeftController
11/21/2016 6:13:39 PM:927,0.8288476,1.309411,-0.1674904,284.9971,83.55135,24.82352,LeftController
11/21/2016 6:13:39 PM:986,0.8268058,1.306342,-0.1651719,285.5784,85.69617,22.39713,LeftController
11/21/2016 6:13:40 PM:53,0.8232262,1.305138,-0.1609797,285.3281,82.03349,26.03099,LeftController
11/21/2016 6:13:40 PM:104,0.8236234,1.302828,-0.1579827,286.4031,77.26585,31.03728,LeftController
11/21/2016 6:13:40 PM:139,0.8230848,1.301343,-0.1576643,286.4325,75.80821,32.66234,LeftController
11/21/2016 6:13:40 PM:184,0.8237188,1.300048,-0.1589913,286.8087,76.11031,33.30759,LeftController
11/21/2016 6:13:40 PM:243,0.8236897,1.297639,-0.1633264,287.0283,79.1546,30.56281,LeftController
11/21/2016 6:13:40 PM:309,0.8237131,1.296772,-0.1662439,287.1446,80.57331,29.74695,LeftController
11/21/2016 6:13:40 PM:362,0.8234627,1.296535,-0.1675349,287.0084,81.93536,28.61801,LeftController
11/21/2016 6:13:40 PM:406,0.8228824,1.296353,-0.1678786,287.134,82.14401,28.43682,LeftController
11/21/2016 6:13:40 PM:466,0.8214064,1.295778,-0.1668259,287.1133,79.97484,30.8435,LeftController
11/21/2016 6:13:40 PM:545,0.8233843,1.293507,-0.1681772,287.6635,83.14828,27.72439,LeftController
11/21/2016 6:13:40 PM:611,0.8225138,1.292879,-0.1674286,287.9017,80.69197,30.24892,LeftController
11/21/2016 6:13:40 PM:663,0.822829,1.291779,-0.1678097,288.3154,79.98959,31.11466,LeftController
11/21/2016 6:13:40 PM:708,0.8240678,1.290226,-0.1695813,288.7722,81.6998,29.45939,LeftController
11/21/2016 6:13:40 PM:768,0.8261812,1.291095,-0.170585,288.7554,81.51768,29.77754,LeftController
11/21/2016 6:13:40 PM:820,0.8284607,1.292744,-0.1709454,288.9531,81.18195,30.24317,LeftController
11/21/2016 6:13:40 PM:864,0.8286695,1.29413,-0.172084,288.5652,82.38337,29.1245,LeftController
11/21/2016 6:13:40 PM:923,0.8271954,1.299129,-0.1733724,287.53,81.10881,32.96327,LeftController
11/21/2016 6:13:40 PM:976,0.8296528,1.304663,-0.1725031,289.2855,75.42654,44.69482,LeftController
11/21/2016 6:13:41 PM:12,0.8338873,1.311085,-0.1697614,292.7467,68.54606,58.93698,LeftController
11/21/2016 6:13:41 PM:54,0.8461134,1.325425,-0.1599777,302.6105,57.25897,91.8269,LeftController
11/21/2016 6:13:41 PM:114,0.8479044,1.35918,-0.1563624,312.2434,53.12389,129.2487,LeftController
11/21/2016 6:13:41 PM:166,0.8273945,1.401099,-0.1641905,304.5667,49.93938,142.66,LeftController
11/21/2016 6:13:41 PM:210,0.809752,1.434474,-0.1771824,296.9521,49.40161,148.6967,LeftController
11/21/2016 6:13:41 PM:274,0.7937829,1.458294,-0.1841038,292.7908,45.32182,157.1731,LeftController
11/21/2016 6:13:41 PM:338,0.7940147,1.466096,-0.1854552,293.2322,42.01061,159.3055,LeftController
11/21/2016 6:13:41 PM:390,0.7913935,1.473772,-0.1921861,291.7647,42.56391,159.6272,LeftController
11/21/2016 6:13:41 PM:423,0.7956574,1.485902,-0.2019432,289.8443,45.32929,154.8636,LeftController
11/21/2016 6:13:41 PM:456,0.7931147,1.49834,-0.2113123,288.019,47.86549,152.3217,LeftController
11/21/2016 6:13:41 PM:501,0.7801566,1.516993,-0.2261438,284.1758,46.74471,153.1926,LeftController
11/21/2016 6:13:41 PM:561,0.7468996,1.543984,-0.2497061,276.8182,32.15031,169.5537,LeftController
11/21/2016 6:13:41 PM:612,0.7130632,1.551938,-0.2619159,276.6364,316.8972,252.606,LeftController
11/21/2016 6:13:41 PM:648,0.6983955,1.555781,-0.2726368,277.5954,287.3314,284.8293,LeftController
11/21/2016 6:13:41 PM:691,0.6893561,1.558476,-0.279346,279.2948,280.6761,292.3439,LeftController
11/21/2016 6:13:41 PM:751,0.6882479,1.560516,-0.2795922,279.3774,286.7741,288.8942,LeftController
11/21/2016 6:13:41 PM:803,0.6918066,1.560344,-0.2786856,278.9634,289.6563,285.1408,LeftController
11/21/2016 6:13:41 PM:836,0.6954684,1.560034,-0.2774291,278.2854,294.3394,280.8205,LeftController
11/21/2016 6:13:41 PM:870,0.6981578,1.55917,-0.2763904,277.6629,299.0311,276.4015,LeftController
11/21/2016 6:13:41 PM:903,0.7013175,1.55869,-0.2754465,276.6567,304.6376,272.1608,LeftController
11/21/2016 6:13:41 PM:941,0.7049196,1.558574,-0.2753611,275.3276,318.6232,259.9171,LeftController
11/21/2016 6:13:41 PM:982,0.7230976,1.559303,-0.2739705,278.915,61.23158,170.897,LeftController
11/21/2016 6:13:42 PM:42,0.7549078,1.550253,-0.2648417,294.5254,70.65222,180.8621,LeftController
11/21/2016 6:13:42 PM:93,0.7542019,1.546951,-0.2616817,293.5016,69.36974,185.6871,LeftController
11/21/2016 6:13:42 PM:128,0.7522838,1.545645,-0.2598795,293.72,67.49812,190.6039,LeftController
11/21/2016 6:13:42 PM:161,0.7501142,1.545133,-0.2598698,293.8286,66.78099,194.411,LeftController
11/21/2016 6:13:42 PM:219,0.7404175,1.546755,-0.2625048,291.5079,63.80779,198.3018,LeftController
11/21/2016 6:13:42 PM:272,0.7356584,1.547794,-0.2676929,289.8484,65.50907,196.7088,LeftController
11/21/2016 6:13:42 PM:316,0.7347648,1.547512,-0.2734609,289.5875,68.99323,194.7945,LeftController
11/21/2016 6:13:42 PM:376,0.7414296,1.543686,-0.2919998,292.747,82.58032,188.958,LeftController
11/21/2016 6:13:42 PM:428,0.7445605,1.538694,-0.3157269,294.8876,96.7589,175.6283,LeftController
11/21/2016 6:13:42 PM:466,0.7416308,1.536779,-0.3256168,294.7918,101.1968,170.416,LeftController
11/21/2016 6:13:42 PM:521,0.7373154,1.531109,-0.3255621,293.0327,100.7807,174.2191,LeftController
11/21/2016 6:13:42 PM:588,0.7360563,1.536652,-0.3178546,292.7905,96.327,177.0307,LeftController
11/21/2016 6:13:42 PM:643,0.7371426,1.538059,-0.3139071,293.2237,93.88149,179.5946,LeftController
11/21/2016 6:13:42 PM:686,0.7368436,1.538638,-0.3107287,292.9538,91.79831,180.5367,LeftController
11/21/2016 6:13:42 PM:747,0.7352345,1.538857,-0.3091425,292.305,91.08372,180.6311,LeftController
11/21/2016 6:13:42 PM:813,0.7363355,1.539102,-0.3083837,292.5097,89.91866,182.6594,LeftController
11/21/2016 6:13:42 PM:865,0.7364235,1.541721,-0.3062742,292.2471,87.85058,183.6015,LeftController
11/21/2016 6:13:42 PM:899,0.731962,1.55081,-0.2964501,290.162,82.24812,185.8576,LeftController
11/21/2016 6:13:42 PM:958,0.7091026,1.576378,-0.2550168,287.1569,47.69823,224.1297,LeftController
11/21/2016 6:13:43 PM:23,0.6926098,1.590787,-0.2396059,286.4653,27.07508,244.1927,LeftController
11/21/2016 6:13:43 PM:76,0.6926007,1.591278,-0.2506627,284.2825,32.63452,237.8457,LeftController
11/21/2016 6:13:43 PM:110,0.6954019,1.588247,-0.2583816,283.7541,40.27695,230.7564,LeftController
11/21/2016 6:13:43 PM:169,0.6988704,1.582412,-0.2653126,284.0438,47.44242,224.3635,LeftController
11/21/2016 6:13:43 PM:221,0.6997423,1.580619,-0.2634292,285.0193,46.08179,226.6559,LeftController
11/21/2016 6:13:43 PM:257,0.7011604,1.579927,-0.2623634,285.9289,45.92538,227.21,LeftController
11/21/2016 6:13:43 PM:302,0.7025719,1.579546,-0.2626008,286.3152,47.44812,225.8777,LeftController
11/21/2016 6:13:43 PM:363,0.7022374,1.579723,-0.2634183,285.7649,48.74073,223.5708,LeftController
11/21/2016 6:13:43 PM:428,0.7002079,1.579951,-0.2600522,285.7833,46.04009,225.6835,LeftController
11/21/2016 6:13:43 PM:505,0.6961672,1.579286,-0.2558252,285.5341,35.77898,228.9223,LeftController
11/21/2016 6:13:43 PM:548,0.6839216,1.576951,-0.2464645,289.7661,353.9937,222.5146,LeftController
11/21/2016 6:13:43 PM:726,0.6671641,1.566046,-0.2573217,290.9302,310.2285,233.6425,LeftController
11/21/2016 6:13:43 PM:772,0.6636236,1.564833,-0.2628719,289.3553,313.8604,239.0715,LeftController
11/21/2016 6:13:43 PM:829,0.6664376,1.566662,-0.2629246,288.3609,316.0729,237.8675,LeftController
11/21/2016 6:13:43 PM:881,0.6656067,1.565055,-0.2614775,289.2916,311.8806,238.1869,LeftController
11/21/2016 6:13:43 PM:920,0.6641693,1.563594,-0.2602127,289.7868,307.941,237.8914,LeftController
11/21/2016 6:13:43 PM:960,0.6634727,1.560818,-0.2496262,292.0419,310.2634,230.0333,LeftController
11/21/2016 6:13:44 PM:19,0.665549,1.558444,-0.2291396,294.6954,319.1611,220.3345,LeftController
11/21/2016 6:13:44 PM:73,0.6625297,1.55608,-0.218143,298.0405,320.0584,216.4005,LeftController
11/21/2016 6:13:44 PM:115,0.6626246,1.555688,-0.2130858,299.37,322.3246,215.9795,LeftController
11/21/2016 6:13:44 PM:174,0.6713958,1.559731,-0.2242355,293.4035,323.8673,218.4407,LeftController
11/21/2016 6:13:44 PM:226,0.6724174,1.559096,-0.2418069,288.0851,310.0469,230.3849,LeftController
11/21/2016 6:13:44 PM:260,0.6657019,1.555749,-0.245392,288.9969,299.2315,240.9411,LeftController
11/21/2016 6:13:44 PM:302,0.6619711,1.554859,-0.2433387,289.0197,297.8456,246.4483,LeftController
11/21/2016 6:13:44 PM:355,0.6614399,1.557312,-0.2282116,289.6088,310.7936,239.0063,LeftController
11/21/2016 6:13:44 PM:421,0.6603372,1.562859,-0.219649,290.3766,307.8342,241.8983,LeftController
11/21/2016 6:13:44 PM:484,0.6556435,1.569488,-0.2220541,288.9364,294.9465,253.521,LeftController
11/21/2016 6:13:44 PM:520,0.6456282,1.575513,-0.2220428,289.394,281.9421,268.8165,LeftController
11/21/2016 6:13:44 PM:581,0.6368363,1.583954,-0.2239313,288.4311,263.1062,296.0066,LeftController
11/21/2016 6:13:44 PM:628,0.6286967,1.584083,-0.2252144,291.1202,255.6758,304.7456,LeftController
11/21/2016 6:13:44 PM:661,0.6277196,1.584736,-0.2260556,290.9697,250.2789,312.5151,LeftController
11/21/2016 6:13:44 PM:697,0.6256065,1.583957,-0.2268904,291.7242,247.4004,316.741,LeftController
11/21/2016 6:13:44 PM:742,0.622735,1.582456,-0.2271227,292.702,246.1333,318.0385,LeftController
11/21/2016 6:13:44 PM:800,0.6214883,1.580401,-0.2243367,292.2726,248.7137,319.9885,LeftController
11/21/2016 6:13:44 PM:854,0.6203129,1.577544,-0.2251402,293.1512,248.9383,320.5772,LeftController
11/21/2016 6:13:44 PM:898,0.618752,1.573308,-0.2284551,294.5075,245.5808,325.6217,LeftController
11/21/2016 6:13:44 PM:957,0.6178861,1.567834,-0.2347152,296.6511,239.939,332.4644,LeftController
11/21/2016 6:13:45 PM:9,0.618609,1.563962,-0.2364311,297.6168,236.2948,337.6274,LeftController
11/21/2016 6:13:45 PM:55,0.6197753,1.559793,-0.2343054,297.8255,234.5099,340.2436,LeftController
11/21/2016 6:13:45 PM:114,0.6245167,1.553777,-0.2237035,296.2532,236.6546,339.9888,LeftController
11/21/2016 6:13:45 PM:183,0.6379075,1.542409,-0.208537,291.9245,238.8453,343.8447,LeftController
11/21/2016 6:13:45 PM:233,0.6524191,1.527091,-0.2008141,288.2898,240.6027,346.3646,LeftController
11/21/2016 6:13:45 PM:273,0.6701393,1.512016,-0.1970406,284.5205,233.96,353.5235,LeftController
11/21/2016 6:13:45 PM:317,0.6982682,1.488509,-0.1957798,279.679,198.6272,26.47067,LeftController
11/21/2016 6:13:45 PM:377,0.7250898,1.44751,-0.1986262,282.3296,142.7349,83.20757,LeftController
11/21/2016 6:13:45 PM:443,0.7123115,1.43008,-0.2100683,283.1492,142.0061,87.25771,LeftController
11/21/2016 6:13:45 PM:497,0.6991742,1.432139,-0.216688,280.9932,148.9426,84.32968,LeftController
11/21/2016 6:13:45 PM:541,0.69842,1.432503,-0.2223197,281.1287,151.9467,81.17114,LeftController
11/21/2016 6:13:45 PM:603,0.7096069,1.428805,-0.2282162,282.0403,147.6063,85.49977,LeftController
11/21/2016 6:13:45 PM:669,0.7226796,1.425003,-0.233236,282.6491,137.9171,97.97726,LeftController
11/21/2016 6:13:45 PM:729,0.7275858,1.423311,-0.2448303,283.5076,139.793,97.5346,LeftController
11/21/2016 6:13:45 PM:796,0.7359755,1.421405,-0.2589064,285.9993,133.8413,104.8932,LeftController
11/21/2016 6:13:45 PM:849,0.7391887,1.419383,-0.2663181,286.3799,128.8931,110.2063,LeftController
11/21/2016 6:13:45 PM:898,0.7415571,1.416472,-0.2754507,287.6743,125.9798,115.6787,LeftController
11/21/2016 6:13:45 PM:952,0.7414088,1.416335,-0.2869414,287.7469,122.6727,120.7084,LeftController
11/21/2016 6:13:46 PM:20,0.7401073,1.420518,-0.2968423,286.7478,121.9251,123.4439,LeftController
11/21/2016 6:13:46 PM:73,0.7401481,1.423919,-0.3031386,286.5945,121.5197,125.248,LeftController
11/21/2016 6:13:46 PM:119,0.7405763,1.428682,-0.3077266,285.727,119.8389,127.6773,LeftController
11/21/2016 6:13:46 PM:193,0.7446256,1.434558,-0.3160722,286.2726,117.9157,132.409,LeftController
11/21/2016 6:13:46 PM:247,0.7458925,1.439504,-0.324764,286.1431,119.0144,132.5655,LeftController
11/21/2016 6:13:46 PM:309,0.7449956,1.443047,-0.332288,285.4987,122.3789,130.2557,LeftController
11/21/2016 6:13:46 PM:362,0.7452009,1.444759,-0.3354155,285.2646,122.3526,131.0649,LeftController
11/21/2016 6:13:46 PM:397,0.7449422,1.446182,-0.3371897,284.947,122.9195,130.6039,LeftController
11/21/2016 6:13:46 PM:454,0.7436762,1.449083,-0.3393545,284.1956,123.5157,130.2842,LeftController
11/21/2016 6:13:46 PM:524,0.7427914,1.452048,-0.3391483,283.3923,123.057,130.1359,LeftController
11/21/2016 6:13:46 PM:593,0.7419164,1.453979,-0.3398391,283.3176,123.8443,130.2183,LeftController
11/21/2016 6:13:46 PM:656,0.740885,1.454539,-0.3416642,283.4552,127.8735,126.8383,LeftController
11/21/2016 6:13:46 PM:726,0.7406774,1.454507,-0.3422004,283.3395,128.9754,125.9968,LeftController
11/21/2016 6:13:46 PM:777,0.7408218,1.454395,-0.3427131,283.3747,129.6153,125.7618,LeftController
11/21/2016 6:13:46 PM:819,0.7417541,1.454551,-0.3436018,283.5379,129.7885,125.7624,LeftController
11/21/2016 6:13:46 PM:887,0.7422457,1.454678,-0.3450778,283.5554,130.0219,126.6695,LeftController
11/21/2016 6:13:46 PM:955,0.7416637,1.454437,-0.3477226,283.6937,132.5011,123.7674,LeftController
11/21/2016 6:13:47 PM:20,0.7404406,1.454021,-0.3479011,283.575,133.8465,123.0854,LeftController
11/21/2016 6:13:47 PM:94,0.7407234,1.453427,-0.3478554,283.9112,132.9261,123.988,LeftController
11/21/2016 6:13:47 PM:149,0.7395823,1.452887,-0.3469164,283.7054,132.6381,124.1194,LeftController
11/21/2016 6:13:47 PM:215,0.7377949,1.453783,-0.3456218,283.3478,132.0353,124.7665,LeftController
11/21/2016 6:13:47 PM:268,0.7364345,1.455276,-0.344822,282.9322,130.7344,126.4271,LeftController
11/21/2016 6:13:47 PM:304,0.7356935,1.455989,-0.3453486,282.8953,130.9859,126.365,LeftController
11/21/2016 6:13:47 PM:361,0.7344596,1.45857,-0.3462361,282.6148,131.1227,125.5529,LeftController
11/21/2016 6:13:47 PM:427,0.7354848,1.46265,-0.3459023,282.545,127.6841,128.3987,LeftController
11/21/2016 6:13:47 PM:480,0.737536,1.466443,-0.3444936,282.7063,122.5577,134.6084,LeftController
11/21/2016 6:13:47 PM:523,0.7394545,1.470757,-0.3420129,282.6407,115.2871,142.6334,LeftController
11/21/2016 6:13:47 PM:585,0.7425485,1.47471,-0.3396378,283.2574,108.2327,151.3922,LeftController
11/21/2016 6:13:47 PM:649,0.7416155,1.476567,-0.3393,283.4931,106.5229,153.7527,LeftController
11/21/2016 6:13:47 PM:701,0.7365937,1.477529,-0.3407131,283.0188,108.7181,153.1617,LeftController
11/21/2016 6:13:47 PM:737,0.7325959,1.477359,-0.3420819,282.6093,111.7161,151.4331,LeftController
11/21/2016 6:13:47 PM:796,0.7289693,1.474439,-0.3471333,283.0149,117.7683,146.9586,LeftController
11/21/2016 6:13:47 PM:862,0.7331245,1.469596,-0.3541051,285.5588,120.3054,145.4303,LeftController
11/21/2016 6:13:47 PM:914,0.7356322,1.467762,-0.3543286,286.3638,117.6244,148.1379,LeftController
11/21/2016 6:13:47 PM:960,0.7355623,1.467868,-0.3528255,286.4381,114.9285,151.4851,LeftController
11/21/2016 6:13:48 PM:19,0.7329614,1.469193,-0.3500016,285.5078,112.9652,153.713,LeftController
11/21/2016 6:13:48 PM:85,0.7319791,1.469368,-0.3501283,285.2838,114.493,151.202,LeftController
11/21/2016 6:13:48 PM:137,0.7330542,1.46788,-0.3507589,285.7725,116.0218,149.7999,LeftController
11/21/2016 6:13:48 PM:185,0.7354643,1.467212,-0.3491687,286.3396,112.5509,153.6862,LeftController
11/21/2016 6:13:48 PM:245,0.7362568,1.467554,-0.3508071,286.5478,112.8604,152.6469,LeftController
11/21/2016 6:13:48 PM:312,0.7315052,1.468326,-0.3502761,285.2599,114.918,151.0788,LeftController
11/21/2016 6:13:48 PM:366,0.7291586,1.46924,-0.3465654,284.3231,109.9078,156.8656,LeftController
11/21/2016 6:13:48 PM:406,0.7269177,1.469441,-0.3444593,283.24,108.6141,158.6622,LeftController
11/21/2016 6:13:48 PM:466,0.7309523,1.467967,-0.3472617,283.8665,111.2947,154.2105,LeftController
11/21/2016 6:13:48 PM:533,0.7362912,1.466534,-0.3434529,284.3505,103.2769,162.4612,LeftController
11/21/2016 6:13:48 PM:586,0.740401,1.464235,-0.3455505,286.2032,103.4882,162.8935,LeftController
11/21/2016 6:13:48 PM:635,0.7403929,1.462494,-0.3474325,285.9893,104.1959,160.513,LeftController
11/21/2016 6:13:48 PM:694,0.739151,1.463238,-0.3462613,285.344,104.9203,159.7514,LeftController
11/21/2016 6:13:48 PM:765,0.7420323,1.46052,-0.34842,287.1678,103.3464,162.596,LeftController
11/21/2016 6:13:48 PM:829,0.7384231,1.456002,-0.3533713,285.963,109.6905,152.8674,LeftController
11/21/2016 6:13:48 PM:898,0.7397239,1.453765,-0.3487171,285.4327,102.2302,155.5587,LeftController
11/21/2016 6:13:48 PM:964,0.7456319,1.453509,-0.3390567,285.4599,83.55794,158.5797,LeftController
11/21/2016 6:13:49 PM:27,0.7486734,1.450127,-0.3295293,284.5154,64.14374,153.2682,LeftController
11/21/2016 6:13:49 PM:95,0.7399943,1.445709,-0.3250921,280.5082,48.6481,156.3219,LeftController
11/21/2016 6:13:49 PM:147,0.7378352,1.442389,-0.3216835,281.6273,35.67783,165.905,LeftController
11/21/2016 6:13:49 PM:188,0.7443039,1.438629,-0.3230817,283.3879,44.3474,159.5349,LeftController
11/21/2016 6:13:49 PM:249,0.7481835,1.436269,-0.3236187,284.2296,46.29,156.7254,LeftController
11/21/2016 6:13:49 PM:314,0.7492177,1.437451,-0.3224797,285.1605,44.16846,159.0877,LeftController
11/21/2016 6:13:49 PM:367,0.7482524,1.439472,-0.3236634,284.4661,44.49449,159.5319,LeftController
11/21/2016 6:13:49 PM:413,0.7450256,1.441998,-0.3234683,283.541,40.3996,161.8463,LeftController
11/21/2016 6:13:49 PM:472,0.7419946,1.445336,-0.3222702,283.2831,37.67688,165.3349,LeftController
11/21/2016 6:13:49 PM:542,0.7398167,1.4472,-0.3344376,279.3791,57.17197,147.6588,LeftController
11/21/2016 6:13:49 PM:594,0.7348828,1.444776,-0.3567389,277.6013,123.6303,82.15071,LeftController
11/21/2016 6:13:49 PM:637,0.7246459,1.443154,-0.3603379,275.6248,150.2165,54.7382,LeftController
11/21/2016 6:13:49 PM:698,0.7327483,1.44506,-0.3440182,278.5749,74.40048,135.3251,LeftController
11/21/2016 6:13:49 PM:762,0.7436972,1.443918,-0.3332125,283.0936,64.30102,144.6608,LeftController
11/21/2016 6:13:49 PM:814,0.742316,1.440629,-0.3459591,280.9909,91.04877,119.5634,LeftController
11/21/2016 6:13:49 PM:859,0.7347565,1.438835,-0.3555542,278.9004,119.4935,89.13801,LeftController
11/21/2016 6:13:49 PM:919,0.7345741,1.439575,-0.3451753,279.3963,91.84502,119.2522,LeftController
11/21/2016 6:13:49 PM:989,0.7550218,1.435913,-0.317174,288.7351,60.81321,151.0082,LeftController
11/21/2016 6:13:50 PM:40,0.7671852,1.426623,-0.3088289,290.844,65.47569,143.6475,LeftController
11/21/2016 6:13:50 PM:87,0.776732,1.413751,-0.3062814,292.099,75.80497,126.8363,LeftController
11/21/2016 6:13:50 PM:146,0.7811561,1.393437,-0.2991199,294.7423,87.71083,110.3554,LeftController
11/21/2016 6:13:50 PM:213,0.7689219,1.38171,-0.2855746,295.6353,86.53905,112.6535,LeftController
11/21/2016 6:13:50 PM:261,0.764035,1.37564,-0.2803601,296.9448,86.34898,113.6511,LeftController
11/21/2016 6:13:50 PM:306,0.7593153,1.371563,-0.2759573,297.0378,85.06982,114.1552,LeftController
11/21/2016 6:13:50 PM:363,0.7607036,1.363819,-0.274022,299.04,85.14362,115.2937,LeftController
11/21/2016 6:13:50 PM:432,0.7755632,1.347231,-0.2747011,303.0768,86.29521,112.9662,LeftController
11/21/2016 6:13:50 PM:483,0.7957609,1.319911,-0.2778349,310.9638,90.4253,111.6988,LeftController
11/21/2016 6:13:50 PM:528,0.8258693,1.272045,-0.2838272,327.3688,95.12616,108.8809,LeftController
11/21/2016 6:13:50 PM:588,0.8514078,1.160818,-0.2835861,358.3648,97.03901,105.8764,LeftController
11/21/2016 6:13:50 PM:654,0.8263679,1.026035,-0.2671149,24.99903,94.92386,109.575,LeftController
11/21/2016 6:13:50 PM:707,0.7918942,0.9468027,-0.2476002,39.88588,90.31746,103.6399,LeftController
11/21/2016 6:13:50 PM:751,0.7538321,0.883328,-0.2283915,50.64467,85.53182,96.15765,LeftController
11/21/2016 6:13:50 PM:814,0.6996527,0.8191348,-0.1979146,63.03079,73.51968,73.55055,LeftController
11/21/2016 6:13:50 PM:880,0.6612821,0.7888578,-0.1823537,68.07953,72.32523,71.58334,LeftController
11/21/2016 6:13:50 PM:948,0.6392915,0.778137,-0.1795623,68.84973,82.84886,76.4318,LeftController
11/21/2016 6:13:51 PM:14,0.6119599,0.7667028,-0.176036,73.28606,87.90539,80.46812,LeftController
11/21/2016 6:13:51 PM:83,0.6007721,0.7593884,-0.1680919,72.9914,83.2877,71.06248,LeftController
11/21/2016 6:13:51 PM:142,0.5941408,0.7512347,-0.1628802,70.44888,84.29633,63.36142,LeftController
11/21/2016 6:13:51 PM:215,0.593214,0.7465492,-0.1557196,67.79095,86.7861,27.83579,LeftController
11/21/2016 6:13:51 PM:282,0.5934074,0.745042,-0.1571372,70.09471,88.59231,12.88098,LeftController
11/21/2016 6:13:51 PM:335,0.5960746,0.7454815,-0.1658309,70.59966,95.20605,22.9861,LeftController
11/21/2016 6:13:51 PM:379,0.5954621,0.7451314,-0.1694899,72.49129,96.33338,31.49732,LeftController
11/21/2016 6:13:51 PM:440,0.5969298,0.7459562,-0.1756694,73.97433,100.9225,39.60062,LeftController
11/21/2016 6:13:51 PM:506,0.6015751,0.7457744,-0.1788979,73.35997,101.3445,36.94105,LeftController
11/21/2016 6:13:51 PM:558,0.6047513,0.7459403,-0.1801677,72.12379,100.5325,35.66202,LeftController
11/21/2016 6:13:51 PM:601,0.6032026,0.744702,-0.1798328,72.87085,97.605,38.73969,LeftController
11/21/2016 6:13:51 PM:662,0.6040974,0.7432985,-0.1800334,72.06236,94.22344,54.03849,LeftController
11/21/2016 6:13:51 PM:730,0.6084192,0.7454169,-0.1823373,70.20892,94.52629,74.59079,LeftController
11/21/2016 6:13:51 PM:782,0.6123958,0.7477508,-0.1806421,68.96306,91.9537,77.07428,LeftController
11/21/2016 6:13:51 PM:825,0.6142206,0.7484204,-0.1773801,68.93365,87.12215,77.28908,LeftController
11/21/2016 6:13:51 PM:885,0.6159184,0.7485927,-0.1735831,68.69037,82.66735,82.77166,LeftController
11/21/2016 6:13:51 PM:960,0.6159391,0.7484667,-0.1722926,69.04343,80.19002,87.28645,LeftController
11/21/2016 6:13:52 PM:20,0.6135068,0.7486266,-0.1730961,69.67657,80.63125,92.10518,LeftController
11/21/2016 6:13:52 PM:86,0.6086609,0.7473868,-0.1746435,71.27927,81.38506,93.67979,LeftController
11/21/2016 6:13:52 PM:155,0.6044285,0.7460202,-0.1742086,71.8839,80.75346,91.02702,LeftController
11/21/2016 6:13:52 PM:206,0.6007943,0.7448419,-0.175117,73.03218,81.92825,92.99297,LeftController
11/21/2016 6:13:52 PM:256,0.5988958,0.7445419,-0.1767964,73.16965,83.63728,93.94967,LeftController
11/21/2016 6:13:52 PM:321,0.5960321,0.7445542,-0.1797111,73.82005,86.84369,97.06674,LeftController
11/21/2016 6:13:52 PM:388,0.5953269,0.7452369,-0.1840506,74.02374,92.50417,99.66835,LeftController
11/21/2016 6:13:52 PM:441,0.5954614,0.7452501,-0.1856576,74.04678,94.30272,100.678,LeftController
11/21/2016 6:13:52 PM:485,0.596375,0.744826,-0.1846325,74.05469,92.57155,97.29045,LeftController
11/21/2016 6:13:52 PM:544,0.5962317,0.7437736,-0.1854895,74.43446,92.28185,92.97645,LeftController
11/21/2016 6:13:52 PM:613,0.5962808,0.7438239,-0.189652,74.98884,96.36363,93.09808,LeftController
11/21/2016 6:13:52 PM:664,0.5976508,0.7435663,-0.1903045,75.06083,94.72246,90.58618,LeftController
11/21/2016 6:13:52 PM:708,0.600951,0.7440776,-0.1907719,74.68449,94.20237,88.90011,LeftController
11/21/2016 6:13:52 PM:768,0.6037135,0.744171,-0.1916763,74.57101,93.66744,87.20405,LeftController
11/21/2016 6:13:52 PM:836,0.6059625,0.7453324,-0.1933022,74.49226,94.27323,87.25997,LeftController
11/21/2016 6:13:52 PM:902,0.6076131,0.7459339,-0.1928827,74.44994,93.88197,86.5666,LeftController
11/21/2016 6:13:52 PM:970,0.6095431,0.7461227,-0.1915171,74.10779,92.23736,85.01795,LeftController
11/21/2016 6:13:53 PM:37,0.6119511,0.7479661,-0.1902839,73.30122,91.86596,83.84006,LeftController
11/21/2016 6:13:53 PM:114,0.6166844,0.7549819,-0.1851555,71.6751,94.30162,85.93787,LeftController
11/21/2016 6:13:53 PM:193,0.6139691,0.7621505,-0.1593986,71.61465,98.21845,89.90791,LeftController
11/21/2016 6:13:53 PM:271,0.6055691,0.7688103,-0.09421396,70.95322,81.34684,74.22024,LeftController
11/21/2016 6:13:53 PM:351,0.593905,0.7873329,-0.003440022,66.74249,50.68361,44.77455,LeftController
11/21/2016 6:13:53 PM:428,0.5780759,0.8208922,0.07716429,61.10462,33.90668,32.80217,LeftController
11/21/2016 6:13:53 PM:506,0.5684402,0.8609757,0.1385496,55.97341,27.53838,26.01938,LeftController
11/21/2016 6:13:53 PM:583,0.5731549,0.9016033,0.18278,51.33662,28.52128,23.6337,LeftController
11/21/2016 6:13:53 PM:669,0.5789347,0.9388154,0.2167141,48.72187,28.97142,23.98142,LeftController
11/21/2016 6:13:53 PM:738,0.587364,0.9713074,0.243819,45.72546,29.00707,23.30025,LeftController
11/21/2016 6:13:53 PM:807,0.5948479,0.9922655,0.2602987,43.45131,28.93789,22.59604,LeftController
11/21/2016 6:13:53 PM:885,0.601233,1.005126,0.2686177,42.80077,29.51653,21.65924,LeftController
11/21/2016 6:13:53 PM:963,0.6075327,1.008964,0.2704432,42.26748,30.50452,21.05866,LeftController
11/21/2016 6:13:54 PM:41,0.6148045,1.005929,0.2678696,40.46332,31.34566,21.16939,LeftController
11/21/2016 6:13:54 PM:120,0.6199343,0.9832394,0.249177,41.6197,32.40238,22.04796,LeftController
11/21/2016 6:13:54 PM:198,0.6223736,0.9382058,0.2094671,45.32298,33.38205,22.98065,LeftController
11/21/2016 6:13:54 PM:276,0.6265008,0.8801374,0.1437218,50.31316,36.3388,27.57131,LeftController
11/21/2016 6:13:54 PM:353,0.6302574,0.8233222,0.05413103,57.97388,44.72764,32.93452,LeftController
11/21/2016 6:13:54 PM:433,0.633049,0.7823521,-0.04118323,64.75945,63.783,46.43248,LeftController
11/21/2016 6:13:54 PM:499,0.6352372,0.7669328,-0.1010928,67.30893,79.64674,58.31384,LeftController
11/21/2016 6:13:54 PM:567,0.6406305,0.7629383,-0.1307917,67.18766,88.63404,66.69341,LeftController
11/21/2016 6:13:54 PM:634,0.6469128,0.763918,-0.1349101,66.65458,91.03869,67.58737,LeftController
11/21/2016 6:13:54 PM:714,0.6549811,0.7667532,-0.1088325,65.96225,83.10379,61.3611,LeftController
11/21/2016 6:13:54 PM:790,0.65975,0.7717307,-0.0716964,64.72826,70.54592,49.37705,LeftController
11/21/2016 6:13:54 PM:869,0.663682,0.7783742,-0.04560375,63.13077,63.72741,44.05017,LeftController
11/21/2016 6:13:54 PM:948,0.6662037,0.7829319,-0.03746283,62.72151,62.84381,43.04526,LeftController
11/21/2016 6:13:55 PM:26,0.6678708,0.7839981,-0.03843963,62.06994,63.65086,42.33612,LeftController
11/21/2016 6:13:55 PM:103,0.6673703,0.7815467,-0.04463816,61.88964,64.24225,43.32763,LeftController
11/21/2016 6:13:55 PM:182,0.6637087,0.7766379,-0.05738556,63.00019,67.95546,46.14125,LeftController
11/21/2016 6:13:55 PM:262,0.6625116,0.7742293,-0.06182551,62.54232,68.3837,44.9549,LeftController
11/21/2016 6:13:55 PM:339,0.6662202,0.7771599,-0.0573616,59.18026,65.31894,42.04562,LeftController
11/21/2016 6:13:55 PM:416,0.6708508,0.7842414,-0.0489068,53.75811,61.1975,38.83554,LeftController
11/21/2016 6:13:55 PM:494,0.6671791,0.7880074,-0.04863679,52.93682,60.99718,36.993,LeftController
11/21/2016 6:13:55 PM:573,0.6583307,0.7904397,-0.0534935,56.30928,66.91722,38.67409,LeftController
11/21/2016 6:13:55 PM:651,0.6476576,0.8003036,-0.05561399,60.97458,76.65841,42.92652,LeftController
11/21/2016 6:13:55 PM:734,0.627013,0.8243396,-0.06339037,67.5424,102.0336,60.184,LeftController
11/21/2016 6:13:55 PM:829,0.5996051,0.8797207,-0.05384326,70.7831,135.4384,90.45461,LeftController
11/21/2016 6:13:55 PM:912,0.5875752,0.9317149,-0.02656984,72.51067,151.696,105.7319,LeftController
11/21/2016 6:13:55 PM:984,0.5889513,0.9881196,0.01410782,75.30538,155.9883,112.0451,LeftController
11/21/2016 6:13:56 PM:63,0.606061,1.044921,0.06635094,78.95336,130.8579,90.15339,LeftController
11/21/2016 6:13:56 PM:143,0.6320953,1.106537,0.1157068,77.24593,93.00709,50.37118,LeftController
11/21/2016 6:13:56 PM:219,0.6765287,1.174961,0.1594661,63.65153,73.12186,27.78125,LeftController
11/21/2016 6:13:56 PM:297,0.7007544,1.225387,0.167012,54.0638,78.4471,36.80143,LeftController
11/21/2016 6:13:56 PM:376,0.6873434,1.218309,0.1605223,59.58962,81.27853,37.01661,LeftController
11/21/2016 6:13:56 PM:456,0.6747131,1.210564,0.1622592,65.79287,75.06619,21.65804,LeftController
11/21/2016 6:13:56 PM:539,0.7174904,1.232594,0.1867031,46.88546,64.02886,12.64249,LeftController
11/21/2016 6:13:56 PM:610,0.7526553,1.25796,0.1972553,16.36979,58.04073,12.78663,LeftController
11/21/2016 6:13:56 PM:689,0.7440286,1.256973,0.1838974,347.8619,45.25834,23.75842,LeftController
11/21/2016 6:13:56 PM:755,0.7231493,1.209389,0.1460038,336.0068,35.57109,26.67834,LeftController
11/21/2016 6:13:56 PM:808,0.7148142,1.161994,0.1161076,334.2936,32.33134,32.34608,LeftController
11/21/2016 6:13:56 PM:850,0.7122464,1.105441,0.08587921,338.8413,32.59581,31.78732,LeftController
11/21/2016 6:13:56 PM:911,0.7000115,1.01981,0.04103398,349.3921,33.76332,32.23573,LeftController
11/21/2016 6:13:56 PM:978,0.6718476,0.9392943,-0.005338073,4.199507,32.61824,33.81046,LeftController
11/21/2016 6:13:57 PM:31,0.6573672,0.892544,-0.03924119,16.75188,35.39649,32.56242,LeftController
11/21/2016 6:13:57 PM:77,0.640285,0.858106,-0.06919122,26.85308,37.95397,32.24743,LeftController
11/21/2016 6:13:57 PM:137,0.616312,0.8368762,-0.10409,35.79534,40.76119,34.09891,LeftController
11/21/2016 6:13:57 PM:206,0.6055381,0.8325167,-0.1278948,43.52729,47.38446,36.05518,LeftController
11/21/2016 6:13:57 PM:254,0.5954585,0.8252633,-0.1576716,56.47027,61.0439,47.36663,LeftController
11/21/2016 6:13:57 PM:314,0.5851953,0.844025,-0.1856406,63.97071,91.76625,75.01373,LeftController
11/21/2016 6:13:57 PM:381,0.5850351,0.8814441,-0.1771845,64.76743,109.717,90.22569,LeftController
11/21/2016 6:13:57 PM:434,0.588243,0.9117643,-0.1584558,60.91502,127.875,103.5434,LeftController
11/21/2016 6:13:57 PM:478,0.5915945,0.9494478,-0.1418878,57.39433,140.1834,111.6134,LeftController
11/21/2016 6:13:57 PM:537,0.6141191,1.004457,-0.09011185,57.14545,138.9138,103.8125,LeftController
11/21/2016 6:13:57 PM:604,0.6425872,1.06415,-0.03209865,60.53472,131.8714,88.15473,LeftController
11/21/2016 6:13:57 PM:658,0.6645582,1.110735,0.002695203,62.51707,123.9163,70.58099,LeftController
11/21/2016 6:13:57 PM:701,0.694973,1.159766,0.04354024,61.25056,101.9034,41.51301,LeftController
11/21/2016 6:13:57 PM:761,0.7407002,1.246541,0.1015247,44.47055,72.17306,8.689957,LeftController
11/21/2016 6:13:57 PM:829,0.7512405,1.331498,0.1285402,24.68436,59.64175,358.4683,LeftController
11/21/2016 6:13:57 PM:881,0.7448788,1.374164,0.1281462,11.85547,54.88999,0.1675125,LeftController
11/21/2016 6:13:57 PM:925,0.7387459,1.40912,0.1205236,357.4029,51.76459,358.9352,LeftController
11/21/2016 6:13:57 PM:984,0.7189083,1.448743,0.09868228,330.6779,44.85219,6.610368,LeftController
11/21/2016 6:13:58 PM:51,0.6967635,1.446904,0.05235744,304.6835,38.28355,17.10531,LeftController
11/21/2016 6:13:58 PM:104,0.6861622,1.412143,0.01513851,289.8535,36.89241,28.65952,LeftController
11/21/2016 6:13:58 PM:150,0.6882837,1.363068,-0.01575232,283.1985,38.47269,27.97057,LeftController
11/21/2016 6:13:58 PM:218,0.7146792,1.261018,-0.04233336,291.2286,51.87325,18.81233,LeftController
11/21/2016 6:13:58 PM:286,0.7379403,1.154951,-0.04881191,313.4008,49.25342,25.13155,LeftController
11/21/2016 6:13:58 PM:359,0.7319629,1.048675,-0.06285083,332.285,47.53785,27.51564,LeftController
11/21/2016 6:13:58 PM:420,0.7039251,0.9403648,-0.07806611,357.6432,44.74943,31.12029,LeftController
11/21/2016 6:13:58 PM:503,0.6590254,0.8508345,-0.09587884,22.46598,42.98415,29.48841,LeftController
11/21/2016 6:13:58 PM:564,0.6149402,0.812436,-0.1068269,36.80139,42.90726,28.24038,LeftController
11/21/2016 6:13:58 PM:632,0.5867419,0.7856053,-0.1350054,57.29074,54.16499,30.80702,LeftController
11/21/2016 6:13:58 PM:683,0.5710771,0.7916722,-0.1439812,66.47052,62.16359,39.04353,LeftController
11/21/2016 6:13:58 PM:728,0.5666199,0.8069584,-0.1508869,70.3787,80.15246,52.41409,LeftController
11/21/2016 6:13:58 PM:788,0.5704365,0.8429009,-0.1422225,71.75813,95.24038,63.76312,LeftController
11/21/2016 6:13:58 PM:856,0.5792081,0.8919623,-0.1263183,72.13465,111.6306,75.67685,LeftController
11/21/2016 6:13:58 PM:907,0.5850778,0.9289021,-0.107675,74.45033,115.6753,74.25942,LeftController
11/21/2016 6:13:58 PM:964,0.5980365,0.9818547,-0.07398534,77.43619,97.72207,46.43262,LeftController
11/21/2016 6:13:59 PM:23,0.6379933,1.05147,-0.02913654,67.20628,56.73618,350.8748,LeftController
11/21/2016 6:13:59 PM:91,0.6875772,1.13793,-0.009821296,49.57878,57.47472,351.6656,LeftController
11/21/2016 6:13:59 PM:142,0.705518,1.191761,-0.01569951,42.21453,60.02956,355.5662,LeftController
11/21/2016 6:13:59 PM:186,0.7208493,1.246233,-0.02653074,34.04291,63.90651,2.245499,LeftController
11/21/2016 6:13:59 PM:245,0.7349198,1.329635,-0.03945673,19.03662,65.91152,6.958601,LeftController
11/21/2016 6:13:59 PM:313,0.7367589,1.404208,-0.0459007,0.8874589,63.74422,7.023438,LeftController
11/21/2016 6:13:59 PM:366,0.7367506,1.44264,-0.04941654,346.8135,62.56234,10.75754,LeftController
11/21/2016 6:13:59 PM:410,0.7311468,1.467621,-0.05544519,331.2915,61.02007,15.52274,LeftController
11/21/2016 6:13:59 PM:469,0.7063324,1.47554,-0.07061827,305.7537,54.13717,30.7871,LeftController
11/21/2016 6:13:59 PM:539,0.6904151,1.428112,-0.08587837,295.1728,39.22284,47.42738,LeftController
11/21/2016 6:13:59 PM:589,0.6979246,1.379809,-0.09162092,296.7372,38.47776,46.39817,LeftController
11/21/2016 6:13:59 PM:633,0.7072055,1.328127,-0.09652865,298.8787,41.84879,41.47224,LeftController
11/21/2016 6:13:59 PM:693,0.720439,1.238371,-0.09510911,313.6609,44.77536,38.00867,LeftController
11/21/2016 6:13:59 PM:761,0.7245681,1.144825,-0.09871113,327.4328,48.30288,33.1568,LeftController
11/21/2016 6:13:59 PM:812,0.7241735,1.080091,-0.1028305,340.8853,51.51404,28.14507,LeftController
11/21/2016 6:13:59 PM:857,0.7140269,1.024268,-0.1047112,352.1456,53.3959,25.8871,LeftController
11/21/2016 6:13:59 PM:917,0.680124,0.9550234,-0.09380138,7.219179,46.54286,29.75115,LeftController
11/21/2016 6:13:59 PM:984,0.6477997,0.8840379,-0.09787107,31.79055,42.2042,22.39419,LeftController
11/21/2016 6:14:00 PM:51,0.6150856,0.8505466,-0.1019765,44.22257,38.75177,22.83177,LeftController
11/21/2016 6:14:00 PM:118,0.5990705,0.833353,-0.1086845,53.36096,41.70475,24.8764,LeftController
11/21/2016 6:14:00 PM:177,0.5881338,0.8224311,-0.1207982,63.84203,51.92419,27.61004,LeftController
11/21/2016 6:14:00 PM:220,0.5703568,0.8207278,-0.1307151,74.56898,63.6077,39.3796,LeftController
11/21/2016 6:14:00 PM:273,0.5549738,0.8352644,-0.1347797,80.28232,120.4621,91.48668,LeftController
11/21/2016 6:14:00 PM:341,0.5426044,0.8706266,-0.1179612,78.35759,177.5074,141.0409,LeftController
11/21/2016 6:14:00 PM:393,0.5421283,0.9009365,-0.09191108,76.86066,193.8681,149.6565,LeftController
11/21/2016 6:14:00 PM:436,0.5515788,0.9328346,-0.05757177,78.00911,199.3539,152.6431,LeftController
11/21/2016 6:14:00 PM:498,0.5817001,0.9870081,0.007146835,84.51353,183.4856,134.6312,LeftController
11/21/2016 6:14:00 PM:550,0.6058633,1.029163,0.05742359,85.27176,69.77731,21.03069,LeftController
11/21/2016 6:14:00 PM:594,0.6295393,1.081132,0.1120447,74.58826,37.34769,346.0406,LeftController
11/21/2016 6:14:00 PM:654,0.6622784,1.181947,0.1885076,51.60973,29.8528,337.3343,LeftController
11/21/2016 6:14:00 PM:723,0.6769278,1.288276,0.2170501,31.82165,29.33071,341.9965,LeftController
11/21/2016 6:14:00 PM:775,0.681494,1.344437,0.2103187,21.3675,31.23023,349.5982,LeftController
11/21/2016 6:14:00 PM:818,0.6823392,1.395543,0.1994041,9.399795,32.14182,356.7654,LeftController
11/21/2016 6:14:00 PM:879,0.6732445,1.463832,0.1717019,348.5707,30.16065,359.4306,LeftController
11/21/2016 6:14:00 PM:946,0.6711614,1.502098,0.1216875,328.5197,31.41142,2.895227,LeftController
11/21/2016 6:14:00 PM:998,0.6781335,1.505495,0.08005548,315.8478,36.76842,8.168401,LeftController
11/21/2016 6:14:01 PM:40,0.6820624,1.494842,0.03686285,303.6958,41.59463,10.89949,LeftController
11/21/2016 6:14:01 PM:103,0.6862576,1.447115,-0.01827908,291.9297,39.76108,21.70771,LeftController
11/21/2016 6:14:01 PM:171,0.711096,1.370701,-0.0576055,294.8668,48.72388,20.40443,LeftController
11/21/2016 6:14:01 PM:240,0.7415459,1.27466,-0.07971334,311.1875,47.48075,33.03497,LeftController
11/21/2016 6:14:01 PM:303,0.7580738,1.166493,-0.1074358,329.1768,52.273,34.18134,LeftController
11/21/2016 6:14:01 PM:372,0.751791,1.067792,-0.1326246,344.591,57.00727,31.92308,LeftController
11/21/2016 6:14:01 PM:422,0.7361307,1.012328,-0.1379211,354.087,57.35672,33.12458,LeftController
11/21/2016 6:14:01 PM:466,0.7195213,0.9543756,-0.1419518,6.361923,58.84151,32.88166,LeftController
11/21/2016 6:14:01 PM:527,0.6820807,0.8854636,-0.1378148,22.07396,57.09462,37.75185,LeftController
11/21/2016 6:14:01 PM:593,0.6448555,0.8444504,-0.1270351,31.12172,56.58738,33.77631,LeftController
11/21/2016 6:14:01 PM:646,0.6232595,0.8282917,-0.1199406,35.24203,59.07367,28.17152,LeftController
11/21/2016 6:14:01 PM:710,0.5833728,0.803178,-0.1121607,43.42645,62.36745,25.46591,LeftController
11/21/2016 6:14:01 PM:771,0.5311012,0.782407,-0.1033746,55.04041,59.64266,23.2111,LeftController
11/21/2016 6:14:01 PM:838,0.4880459,0.777318,-0.09629762,62.84758,53.53865,20.20564,LeftController
11/21/2016 6:14:01 PM:897,0.4737453,0.7809708,-0.09123385,63.81433,50.22139,17.07481,LeftController
11/21/2016 6:14:01 PM:947,0.4643004,0.7860926,-0.08810389,64.12126,46.93336,14.32028,LeftController
11/21/2016 6:14:02 PM:5,0.4624708,0.7920632,-0.09448683,63.97369,48.09003,17.35746,LeftController
11/21/2016 6:14:02 PM:73,0.4709551,0.7932671,-0.1083294,64.50626,53.49439,23.20486,LeftController
11/21/2016 6:14:02 PM:124,0.480237,0.7924796,-0.1206868,64.8928,59.01611,27.453,LeftController
11/21/2016 6:14:02 PM:169,0.4915371,0.7916789,-0.1338077,65.38477,65.20741,32.0755,LeftController
11/21/2016 6:14:02 PM:228,0.5116107,0.7905438,-0.1524886,64.84499,74.69925,38.86074,LeftController
11/21/2016 6:14:02 PM:296,0.5330534,0.7907286,-0.1705327,63.74511,83.80438,46.74031,LeftController
11/21/2016 6:14:02 PM:347,0.5460095,0.7901784,-0.178996,63.05862,87.94853,50.53518,LeftController
11/21/2016 6:14:02 PM:392,0.5571887,0.7891909,-0.1836717,62.21262,89.43703,51.1149,LeftController
11/21/2016 6:14:02 PM:452,0.5695879,0.7869622,-0.1828734,61.44261,87.62135,48.05327,LeftController
11/21/2016 6:14:02 PM:525,0.5761847,0.7853739,-0.1785754,60.12595,85.39579,44.68011,LeftController
11/21/2016 6:14:02 PM:587,0.5760241,0.7833203,-0.1727623,59.71582,81.82838,42.3896,LeftController
11/21/2016 6:14:02 PM:653,0.5689824,0.7793676,-0.1666696,60.17363,78.20367,39.54204,LeftController
11/21/2016 6:14:02 PM:721,0.5554459,0.7728549,-0.1637146,61.94591,75.28056,39.90482,LeftController
11/21/2016 6:14:02 PM:773,0.5454969,0.7680612,-0.16537,63.67591,75.47624,40.26785,LeftController
11/21/2016 6:14:02 PM:814,0.5357502,0.7611938,-0.1663804,65.37748,74.21017,39.00113,LeftController
11/21/2016 6:14:02 PM:888,0.5246162,0.7459929,-0.1698136,67.91438,74.48369,38.58886,LeftController
11/21/2016 6:14:02 PM:955,0.5235012,0.7296021,-0.1676615,68.84635,69.75665,35.28797,LeftController
11/21/2016 6:14:03 PM:21,0.5296648,0.7147074,-0.1636914,69.52794,64.78825,28.24384,LeftController
11/21/2016 6:14:03 PM:89,0.5484822,0.6990734,-0.1612849,69.92152,62.73506,18.69279,LeftController
11/21/2016 6:14:03 PM:155,0.5765169,0.676334,-0.1633884,69.15411,68.92281,18.3557,LeftController
11/21/2016 6:14:03 PM:224,0.6002612,0.641356,-0.163918,67.92181,73.13801,21.11,LeftController
11/21/2016 6:14:03 PM:275,0.6089213,0.6123753,-0.1633927,68.11182,75.02164,21.90913,LeftController
11/21/2016 6:14:03 PM:318,0.6115878,0.5815631,-0.1653644,69.94416,77.74223,20.65875,LeftController
11/21/2016 6:14:03 PM:379,0.6122966,0.5431031,-0.1711193,73.13206,81.08593,18.68949,LeftController
11/21/2016 6:14:03 PM:447,0.6176016,0.5189577,-0.1796554,73.29733,82.33955,19.90489,LeftController
11/21/2016 6:14:03 PM:498,0.621696,0.5128701,-0.1887128,72.32883,84.5492,23.82428,LeftController
11/21/2016 6:14:03 PM:554,0.6213412,0.5102984,-0.2005962,72.10628,91.59274,30.73173,LeftController
11/21/2016 6:14:03 PM:625,0.6126974,0.5138118,-0.2059137,73.69225,97.39541,36.11644,LeftController
11/21/2016 6:14:03 PM:692,0.6088014,0.5233039,-0.1991699,74.33875,92.77758,30.68862,LeftController
11/21/2016 6:14:03 PM:761,0.607899,0.5433646,-0.1968031,74.39593,93.64105,30.98132,LeftController
11/21/2016 6:14:03 PM:827,0.6070931,0.5717725,-0.1972162,74.06699,98.00653,36.33718,LeftController
11/21/2016 6:14:03 PM:893,0.6061137,0.6054728,-0.1923393,73.30225,99.18168,39.56237,LeftController
11/21/2016 6:14:03 PM:945,0.6031268,0.6285179,-0.185384,73.22485,97.87906,39.7287,LeftController
11/21/2016 6:14:03 PM:990,0.5977502,0.6508491,-0.1783922,73.54585,96.77442,40.46889,LeftController
11/21/2016 6:14:04 PM:52,0.5866737,0.6805918,-0.1705153,74.42353,100.0622,46.58349,LeftController
11/21/2016 6:14:04 PM:116,0.5747371,0.7038722,-0.16391,75.15899,107.0871,58.36498,LeftController
11/21/2016 6:14:04 PM:169,0.5674751,0.7142876,-0.1564497,74.6132,105.5528,61.82708,LeftController
11/21/2016 6:14:04 PM:213,0.5593343,0.7217635,-0.1475791,73.74538,100.9855,61.31475,LeftController
11/21/2016 6:14:04 PM:273,0.5436189,0.7289997,-0.1344488,72.53185,91.60751,55.28201,LeftController
11/21/2016 6:14:04 PM:339,0.5169675,0.7311361,-0.1263136,74.24051,83.48706,47.36583,LeftController
11/21/2016 6:14:04 PM:392,0.4959884,0.7293124,-0.1278348,77.23075,84.02761,46.26298,LeftController
11/21/2016 6:14:04 PM:436,0.4774952,0.7260569,-0.1319948,80.6362,89.85761,49.21027,LeftController
11/21/2016 6:14:04 PM:496,0.4617283,0.7193915,-0.1356853,84.01679,100.5115,55.9824,LeftController
11/21/2016 6:14:04 PM:563,0.464633,0.7120162,-0.1360772,84.77314,96.86008,50.50975,LeftController
11/21/2016 6:14:04 PM:615,0.4766653,0.7044712,-0.1379777,83.33138,92.58651,46.78486,LeftController
11/21/2016 6:14:04 PM:660,0.4899268,0.6950858,-0.1411538,81.5831,94.61955,49.44026,LeftController
11/21/2016 6:14:04 PM:730,0.5152664,0.6757016,-0.1457938,77.8501,94.58994,51.98294,LeftController
11/21/2016 6:14:04 PM:801,0.5314767,0.6561029,-0.1473069,75.72058,92.55746,51.12427,LeftController
11/21/2016 6:14:04 PM:864,0.5405352,0.6325861,-0.1482301,75.03146,94.18413,51.53369,LeftController
11/21/2016 6:14:04 PM:931,0.5434871,0.6072477,-0.1459414,74.87943,92.85203,50.01502,LeftController
11/21/2016 6:14:04 PM:984,0.542171,0.59254,-0.1409545,75.2485,88.08595,45.29036,LeftController
11/21/2016 6:14:05 PM:28,0.5402894,0.5801721,-0.1367017,75.26972,83.80953,40.64297,LeftController
11/21/2016 6:14:05 PM:88,0.5356994,0.5647929,-0.1358675,75.99228,82.20879,37.39308,LeftController
11/21/2016 6:14:05 PM:160,0.5318396,0.5533544,-0.141408,76.79581,89.30526,42.87257,LeftController
11/21/2016 6:14:05 PM:222,0.5289214,0.5470071,-0.1421192,77.12322,86.19152,40.90364,LeftController
11/21/2016 6:14:05 PM:290,0.5261741,0.5454408,-0.1460415,77.67369,87.04411,40.87099,LeftController
11/21/2016 6:14:05 PM:355,0.5252392,0.5468831,-0.1535516,78.4289,92.69135,46.44565,LeftController
11/21/2016 6:14:05 PM:408,0.5255654,0.5469918,-0.1575582,78.78439,96.14449,49.40464,LeftController
11/21/2016 6:14:05 PM:452,0.527205,0.5465086,-0.1606373,78.76863,98.62369,51.60854,LeftController
11/21/2016 6:14:05 PM:512,0.5311518,0.542936,-0.1624614,78.60886,98.7168,52.08736,LeftController
11/21/2016 6:14:05 PM:586,0.5361757,0.5371565,-0.1617697,78.30428,96.47238,49.93903,LeftController
11/21/2016 6:14:05 PM:648,0.5411928,0.5279109,-0.1616021,78.02698,96.65362,49.66452,LeftController
11/21/2016 6:14:05 PM:718,0.5475683,0.5136789,-0.1619847,77.76302,99.81725,52.06227,LeftController
11/21/2016 6:14:05 PM:781,0.5542736,0.4935365,-0.1585224,77.4183,99.56626,51.46788,LeftController
11/21/2016 6:14:05 PM:847,0.563112,0.4697844,-0.1529826,76.21548,96.86275,47.75853,LeftController
11/21/2016 6:14:05 PM:914,0.5707788,0.4463758,-0.1479818,75.35149,91.77818,42.2062,LeftController
11/21/2016 6:14:05 PM:982,0.5741322,0.4258975,-0.1499184,75.49708,92.75201,40.88227,LeftController
11/21/2016 6:14:06 PM:33,0.574085,0.4148283,-0.1553892,76.16123,98.21558,44.52222,LeftController
11/21/2016 6:14:06 PM:80,0.5740736,0.405468,-0.1615449,76.6409,103.3964,48.8798,LeftController
11/21/2016 6:14:06 PM:139,0.5755024,0.3954186,-0.1675239,76.99543,106.0745,51.35974,LeftController
11/21/2016 6:14:06 PM:205,0.5757711,0.3898982,-0.1614964,77.66721,95.37673,39.77125,LeftController
11/21/2016 6:14:06 PM:257,0.5755892,0.3882959,-0.1618145,77.36884,95.9152,40.66637,LeftController
11/21/2016 6:14:06 PM:302,0.5731192,0.3865854,-0.1594156,78.23195,91.28123,36.12684,LeftController
11/21/2016 6:14:06 PM:360,0.5704637,0.383917,-0.1586331,78.54873,93.26708,37.35864,LeftController
11/21/2016 6:14:06 PM:428,0.5684557,0.3809555,-0.1565746,78.76166,92.64285,37.22815,LeftController
11/21/2016 6:14:06 PM:482,0.5677431,0.3794399,-0.1552186,78.9363,91.93297,36.34164,LeftController
11/21/2016 6:14:06 PM:525,0.5680871,0.3783159,-0.1541102,78.80756,91.45148,36.04561,LeftController
11/21/2016 6:14:06 PM:587,0.5684068,0.3765305,-0.1541563,78.52164,91.7636,36.46628,LeftController
11/21/2016 6:14:06 PM:651,0.5673959,0.3749019,-0.1545523,78.67961,92.17377,37.16368,LeftController
11/21/2016 6:14:06 PM:705,0.5654781,0.3728135,-0.1542732,79.24108,91.24474,35.84281,LeftController
11/21/2016 6:14:06 PM:752,0.5643275,0.3698938,-0.154816,79.29549,91.62277,36.43669,LeftController
11/21/2016 6:14:06 PM:810,0.5610409,0.3629125,-0.1536382,79.70791,89.83641,35.2774,LeftController
11/21/2016 6:14:06 PM:879,0.557404,0.3559219,-0.1512996,81.24927,86.24542,31.13244,LeftController
11/21/2016 6:14:06 PM:928,0.5584188,0.3528332,-0.1502185,81.20284,82.81754,28.38511,LeftController
11/21/2016 6:14:06 PM:988,0.5631013,0.3491975,-0.1511978,80.34584,81.22074,27.2244,LeftController
11/21/2016 6:14:07 PM:54,0.5679164,0.348274,-0.1539284,79.53403,82.05122,28.18701,LeftController
11/21/2016 6:14:07 PM:108,0.5693257,0.3483696,-0.1569335,79.34255,83.53713,29.77778,LeftController
11/21/2016 6:14:07 PM:155,0.5705948,0.3490688,-0.1594129,79.11847,86.19065,32.56126,LeftController
11/21/2016 6:14:07 PM:217,0.5701673,0.3506303,-0.161634,79.08123,88.41227,34.93057,LeftController
11/21/2016 6:14:07 PM:280,0.5718749,0.3545238,-0.1616142,80.0655,93.59349,38.15243,LeftController
11/21/2016 6:14:07 PM:346,0.5952759,0.3598393,-0.1540371,76.78987,87.23049,30.93869,LeftController
11/21/2016 6:14:07 PM:398,0.625119,0.3643893,-0.1490885,71.73748,85.63982,30.47815,LeftController
11/21/2016 6:14:07 PM:441,0.6548538,0.3702174,-0.1473058,66.95574,87.71324,33.31975,LeftController
11/21/2016 6:14:07 PM:503,0.6984499,0.3805959,-0.1506888,61.30324,90.95792,37.32413,LeftController
11/21/2016 6:14:07 PM:568,0.7475591,0.3935789,-0.1602716,55.55117,93.61625,39.31377,LeftController
11/21/2016 6:14:07 PM:621,0.7807987,0.4026799,-0.1695997,52.37702,95.16233,39.23943,LeftController
11/21/2016 6:14:07 PM:665,0.8186519,0.4154354,-0.182846,48.14624,98.00726,37.01152,LeftController
11/21/2016 6:14:07 PM:726,0.8843851,0.4459349,-0.2012855,38.54755,99.40394,34.75874,LeftController
11/21/2016 6:14:07 PM:792,0.9557836,0.484409,-0.2103405,26.56453,94.97442,43.60365,LeftController
11/21/2016 6:14:07 PM:858,1.020066,0.5159733,-0.2239497,19.24357,95.12504,43.04453,LeftController
11/21/2016 6:14:07 PM:926,1.075954,0.5300577,-0.2478433,17.71112,99.15133,39.02536,LeftController
11/21/2016 6:14:07 PM:984,1.108138,0.5362998,-0.2650995,17.30821,102.799,33.59797,LeftController
11/21/2016 6:14:08 PM:24,1.133837,0.5388694,-0.2790061,17.75483,105.2499,25.9084,LeftController
11/21/2016 6:14:08 PM:82,1.161456,0.5352342,-0.2937052,22.12675,108.3919,18.72908,LeftController
11/21/2016 6:14:08 PM:148,1.170532,0.5242832,-0.3043653,28.05308,110.4172,14.29396,LeftController
11/21/2016 6:14:08 PM:216,1.169633,0.5226265,-0.310406,30.56551,109.5974,20.47556,LeftController
11/21/2016 6:14:08 PM:282,1.172143,0.5317452,-0.3136301,28.71129,105.7456,45.38388,LeftController
11/21/2016 6:14:08 PM:334,1.177627,0.5494323,-0.3204803,23.58332,107.0776,44.25224,LeftController
11/21/2016 6:14:08 PM:379,1.179969,0.5615696,-0.3273592,19.86366,108.0464,44.23732,LeftController
11/21/2016 6:14:08 PM:441,1.188445,0.5771382,-0.3149419,14.66397,98.60462,53.23094,LeftController
11/21/2016 6:14:08 PM:507,1.190672,0.5880018,-0.303879,11.8245,92.10657,48.19248,LeftController
11/21/2016 6:14:08 PM:558,1.184893,0.5817465,-0.3158134,13.10668,95.34988,51.18526,LeftController
11/21/2016 6:14:08 PM:604,1.176941,0.5774797,-0.3249904,12.4709,97.16705,51.91019,LeftController
11/21/2016 6:14:08 PM:662,1.171682,0.5870705,-0.3254104,9.592826,97.30595,51.007,LeftController
11/21/2016 6:14:08 PM:729,1.154532,0.5797323,-0.3278291,11.32477,99.27467,52.88094,LeftController
11/21/2016 6:14:08 PM:781,1.130724,0.5693268,-0.3270183,13.31818,101.1633,53.90892,LeftController
11/21/2016 6:14:08 PM:827,1.105333,0.5681784,-0.3167223,13.7517,101.8747,53.42641,LeftController
11/21/2016 6:14:08 PM:887,1.045447,0.5536312,-0.286002,18.87003,100.7752,51.87949,LeftController
11/21/2016 6:14:08 PM:953,0.9616444,0.5351534,-0.2345165,28.76953,94.99713,48.1335,LeftController
11/21/2016 6:14:09 PM:7,0.898309,0.5366335,-0.1929909,34.57948,88.90908,41.62044,LeftController
11/21/2016 6:14:09 PM:53,0.8343632,0.551978,-0.1508472,39.32191,80.77464,35.05053,LeftController
11/21/2016 6:14:09 PM:109,0.7384117,0.5911511,-0.09429467,44.97255,66.07561,22.70064,LeftController
11/21/2016 6:14:09 PM:176,0.6487055,0.6370245,-0.05941951,49.13786,52.90672,12.73892,LeftController
11/21/2016 6:14:09 PM:229,0.6097286,0.6722481,-0.05228162,52.74458,48.64053,8.071027,LeftController
11/21/2016 6:14:09 PM:274,0.5819647,0.7036791,-0.05310333,56.75264,48.40993,6.263668,LeftController
11/21/2016 6:14:09 PM:333,0.5587366,0.7401786,-0.06422138,61.33401,54.33352,11.26035,LeftController
11/21/2016 6:14:09 PM:401,0.5598812,0.7641165,-0.08066916,61.58254,66.5204,22.50324,LeftController
11/21/2016 6:14:09 PM:452,0.5701234,0.7704816,-0.0888325,58.90108,71.04515,28.78037,LeftController
11/21/2016 6:14:09 PM:498,0.5825365,0.772733,-0.09543788,56.11825,73.56903,32.69665,LeftController
11/21/2016 6:14:09 PM:557,0.6040859,0.7706161,-0.1012691,51.74836,72.97001,35.55295,LeftController
11/21/2016 6:14:09 PM:624,0.6218379,0.7687351,-0.1097566,49.14652,71.02643,37.63649,LeftController
11/21/2016 6:14:09 PM:675,0.6323326,0.771961,-0.1224083,48.51055,73.03486,38.88819,LeftController
11/21/2016 6:14:09 PM:720,0.6451712,0.7782925,-0.1392248,47.21768,78.77901,40.92493,LeftController
11/21/2016 6:14:09 PM:779,0.6635456,0.7900069,-0.1619161,43.17054,88.41113,43.53197,LeftController
11/21/2016 6:14:09 PM:846,0.6682987,0.7955979,-0.1720561,41.05926,93.00201,45.7996,LeftController
11/21/2016 6:14:09 PM:899,0.6628463,0.790424,-0.1674621,42.71741,91.51459,44.8765,LeftController
11/21/2016 6:14:09 PM:943,0.6552031,0.7845479,-0.1612308,44.22938,90.04495,43.35849,LeftController
11/21/2016 6:14:10 PM:3,0.6387908,0.7741793,-0.150365,46.62761,87.57146,41.75268,LeftController
11/21/2016 6:14:10 PM:70,0.6181087,0.7655448,-0.140413,49.94852,86.22871,39.82776,LeftController
11/21/2016 6:14:10 PM:122,0.6043699,0.7628804,-0.1366147,52.53512,87.54893,37.69837,LeftController
11/21/2016 6:14:10 PM:182,0.5883505,0.7605608,-0.1322365,56.71299,91.51841,34.51282,LeftController
11/21/2016 6:14:10 PM:248,0.5822783,0.7618291,-0.1279697,60.28722,95.85463,31.73855,LeftController
11/21/2016 6:14:10 PM:308,0.5895979,0.7647216,-0.1249858,61.36637,96.69349,30.32959,LeftController
11/21/2016 6:14:10 PM:349,0.6017017,0.7681694,-0.123176,61.53502,96.72825,29.60426,LeftController
11/21/2016 6:14:10 PM:407,0.6302874,0.7746022,-0.1274998,60.25675,98.63503,28.86253,LeftController
11/21/2016 6:14:10 PM:472,0.6695914,0.7836946,-0.1414956,57.21799,101.4584,28.72307,LeftController
11/21/2016 6:14:10 PM:524,0.6971262,0.7900479,-0.1552054,54.7519,103.9962,29.36956,LeftController
11/21/2016 6:14:10 PM:567,0.7228327,0.7952144,-0.1717594,52.46908,106.4723,29.99685,LeftController
11/21/2016 6:14:10 PM:632,0.7563632,0.8018484,-0.1995798,49.79195,110.5353,31.31962,LeftController
11/21/2016 6:14:10 PM:697,0.7814662,0.8060129,-0.2310528,47.75483,114.4499,32.76675,LeftController
11/21/2016 6:14:10 PM:762,0.7978094,0.8083296,-0.2638869,46.0598,118.9683,34.33862,LeftController
