12/22/2016 12:20:02 PM:169,-0.1426745,1.548236,0.1439393,358.9945,251.0866,7.797455,Head
12/22/2016 12:20:02 PM:352,-0.09399064,1.560419,0.1509748,352.6454,263.1202,0.9979422,Head
12/22/2016 12:20:02 PM:384,-0.09208593,1.560501,0.1424851,352.2238,263.2792,1.256427,Head
12/22/2016 12:20:02 PM:418,-0.09240102,1.560386,0.1405476,352.1929,263.5024,1.329247,Head
12/22/2016 12:20:02 PM:452,-0.09272195,1.560229,0.1387638,352.2582,263.7782,1.367255,Head
12/22/2016 12:20:02 PM:485,-0.09308088,1.560165,0.1370721,352.3151,264.1025,1.402092,Head
12/22/2016 12:20:02 PM:518,-0.09335434,1.560109,0.1355605,352.4655,264.4172,1.476065,Head
12/22/2016 12:20:02 PM:552,-0.09386618,1.560025,0.1339551,352.5784,264.6797,1.539433,Head
12/22/2016 12:20:02 PM:586,-0.09454329,1.56001,0.1323551,352.5827,264.8037,1.538239,Head
12/22/2016 12:20:02 PM:619,-0.09514187,1.559965,0.1307291,352.6171,264.7991,1.480584,Head
12/22/2016 12:20:02 PM:653,-0.09549277,1.559905,0.1293103,352.7048,264.7782,1.369431,Head
12/22/2016 12:20:02 PM:686,-0.09567465,1.559882,0.1279643,352.8884,264.7279,1.393138,Head
12/22/2016 12:20:02 PM:720,-0.0958278,1.559782,0.1266161,353.043,264.707,1.464791,Head
12/22/2016 12:20:02 PM:753,-0.09610607,1.559493,0.1253801,353.2046,264.6549,1.570828,Head
12/22/2016 12:20:02 PM:787,-0.09622174,1.559361,0.1244061,353.356,264.5427,1.664931,Head
12/22/2016 12:20:02 PM:820,-0.09626651,1.559131,0.123501,353.5374,264.4338,1.72867,Head
12/22/2016 12:20:02 PM:854,-0.09616961,1.558897,0.1228494,353.6997,264.3191,1.754543,Head
12/22/2016 12:20:02 PM:890,-0.09596829,1.558765,0.1224499,353.8321,264.2975,1.778855,Head
12/22/2016 12:20:02 PM:921,-0.09587839,1.558519,0.1222681,353.9075,264.3836,1.841066,Head
12/22/2016 12:20:02 PM:959,-0.09551414,1.558396,0.1222295,354.0316,264.5985,1.777456,Head
12/22/2016 12:20:02 PM:994,-0.09501766,1.558338,0.122369,354.0811,264.9168,1.71013,Head
12/22/2016 12:20:03 PM:22,-0.09444371,1.558347,0.122904,354.0942,265.2904,1.629076,Head
12/22/2016 12:20:03 PM:60,-0.09372357,1.558294,0.1233659,354.0991,265.6734,1.526736,Head
12/22/2016 12:20:03 PM:92,-0.09285402,1.558186,0.1236374,354.1161,265.9521,1.485704,Head
12/22/2016 12:20:03 PM:122,-0.09186433,1.558146,0.1239233,354.1454,266.1492,1.46268,Head
12/22/2016 12:20:03 PM:156,-0.09069894,1.557922,0.1241523,354.1927,266.2138,1.53188,Head
12/22/2016 12:20:03 PM:193,-0.08948575,1.557872,0.1243146,354.2043,266.1482,1.638058,Head
12/22/2016 12:20:03 PM:229,-0.08823198,1.557859,0.1242604,354.2469,265.9617,1.710751,Head
12/22/2016 12:20:03 PM:279,-0.08695669,1.557826,0.1241925,354.3058,265.6791,1.759409,Head
12/22/2016 12:20:03 PM:304,-0.08470301,1.557573,0.1241754,354.4563,265.1796,1.853142,Head
12/22/2016 12:20:03 PM:371,-0.08192552,1.557483,0.1244761,354.5859,264.6053,1.971936,Head
12/22/2016 12:20:03 PM:412,-0.08051871,1.557662,0.1246912,354.6163,264.3902,2.00071,Head
12/22/2016 12:20:03 PM:446,-0.07882607,1.55779,0.1247423,354.6506,264.1874,2.035979,Head
12/22/2016 12:20:03 PM:479,-0.07723651,1.557992,0.1250982,354.6104,264.0115,2.067719,Head
12/22/2016 12:20:03 PM:519,-0.0758974,1.558264,0.1252598,354.4026,263.8843,2.111618,Head
12/22/2016 12:20:03 PM:547,-0.07453007,1.558198,0.1253901,354.3596,263.7366,2.163355,Head
12/22/2016 12:20:03 PM:580,-0.07348827,1.558127,0.1256138,354.4235,263.6188,2.157969,Head
12/22/2016 12:20:03 PM:614,-0.07225063,1.558161,0.1257123,354.4254,263.4712,2.256675,Head
12/22/2016 12:20:03 PM:648,-0.07119338,1.558138,0.1259037,354.4573,263.3122,2.280429,Head
12/22/2016 12:20:03 PM:681,-0.07046163,1.558125,0.1262628,354.3997,263.136,2.32336,Head
12/22/2016 12:20:03 PM:715,-0.06993897,1.558267,0.1265258,354.3301,263.0273,2.389506,Head
12/22/2016 12:20:03 PM:749,-0.06942618,1.558415,0.1268663,354.2865,262.8967,2.612317,Head
12/22/2016 12:20:03 PM:783,-0.06898747,1.558465,0.1270984,354.2703,262.7271,2.713023,Head
12/22/2016 12:20:03 PM:816,-0.06853185,1.558388,0.1272471,354.2687,262.5569,2.73791,Head
12/22/2016 12:20:03 PM:850,-0.06808217,1.558471,0.1275035,354.2947,262.3637,2.738669,Head
12/22/2016 12:20:03 PM:883,-0.06783448,1.55839,0.1277521,354.3055,262.1778,2.732753,Head
12/22/2016 12:20:03 PM:917,-0.06756084,1.558464,0.1277698,354.2946,262.0107,2.747355,Head
12/22/2016 12:20:03 PM:957,-0.06726997,1.558507,0.1279883,354.2501,261.866,2.808973,Head
12/22/2016 12:20:03 PM:985,-0.06743129,1.55855,0.1281865,354.1932,261.7483,2.862115,Head
12/22/2016 12:20:04 PM:17,-0.06737728,1.558567,0.1284185,354.1352,261.6649,2.931827,Head
12/22/2016 12:20:04 PM:50,-0.06766343,1.558567,0.1285118,354.0707,261.621,2.95851,Head
12/22/2016 12:20:04 PM:85,-0.0680185,1.558508,0.1284498,353.9942,261.6359,3.013206,Head
12/22/2016 12:20:04 PM:120,-0.06821927,1.558515,0.1283634,353.9349,261.6024,3.192495,Head
12/22/2016 12:20:04 PM:152,-0.0685215,1.558517,0.1284427,353.9784,261.5611,3.186831,Head
12/22/2016 12:20:04 PM:187,-0.06891369,1.5588,0.1284836,353.9117,261.5403,3.204567,Head
12/22/2016 12:20:04 PM:219,-0.06944585,1.559002,0.1287202,353.8477,261.5552,3.17693,Head
12/22/2016 12:20:04 PM:257,-0.06982735,1.558928,0.1289703,353.8428,261.6142,3.117386,Head
12/22/2016 12:20:04 PM:285,-0.07022335,1.558875,0.1291222,353.8697,261.6893,3.046184,Head
12/22/2016 12:20:04 PM:318,-0.07026566,1.558609,0.1292369,353.9741,261.7885,2.920143,Head
12/22/2016 12:20:04 PM:351,-0.07029781,1.558556,0.1296663,354.0504,261.8948,2.85373,Head
12/22/2016 12:20:04 PM:385,-0.07036193,1.558582,0.1299529,353.9803,261.9996,2.756042,Head
12/22/2016 12:20:04 PM:418,-0.07016492,1.558757,0.1303209,353.8779,262.0729,2.652496,Head
12/22/2016 12:20:04 PM:452,-0.07006247,1.558914,0.1305315,353.7737,262.1389,2.536669,Head
12/22/2016 12:20:04 PM:491,-0.07002965,1.559088,0.1305506,353.6823,262.2031,2.454232,Head
12/22/2016 12:20:04 PM:520,-0.07005958,1.559162,0.1306493,353.6291,262.2632,2.333207,Head
12/22/2016 12:20:04 PM:553,-0.06993875,1.559189,0.1305483,353.5786,262.3307,2.239935,Head
12/22/2016 12:20:04 PM:586,-0.07009194,1.559307,0.1304754,353.5239,262.3733,2.171341,Head
12/22/2016 12:20:04 PM:622,-0.07007821,1.559343,0.1302557,353.4475,262.401,1.989156,Head
12/22/2016 12:20:04 PM:656,-0.07033607,1.55942,0.1302103,353.3794,262.4494,1.778767,Head
12/22/2016 12:20:04 PM:688,-0.07053297,1.559407,0.1300898,353.3301,262.431,1.697436,Head
12/22/2016 12:20:04 PM:720,-0.0707978,1.559381,0.1298043,353.3837,262.4202,1.531772,Head
12/22/2016 12:20:04 PM:755,-0.07122371,1.559274,0.1293704,353.398,262.4194,1.483625,Head
12/22/2016 12:20:04 PM:788,-0.07120979,1.55926,0.1289037,353.4092,262.4192,1.490212,Head
12/22/2016 12:20:04 PM:823,-0.07151684,1.559049,0.1283244,353.4611,262.4097,1.569546,Head
12/22/2016 12:20:04 PM:854,-0.07179806,1.559101,0.1276989,353.4537,262.3229,1.734095,Head
12/22/2016 12:20:04 PM:888,-0.07196599,1.559018,0.1268709,353.4631,262.2237,1.852922,Head
12/22/2016 12:20:04 PM:922,-0.07221563,1.559043,0.12607,353.4702,262.0897,2.028871,Head
12/22/2016 12:20:04 PM:955,-0.07239081,1.559149,0.125269,353.4673,261.9947,2.165803,Head
12/22/2016 12:20:04 PM:997,-0.07264477,1.55918,0.1244164,353.4388,261.9183,2.332164,Head
12/22/2016 12:20:05 PM:27,-0.0728827,1.559217,0.1235277,353.4381,261.8865,2.495345,Head
12/22/2016 12:20:05 PM:56,-0.07316907,1.55906,0.1225389,353.4765,261.829,2.741815,Head
12/22/2016 12:20:05 PM:91,-0.07374863,1.558848,0.1213402,353.5428,261.7459,3.045863,Head
12/22/2016 12:20:05 PM:128,-0.07409915,1.558747,0.1201473,353.6119,261.6027,3.378537,Head
12/22/2016 12:20:05 PM:162,-0.07439198,1.558537,0.1189255,353.7068,261.3701,3.685444,Head
12/22/2016 12:20:05 PM:191,-0.07465639,1.558345,0.1178975,353.7894,261.1306,3.907214,Head
12/22/2016 12:20:05 PM:226,-0.07482736,1.55828,0.1169701,353.8279,260.9331,4.100238,Head
12/22/2016 12:20:05 PM:257,-0.07483776,1.558417,0.1162066,353.8388,260.778,4.236975,Head
12/22/2016 12:20:05 PM:292,-0.07517408,1.558453,0.1156085,353.8534,260.6514,4.357877,Head
12/22/2016 12:20:05 PM:325,-0.07533725,1.558399,0.115147,353.9277,260.5618,4.286143,Head
12/22/2016 12:20:05 PM:359,-0.0754011,1.558449,0.1148142,353.9014,260.5185,4.177018,Head
12/22/2016 12:20:05 PM:393,-0.07559642,1.558491,0.1145806,353.8759,260.489,4.031283,Head
12/22/2016 12:20:05 PM:428,-0.07578956,1.558287,0.1145043,353.8956,260.5205,3.879092,Head
12/22/2016 12:20:05 PM:461,-0.07597006,1.558251,0.1145638,353.8589,260.5938,3.701425,Head
12/22/2016 12:20:05 PM:499,-0.07598756,1.55824,0.1147747,353.7954,260.7236,3.522827,Head
12/22/2016 12:20:05 PM:531,-0.07596949,1.558505,0.1151069,353.7165,260.8615,3.337113,Head
12/22/2016 12:20:05 PM:569,-0.07609499,1.558758,0.1156984,353.5748,261.0755,3.019031,Head
12/22/2016 12:20:05 PM:628,-0.07608818,1.558794,0.1169259,353.4381,261.4704,2.19438,Head
12/22/2016 12:20:05 PM:684,-0.07615268,1.558733,0.1182131,353.4134,261.6988,1.245387,Head
12/22/2016 12:20:05 PM:716,-0.07654908,1.558605,0.1193516,353.3983,261.9981,0.3411379,Head
12/22/2016 12:20:05 PM:752,-0.07683677,1.558714,0.1206893,353.346,262.382,359.5521,Head
12/22/2016 12:20:05 PM:785,-0.07724263,1.558618,0.12227,353.3478,262.8492,358.8115,Head
12/22/2016 12:20:05 PM:820,-0.07804795,1.558384,0.1238457,353.4061,263.408,358.0889,Head
12/22/2016 12:20:05 PM:851,-0.07873945,1.558091,0.1255396,353.4849,264.0794,357.3214,Head
12/22/2016 12:20:05 PM:885,-0.07931635,1.557732,0.1273645,353.5835,264.8608,356.4136,Head
12/22/2016 12:20:05 PM:918,-0.07959925,1.557507,0.129193,353.794,265.7095,355.4533,Head
12/22/2016 12:20:05 PM:951,-0.08024992,1.557155,0.1311209,354.0096,266.5624,354.5253,Head
12/22/2016 12:20:05 PM:985,-0.08089535,1.556746,0.1329734,354.1154,267.3737,353.7055,Head
12/22/2016 12:20:06 PM:23,-0.08112324,1.55649,0.1346881,354.2261,268.1136,352.9573,Head
12/22/2016 12:20:06 PM:52,-0.08157304,1.556318,0.1361673,354.2944,268.7893,352.3397,Head
12/22/2016 12:20:06 PM:87,-0.08205889,1.556098,0.1375477,354.3865,269.372,351.8849,Head
12/22/2016 12:20:06 PM:125,-0.0824239,1.55591,0.138478,354.4482,269.8226,351.6068,Head
12/22/2016 12:20:06 PM:165,-0.0829238,1.555923,0.1398667,354.4279,270.3132,351.1137,Head
12/22/2016 12:20:06 PM:219,-0.08354914,1.555673,0.1414226,354.4355,270.8319,350.1326,Head
12/22/2016 12:20:06 PM:278,-0.08435516,1.555006,0.142714,354.5287,271.2162,349.009,Head
12/22/2016 12:20:06 PM:311,-0.08466372,1.554496,0.1438375,354.6488,271.6418,347.9271,Head
12/22/2016 12:20:06 PM:344,-0.08500066,1.554046,0.1452557,354.743,272.1111,346.9046,Head
12/22/2016 12:20:06 PM:381,-0.08537521,1.553688,0.1467389,354.7871,272.6291,345.772,Head
12/22/2016 12:20:06 PM:412,-0.08570921,1.553079,0.1485112,354.8858,273.2626,344.5519,Head
12/22/2016 12:20:06 PM:445,-0.08613807,1.552344,0.150212,354.996,273.8581,343.0253,Head
12/22/2016 12:20:06 PM:479,-0.08663742,1.551104,0.1521702,355.2293,274.4769,341.3866,Head
12/22/2016 12:20:06 PM:511,-0.08709538,1.549744,0.154329,355.5532,275.2451,339.509,Head
12/22/2016 12:20:06 PM:550,-0.08748225,1.548039,0.1569373,355.9327,276.1592,337.1286,Head
12/22/2016 12:20:06 PM:591,-0.08778782,1.545031,0.160766,356.8167,277.6031,334.1347,Head
12/22/2016 12:20:06 PM:644,-0.08851835,1.539859,0.1669585,358.1664,279.9521,329.2823,Head
12/22/2016 12:20:06 PM:702,-0.08849708,1.53578,0.1717135,359.3607,281.9056,326.4385,Head
12/22/2016 12:20:06 PM:734,-0.08847426,1.532767,0.1754335,0.2978454,283.4506,324.6935,Head
12/22/2016 12:20:06 PM:767,-0.0884951,1.529428,0.1793226,1.324633,284.9433,323.2095,Head
12/22/2016 12:20:06 PM:805,-0.08841277,1.525854,0.1830682,2.481996,286.232,321.4499,Head
12/22/2016 12:20:06 PM:840,-0.08858353,1.522412,0.1863168,3.772234,287.3413,320.1547,Head
12/22/2016 12:20:06 PM:872,-0.0886769,1.51949,0.1889432,4.85849,288.1274,319.437,Head
12/22/2016 12:20:06 PM:904,-0.0888199,1.517326,0.1911904,5.626933,288.5448,318.6579,Head
12/22/2016 12:20:06 PM:939,-0.08906149,1.515815,0.1928833,6.242938,288.8193,318.2839,Head
12/22/2016 12:20:06 PM:974,-0.08918668,1.515121,0.1940925,6.438422,288.9118,318.1526,Head
12/22/2016 12:20:07 PM:8,-0.08949924,1.514713,0.1949903,6.514623,288.9203,317.9255,Head
12/22/2016 12:20:07 PM:39,-0.08984416,1.514796,0.1956938,6.493826,289.0054,317.8418,Head
12/22/2016 12:20:07 PM:108,-0.09068675,1.516232,0.1953551,6.033385,289.1351,318.2961,Head
12/22/2016 12:20:07 PM:154,-0.09127133,1.517766,0.1947082,5.550298,289.1419,319.0171,Head
12/22/2016 12:20:07 PM:191,-0.09226661,1.52027,0.1928066,4.822898,289.0882,320.0258,Head
12/22/2016 12:20:07 PM:258,-0.09362926,1.524819,0.1889048,3.525559,288.6405,322.0609,Head
12/22/2016 12:20:07 PM:316,-0.09299769,1.528525,0.1862334,2.004805,288.2003,324.1501,Head
12/22/2016 12:20:07 PM:346,-0.09264906,1.531508,0.1838387,0.702313,287.7032,325.778,Head
12/22/2016 12:20:07 PM:383,-0.09277265,1.534681,0.180653,359.6113,286.9994,327.4905,Head
12/22/2016 12:20:07 PM:416,-0.09302766,1.537917,0.177092,358.535,286.213,329.4865,Head
12/22/2016 12:20:07 PM:454,-0.09326361,1.540789,0.1736779,357.5954,285.38,331.7072,Head
12/22/2016 12:20:07 PM:510,-0.09339337,1.543525,0.1701591,356.817,284.4957,334.0048,Head
12/22/2016 12:20:07 PM:565,-0.09359012,1.548334,0.1631187,355.1877,282.6432,338.6382,Head
12/22/2016 12:20:07 PM:683,-0.09341912,1.552817,0.1555209,353.9033,280.8964,344.8212,Head
12/22/2016 12:20:07 PM:755,-0.09311408,1.557458,0.1444146,352.7927,278.8028,355.7207,Head
12/22/2016 12:20:07 PM:806,-0.09324689,1.558108,0.1389993,352.4692,277.9583,0.5743307,Head
12/22/2016 12:20:07 PM:873,-0.09379126,1.557727,0.1341843,352.5423,277.3202,5.159466,Head
12/22/2016 12:20:07 PM:923,-0.09406327,1.5574,0.1323336,352.7388,277.0881,7.408239,Head
12/22/2016 12:20:07 PM:967,-0.09447134,1.556929,0.1301483,352.7865,276.73,9.587154,Head
12/22/2016 12:20:08 PM:18,-0.09584187,1.554627,0.1231516,353.1476,275.0877,17.61147,Head
12/22/2016 12:20:08 PM:85,-0.09773527,1.54985,0.1137073,353.5525,272.3391,28.24149,Head
12/22/2016 12:20:08 PM:136,-0.09849842,1.545514,0.1081788,353.839,270.687,33.44057,Head
12/22/2016 12:20:08 PM:168,-0.09937157,1.54086,0.1025961,354.325,268.9371,38.2082,Head
12/22/2016 12:20:08 PM:219,-0.1012955,1.531344,0.09321696,356.1941,265.8943,43.57134,Head
12/22/2016 12:20:08 PM:274,-0.1022375,1.525658,0.09047681,357.6165,265.5308,45.33522,Head
12/22/2016 12:20:08 PM:307,-0.1025167,1.522173,0.08961385,358.629,265.7141,46.5849,Head
12/22/2016 12:20:08 PM:340,-0.1029123,1.519759,0.08940791,359.2592,265.905,47.1749,Head
12/22/2016 12:20:08 PM:375,-0.1028497,1.518756,0.08987121,359.4962,266.0964,47.65943,Head
12/22/2016 12:20:08 PM:409,-0.1027464,1.519017,0.09108932,359.6112,266.0843,47.1773,Head
12/22/2016 12:20:08 PM:443,-0.1023499,1.519965,0.0923791,359.4778,265.9948,46.80077,Head
12/22/2016 12:20:08 PM:477,-0.1021483,1.521455,0.09429474,359.4945,265.4616,45.76512,Head
12/22/2016 12:20:08 PM:512,-0.1021336,1.523745,0.09629966,359.1395,265.007,44.67199,Head
12/22/2016 12:20:08 PM:549,-0.102149,1.526485,0.09936586,358.9812,264.6565,42.64114,Head
12/22/2016 12:20:08 PM:579,-0.1022027,1.530073,0.1029041,358.2954,264.7279,40.87286,Head
12/22/2016 12:20:08 PM:609,-0.1018225,1.533652,0.1071437,357.9583,265.1611,37.95111,Head
12/22/2016 12:20:08 PM:643,-0.1017817,1.537158,0.1116681,357.3929,265.3944,35.21648,Head
12/22/2016 12:20:08 PM:682,-0.1015856,1.540992,0.1163527,356.6296,265.9808,32.04886,Head
12/22/2016 12:20:08 PM:715,-0.1012443,1.544257,0.1214926,356.1593,266.7397,28.46755,Head
12/22/2016 12:20:08 PM:753,-0.1008814,1.547012,0.1267402,355.7923,267.5526,25.12122,Head
12/22/2016 12:20:08 PM:830,-0.1002802,1.551029,0.1358682,355.0867,269.4393,19.52166,Head
12/22/2016 12:20:08 PM:913,-0.09760529,1.555591,0.1528912,354.2717,273.4378,9.450881,Head
12/22/2016 12:20:08 PM:967,-0.09455495,1.55718,0.1661484,353.8851,276.1907,0.01537301,Head
12/22/2016 12:20:09 PM:34,-0.09331609,1.555833,0.1760905,354.4401,278.0015,351.5761,Head
12/22/2016 12:20:09 PM:80,-0.09271632,1.553995,0.1806734,355.0483,278.9618,347.1444,Head
12/22/2016 12:20:09 PM:114,-0.09186514,1.552183,0.1847781,355.6536,280.1197,343.93,Head
12/22/2016 12:20:09 PM:145,-0.09055675,1.550295,0.1885772,356.0021,281.1797,340.9216,Head
12/22/2016 12:20:09 PM:178,-0.08963778,1.54823,0.1923116,356.476,282.1891,337.9773,Head
12/22/2016 12:20:09 PM:216,-0.08873987,1.545459,0.1955632,357.2309,283.1349,335.115,Head
12/22/2016 12:20:09 PM:249,-0.08776516,1.54234,0.1985212,358.2007,284.0542,332.3922,Head
12/22/2016 12:20:09 PM:282,-0.08682092,1.539196,0.2012935,359.0839,284.9836,329.7537,Head
12/22/2016 12:20:09 PM:316,-0.08602794,1.53607,0.2040157,0.07714189,285.9358,327.6585,Head
12/22/2016 12:20:09 PM:346,-0.0851698,1.533378,0.2063422,1.031913,287.0273,326.0228,Head
12/22/2016 12:20:09 PM:379,-0.08396957,1.531086,0.2084279,1.899844,288.1449,324.9055,Head
12/22/2016 12:20:09 PM:418,-0.0828854,1.52951,0.2098283,2.650873,289.3107,324.2697,Head
12/22/2016 12:20:09 PM:520,-0.08219337,1.52879,0.2108036,2.975138,290.2667,324.0228,Head
12/22/2016 12:20:09 PM:550,-0.08020829,1.529838,0.2095708,2.740451,290.9606,325.4452,Head
12/22/2016 12:20:09 PM:615,-0.07994862,1.531553,0.2065495,2.099989,290.3684,326.8405,Head
12/22/2016 12:20:09 PM:663,-0.08001603,1.533191,0.2046259,1.612658,290.1049,328.2117,Head
12/22/2016 12:20:09 PM:697,-0.08023913,1.534802,0.2025593,1.188669,289.8287,329.4003,Head
12/22/2016 12:20:09 PM:735,-0.08078311,1.53644,0.2002529,0.6885415,289.4386,330.7684,Head
12/22/2016 12:20:09 PM:777,-0.08131424,1.53884,0.1960847,359.973,288.6514,333.0048,Head
12/22/2016 12:20:09 PM:839,-0.08185357,1.541691,0.19058,359.2303,287.4576,336.0137,Head
12/22/2016 12:20:09 PM:889,-0.08228835,1.542866,0.1880913,358.9349,286.8356,337.4471,Head
12/22/2016 12:20:09 PM:935,-0.08259199,1.544463,0.1848869,358.5347,286.084,339.2771,Head
12/22/2016 12:20:09 PM:984,-0.08329559,1.546741,0.1806453,357.8727,285.0244,342.1833,Head
12/22/2016 12:20:10 PM:51,-0.08397137,1.5489,0.1765797,357.0907,283.9037,345.0693,Head
12/22/2016 12:20:10 PM:106,-0.08439921,1.549972,0.1740651,356.6451,282.9795,346.6028,Head
12/22/2016 12:20:10 PM:140,-0.08453169,1.550702,0.1722582,356.3989,282.2814,347.5407,Head
12/22/2016 12:20:10 PM:177,-0.08450681,1.551593,0.1704449,356.1447,281.5469,348.7639,Head
12/22/2016 12:20:10 PM:210,-0.08458624,1.552432,0.1688125,355.8093,280.826,349.8632,Head
12/22/2016 12:20:10 PM:240,-0.08465309,1.553075,0.1672097,355.5535,280.157,350.9806,Head
12/22/2016 12:20:10 PM:273,-0.08475947,1.553613,0.1658336,355.3615,279.6454,351.9099,Head
12/22/2016 12:20:10 PM:306,-0.08475494,1.554057,0.1646343,355.3141,279.198,353.0745,Head
12/22/2016 12:20:10 PM:340,-0.08477035,1.554307,0.1633925,355.2876,278.8381,353.9641,Head
12/22/2016 12:20:10 PM:375,-0.08494248,1.554495,0.1625838,355.3028,278.5868,354.9174,Head
12/22/2016 12:20:10 PM:406,-0.08490559,1.554403,0.1615865,355.3832,278.3973,355.6924,Head
12/22/2016 12:20:10 PM:449,-0.08508821,1.554133,0.1608745,355.5306,278.2435,356.2403,Head
12/22/2016 12:20:10 PM:486,-0.08497721,1.554065,0.1602819,355.65,278.1177,356.6963,Head
12/22/2016 12:20:10 PM:521,-0.08478449,1.553828,0.159551,355.8517,277.9142,357.1256,Head
12/22/2016 12:20:10 PM:587,-0.08512019,1.554292,0.1590229,355.8202,277.6888,357.2284,Head
12/22/2016 12:20:10 PM:634,-0.08459456,1.55442,0.1588414,355.7634,277.5221,357.287,Head
12/22/2016 12:20:10 PM:665,-0.08440861,1.554354,0.1588074,355.7725,277.3584,357.3051,Head
12/22/2016 12:20:10 PM:698,-0.08384913,1.55438,0.1584559,355.7956,277.2017,357.4377,Head
12/22/2016 12:20:10 PM:734,-0.08357185,1.55428,0.1582089,355.8005,277.0576,357.4933,Head
12/22/2016 12:20:10 PM:769,-0.08341412,1.554245,0.1581019,355.8358,276.9165,357.5317,Head
12/22/2016 12:20:10 PM:806,-0.0832831,1.554249,0.1578908,355.8406,276.7543,357.5626,Head
12/22/2016 12:20:10 PM:841,-0.08321284,1.554264,0.1577441,355.8861,276.6122,357.5743,Head
12/22/2016 12:20:10 PM:882,-0.083237,1.554348,0.1578177,355.8484,276.479,357.5127,Head
12/22/2016 12:20:10 PM:944,-0.08339639,1.554277,0.1576066,355.8959,276.4403,357.5872,Head
12/22/2016 12:20:10 PM:991,-0.08345303,1.554109,0.1574635,355.9618,276.4703,357.5312,Head
12/22/2016 12:20:11 PM:24,-0.0834083,1.554184,0.1574315,355.9253,276.5711,357.4708,Head
12/22/2016 12:20:11 PM:65,-0.08350672,1.554152,0.1573325,355.8881,276.7046,357.4587,Head
12/22/2016 12:20:11 PM:123,-0.08366805,1.55413,0.1566389,355.8571,276.8538,357.5542,Head
12/22/2016 12:20:11 PM:190,-0.08387528,1.554062,0.1555744,355.9722,276.8009,357.5993,Head
12/22/2016 12:20:11 PM:236,-0.08431903,1.554138,0.1550954,355.9987,276.7719,357.605,Head
12/22/2016 12:20:11 PM:271,-0.08479001,1.55411,0.1545969,356.0261,276.7447,357.6584,Head
12/22/2016 12:20:11 PM:303,-0.08491687,1.554199,0.1539881,356.0176,276.7326,357.6921,Head
12/22/2016 12:20:11 PM:336,-0.08514445,1.554257,0.1535956,356.0341,276.7464,357.7014,Head
12/22/2016 12:20:11 PM:368,-0.08532927,1.554222,0.1530367,356.011,276.7733,357.7272,Head
12/22/2016 12:20:11 PM:404,-0.08561694,1.554165,0.1525184,356.0385,276.786,357.7556,Head
12/22/2016 12:20:11 PM:438,-0.0856129,1.554262,0.1519968,355.9987,276.771,357.786,Head
12/22/2016 12:20:11 PM:473,-0.0858269,1.554327,0.1515503,355.9827,276.7427,357.7874,Head
12/22/2016 12:20:11 PM:507,-0.08604431,1.554396,0.151158,356,276.7132,357.794,Head
12/22/2016 12:20:11 PM:537,-0.08628215,1.554477,0.1507339,355.9888,276.6953,357.8074,Head
12/22/2016 12:20:11 PM:575,-0.08647572,1.554451,0.150125,355.9858,276.6924,357.817,Head
12/22/2016 12:20:11 PM:612,-0.0868957,1.554443,0.1497263,355.9819,276.7103,357.831,Head
12/22/2016 12:20:11 PM:710,-0.0873394,1.554474,0.1488581,356.0256,276.7206,357.805,Head
12/22/2016 12:20:11 PM:771,-0.0883823,1.554609,0.1463576,355.9799,276.7341,357.9786,Head
12/22/2016 12:20:11 PM:838,-0.08889156,1.554416,0.1447679,356.0358,276.6262,358.1052,Head
12/22/2016 12:20:11 PM:889,-0.08904722,1.554495,0.1439886,355.9985,276.5632,358.1852,Head
12/22/2016 12:20:11 PM:924,-0.08901195,1.554587,0.1430326,355.9366,276.5094,358.2717,Head
12/22/2016 12:20:11 PM:967,-0.08891627,1.554667,0.1418803,355.8859,276.4184,358.3647,Head
12/22/2016 12:20:12 PM:27,-0.08873573,1.554749,0.1406546,355.78,276.3802,358.409,Head
12/22/2016 12:20:12 PM:81,-0.08866122,1.554948,0.140147,355.7413,276.3337,358.4733,Head
12/22/2016 12:20:12 PM:124,-0.08836849,1.554918,0.1390843,355.7458,276.2216,358.5211,Head
12/22/2016 12:20:12 PM:184,-0.08833782,1.554874,0.1382079,355.6658,276.0233,358.5429,Head
12/22/2016 12:20:12 PM:232,-0.08827749,1.55489,0.1378072,355.6521,275.9514,358.5127,Head
12/22/2016 12:20:12 PM:267,-0.08815157,1.554896,0.1374157,355.6353,275.9026,358.5525,Head
12/22/2016 12:20:12 PM:305,-0.08823395,1.554801,0.1370847,355.6928,275.8691,358.5337,Head
12/22/2016 12:20:12 PM:345,-0.08837376,1.554766,0.1363828,355.6159,275.7706,358.679,Head
12/22/2016 12:20:12 PM:407,-0.08847675,1.555003,0.1359549,355.6183,275.5966,358.7023,Head
12/22/2016 12:20:12 PM:454,-0.08843793,1.555091,0.1358285,355.608,275.5057,358.6966,Head
12/22/2016 12:20:12 PM:486,-0.08867628,1.555049,0.1356252,355.6109,275.409,358.7412,Head
12/22/2016 12:20:12 PM:522,-0.08880483,1.555035,0.1354438,355.6007,275.3043,358.7374,Head
12/22/2016 12:20:12 PM:559,-0.08876058,1.555179,0.1353866,355.597,275.2159,358.7291,Head
12/22/2016 12:20:12 PM:593,-0.0886896,1.555256,0.1352687,355.5974,275.1584,358.7166,Head
12/22/2016 12:20:12 PM:642,-0.08873634,1.55525,0.1352824,355.6254,275.0907,358.6942,Head
12/22/2016 12:20:12 PM:701,-0.08872285,1.555116,0.1353849,355.6374,275.0642,358.719,Head
12/22/2016 12:20:12 PM:734,-0.08874775,1.555188,0.1354494,355.6307,275.0214,358.7502,Head
12/22/2016 12:20:12 PM:768,-0.08885714,1.555208,0.1355146,355.6098,274.9905,358.7577,Head
12/22/2016 12:20:12 PM:812,-0.08891629,1.555233,0.1355695,355.5889,274.9418,358.7479,Head
12/22/2016 12:20:12 PM:865,-0.0894057,1.555104,0.1357672,355.6117,274.8949,358.7396,Head
12/22/2016 12:20:12 PM:932,-0.08975833,1.555165,0.1361272,355.6693,274.9041,358.6518,Head
12/22/2016 12:20:12 PM:976,-0.09003831,1.555199,0.1362365,355.6459,274.9081,358.6248,Head
12/22/2016 12:20:13 PM:19,-0.09041295,1.555031,0.1362242,355.6573,274.9006,358.6512,Head
12/22/2016 12:20:13 PM:57,-0.09078324,1.55482,0.1362204,355.71,274.8623,358.7053,Head
12/22/2016 12:20:13 PM:122,-0.09113245,1.55487,0.1362628,355.7233,274.74,358.7711,Head
12/22/2016 12:20:13 PM:170,-0.09141265,1.554935,0.1362626,355.7309,274.6827,358.7703,Head
12/22/2016 12:20:13 PM:206,-0.09160425,1.554871,0.1361796,355.7381,274.6175,358.7779,Head
12/22/2016 12:20:13 PM:240,-0.09189752,1.554857,0.1362913,355.7401,274.5748,358.7703,Head
12/22/2016 12:20:13 PM:275,-0.0921223,1.554836,0.1363858,355.7597,274.522,358.8311,Head
12/22/2016 12:20:13 PM:312,-0.09222421,1.554921,0.1370035,355.7046,274.1718,358.3624,Head
12/22/2016 12:20:13 PM:379,-0.09183674,1.555386,0.1389405,355.4505,273.2448,356.2098,Head
12/22/2016 12:20:13 PM:437,-0.09196463,1.554844,0.1410658,355.5988,272.4352,353.8303,Head
12/22/2016 12:20:13 PM:470,-0.09283628,1.554166,0.1428536,355.8812,271.8199,351.6075,Head
12/22/2016 12:20:13 PM:505,-0.09373848,1.553228,0.1453278,356.2225,271.3562,349.0362,Head
12/22/2016 12:20:13 PM:542,-0.09445226,1.551906,0.1481802,356.602,270.9405,346.2306,Head
12/22/2016 12:20:13 PM:575,-0.09487145,1.550027,0.1517032,357.064,270.9531,343.3553,Head
12/22/2016 12:20:13 PM:625,-0.09625019,1.545846,0.1596839,357.8745,271.7052,336.9953,Head
12/22/2016 12:20:13 PM:684,-0.09714439,1.541164,0.1660971,359.1233,272.913,332.4295,Head
12/22/2016 12:20:13 PM:717,-0.09805246,1.53711,0.1709521,0.04186052,273.9485,328.8248,Head
12/22/2016 12:20:13 PM:749,-0.09847318,1.532608,0.1759627,1.087136,275.117,325.3353,Head
12/22/2016 12:20:13 PM:781,-0.09880763,1.528003,0.1808878,2.293673,276.405,322.5583,Head
12/22/2016 12:20:13 PM:825,-0.0993518,1.524031,0.1854056,3.609815,277.8433,320.7302,Head
12/22/2016 12:20:13 PM:860,-0.09957319,1.518938,0.1909514,5.329197,279.6963,319.1238,Head
12/22/2016 12:20:13 PM:926,-0.1000002,1.51687,0.1937757,6.549112,280.5931,319.1543,Head
12/22/2016 12:20:13 PM:971,-0.1000509,1.518567,0.1929785,6.19714,280.7259,319.9982,Head
12/22/2016 12:20:14 PM:15,-0.100136,1.5214,0.1914262,5.249837,280.6517,321.0571,Head
12/22/2016 12:20:14 PM:51,-0.0994978,1.52753,0.1868689,3.321862,280.2781,324.0596,Head
12/22/2016 12:20:14 PM:116,-0.09797004,1.536962,0.1792023,0.5104977,280.6328,330.5172,Head
12/22/2016 12:20:14 PM:166,-0.0972389,1.542584,0.1741433,358.5637,280.6049,335.3698,Head
12/22/2016 12:20:14 PM:203,-0.0961247,1.54929,0.1663989,356.5101,280.2341,342.2758,Head
12/22/2016 12:20:14 PM:262,-0.09451677,1.557197,0.1530275,353.8184,278.2726,354.2211,Head
12/22/2016 12:20:14 PM:322,-0.09250496,1.559184,0.1432602,352.7004,276.3726,2.77106,Head
12/22/2016 12:20:14 PM:356,-0.09179881,1.559158,0.1352937,352.2874,274.7097,8.546247,Head
12/22/2016 12:20:14 PM:389,-0.0913365,1.557718,0.1269843,352.2591,272.7791,14.06373,Head
12/22/2016 12:20:14 PM:417,-0.09147728,1.555202,0.1181906,352.58,270.3628,19.66527,Head
12/22/2016 12:20:14 PM:451,-0.0911772,1.55163,0.1096774,353.1378,267.4117,25.53632,Head
12/22/2016 12:20:14 PM:495,-0.09070627,1.547206,0.101118,354.093,264.2198,30.98455,Head
12/22/2016 12:20:14 PM:530,-0.08972564,1.538689,0.08763,356.3113,259.0225,37.71893,Head
12/22/2016 12:20:14 PM:597,-0.08704108,1.527331,0.07474324,0.3215141,254.0525,42.01733,Head
12/22/2016 12:20:14 PM:646,-0.08566013,1.522295,0.07100012,1.968602,252.908,43.26707,Head
12/22/2016 12:20:14 PM:687,-0.08411418,1.516628,0.06743738,3.793246,252.1642,44.78786,Head
12/22/2016 12:20:14 PM:742,-0.08194329,1.511227,0.06510316,5.356162,252.0056,46.4926,Head
12/22/2016 12:20:14 PM:798,-0.08058578,1.510517,0.06580235,5.565145,252.0014,46.54938,Head
12/22/2016 12:20:14 PM:831,-0.07957727,1.511015,0.06706414,5.504337,251.8095,46.28038,Head
12/22/2016 12:20:14 PM:865,-0.07863136,1.513058,0.06929163,5.171144,251.4587,45.28069,Head
12/22/2016 12:20:14 PM:901,-0.07805408,1.516096,0.07254674,4.621894,251.1437,43.49088,Head
12/22/2016 12:20:14 PM:953,-0.07760233,1.523408,0.08048786,2.830641,251.4588,39.4204,Head
12/22/2016 12:20:15 PM:10,-0.0779639,1.53262,0.09258322,0.9433131,252.5521,32.46702,Head
12/22/2016 12:20:15 PM:69,-0.08121198,1.538043,0.1009629,0.3060656,253.6786,26.50004,Head
12/22/2016 12:20:15 PM:118,-0.08244348,1.54191,0.1098854,0.0947877,255.185,20.45009,Head
12/22/2016 12:20:15 PM:167,-0.08510381,1.546739,0.1220679,359.4912,257.6606,10.80654,Head
12/22/2016 12:20:15 PM:234,-0.08703783,1.548688,0.133668,359.3105,260.2475,1.810418,Head
12/22/2016 12:20:15 PM:291,-0.08844022,1.548297,0.1406757,359.4485,261.6255,356.3199,Head
12/22/2016 12:20:15 PM:333,-0.08907573,1.546508,0.1479141,359.7251,262.9733,350.588,Head
12/22/2016 12:20:15 PM:390,-0.0903325,1.542434,0.1582323,0.6275609,265.1879,342.2898,Head
12/22/2016 12:20:15 PM:450,-0.09125862,1.538387,0.164683,1.116545,267.0206,336.2291,Head
12/22/2016 12:20:15 PM:497,-0.09253721,1.533351,0.1705771,2.081735,268.8245,330.2609,Head
12/22/2016 12:20:15 PM:546,-0.09362069,1.525225,0.1787331,4.015971,271.4351,324.1781,Head
12/22/2016 12:20:15 PM:614,-0.09455715,1.518682,0.1846307,6.078528,274.7103,322.2728,Head
12/22/2016 12:20:15 PM:672,-0.09507599,1.516222,0.1863891,7.095097,275.7982,321.7096,Head
12/22/2016 12:20:15 PM:718,-0.09565075,1.515022,0.1865748,7.490858,276.218,321.2742,Head
12/22/2016 12:20:15 PM:769,-0.0962117,1.516065,0.1851193,6.87028,275.9361,321.4882,Head
12/22/2016 12:20:15 PM:836,-0.09685466,1.519073,0.1810417,6.058487,275.4135,322.9924,Head
12/22/2016 12:20:15 PM:894,-0.09744492,1.52346,0.1777806,4.70115,275.4023,325.105,Head
12/22/2016 12:20:15 PM:930,-0.09762205,1.527032,0.1749853,3.646136,275.3329,327.4698,Head
12/22/2016 12:20:15 PM:969,-0.09771399,1.532429,0.1709369,2.126172,275.4232,331.2,Head
12/22/2016 12:20:16 PM:26,-0.09822546,1.540703,0.1641219,359.1317,275.1074,337.7204,Head
12/22/2016 12:20:16 PM:85,-0.09824495,1.545288,0.158485,357.3197,273.7964,342.1991,Head
12/22/2016 12:20:16 PM:120,-0.09793701,1.547823,0.1540761,356.5634,272.5672,345.2217,Head
12/22/2016 12:20:16 PM:161,-0.0980878,1.550059,0.1487779,356.0582,271.1573,349.3992,Head
12/22/2016 12:20:16 PM:216,-0.09862193,1.551308,0.1409879,356.2677,268.9034,354.5589,Head
12/22/2016 12:20:16 PM:283,-0.09966193,1.551226,0.1344452,356.8571,267.1932,358.6218,Head
12/22/2016 12:20:16 PM:343,-0.1004339,1.550992,0.1314636,357.1581,266.3207,0.02673455,Head
12/22/2016 12:20:16 PM:387,-0.1012594,1.550997,0.1290775,357.2366,265.6708,0.7142774,Head
12/22/2016 12:20:16 PM:440,-0.1018896,1.551424,0.1269281,357.2456,264.9807,1.02929,Head
12/22/2016 12:20:16 PM:507,-0.1021027,1.551676,0.1257097,357.1676,264.7296,1.351413,Head
12/22/2016 12:20:16 PM:562,-0.1020155,1.551656,0.1254338,357.1937,264.6365,1.519013,Head
12/22/2016 12:20:16 PM:597,-0.102106,1.551713,0.1254125,357.1747,264.5815,1.580354,Head
12/22/2016 12:20:16 PM:628,-0.1020308,1.551752,0.1255526,357.2099,264.5394,1.600869,Head
12/22/2016 12:20:16 PM:663,-0.1022196,1.551874,0.1257665,357.1557,264.5412,1.564695,Head
12/22/2016 12:20:16 PM:696,-0.1023324,1.552033,0.1260642,357.0793,264.5598,1.551968,Head
12/22/2016 12:20:16 PM:730,-0.1025929,1.551928,0.1264415,357.1081,264.5948,1.453707,Head
12/22/2016 12:20:16 PM:764,-0.1027038,1.552057,0.126789,357.0797,264.6581,1.362427,Head
12/22/2016 12:20:16 PM:797,-0.10265,1.552039,0.1270128,357.0744,264.7063,1.292191,Head
12/22/2016 12:20:16 PM:836,-0.1026384,1.551991,0.1274419,357.0968,264.793,1.162286,Head
12/22/2016 12:20:16 PM:880,-0.1027695,1.552017,0.1277512,357.0652,264.8812,1.033924,Head
12/22/2016 12:20:16 PM:931,-0.1025496,1.551919,0.1276613,357.1563,264.9046,0.8373552,Head
12/22/2016 12:20:16 PM:999,-0.1024897,1.551949,0.1275727,357.1516,264.7877,0.8457953,Head
12/22/2016 12:20:17 PM:36,-0.102121,1.552035,0.1274662,357.1536,264.5845,0.9331233,Head
12/22/2016 12:20:17 PM:101,-0.1015819,1.551981,0.1269218,357.1549,264.301,1.010913,Head
12/22/2016 12:20:17 PM:145,-0.101442,1.551936,0.1267562,357.1311,264.1753,0.9928212,Head
12/22/2016 12:20:17 PM:181,-0.1013204,1.551915,0.126584,357.14,264.0726,0.984347,Head
12/22/2016 12:20:17 PM:211,-0.1011181,1.551904,0.126449,357.1744,263.95,0.9728345,Head
12/22/2016 12:20:17 PM:244,-0.1009756,1.551808,0.1263106,357.2009,263.832,0.9424917,Head
12/22/2016 12:20:17 PM:278,-0.100909,1.551857,0.1261976,357.1758,263.7038,0.9259548,Head
12/22/2016 12:20:17 PM:313,-0.100773,1.551841,0.1260178,357.1684,263.6106,0.8731326,Head
12/22/2016 12:20:17 PM:347,-0.1009899,1.551788,0.1259772,357.2376,263.5406,0.8476316,Head
12/22/2016 12:20:17 PM:385,-0.1010688,1.551817,0.1259044,357.2719,263.495,0.7455645,Head
12/22/2016 12:20:17 PM:423,-0.1011821,1.551793,0.1259736,357.2706,263.5186,0.6190666,Head
12/22/2016 12:20:17 PM:490,-0.1013174,1.552121,0.1266755,357.017,263.7696,0.07943817,Head
12/22/2016 12:20:17 PM:551,-0.1012052,1.552307,0.127183,356.968,263.8904,359.9787,Head
12/22/2016 12:20:17 PM:582,-0.1008185,1.552482,0.1273871,356.8903,263.973,359.9802,Head
12/22/2016 12:20:17 PM:618,-0.1008916,1.552611,0.1276799,356.8673,264.0041,359.924,Head
12/22/2016 12:20:17 PM:656,-0.1010127,1.552634,0.1279276,356.8192,264.0037,359.8499,Head
12/22/2016 12:20:17 PM:698,-0.1012259,1.552469,0.1281848,356.8237,264.0106,359.7289,Head
12/22/2016 12:20:17 PM:758,-0.1012625,1.552492,0.1284105,356.8705,263.9633,359.5512,Head
12/22/2016 12:20:17 PM:807,-0.101385,1.552699,0.1284622,356.8019,263.8181,359.4106,Head
12/22/2016 12:20:17 PM:838,-0.1012977,1.552742,0.1284261,356.7835,263.7126,359.305,Head
12/22/2016 12:20:17 PM:874,-0.1016122,1.552885,0.1285004,356.6975,263.6318,359.3283,Head
12/22/2016 12:20:17 PM:908,-0.1017938,1.553092,0.1285699,356.6238,263.6155,359.3228,Head
12/22/2016 12:20:17 PM:942,-0.1021077,1.55317,0.1286511,356.604,263.621,359.3222,Head
12/22/2016 12:20:17 PM:975,-0.1024093,1.553027,0.1285338,356.6332,263.638,359.2801,Head
12/22/2016 12:20:18 PM:13,-0.1026305,1.553067,0.1286432,356.6932,263.6571,359.1806,Head
12/22/2016 12:20:18 PM:57,-0.1030504,1.553029,0.1287322,356.7189,263.6845,359.0685,Head
12/22/2016 12:20:18 PM:115,-0.103404,1.552953,0.1283673,356.6416,263.4389,358.7508,Head
12/22/2016 12:20:18 PM:182,-0.1030314,1.553304,0.1282515,356.5243,263.2532,358.6,Head
12/22/2016 12:20:18 PM:229,-0.1031427,1.553309,0.1282193,356.5081,263.2402,358.7113,Head
12/22/2016 12:20:18 PM:266,-0.1032109,1.553298,0.1282018,356.4894,263.2562,358.709,Head
12/22/2016 12:20:18 PM:323,-0.1029684,1.553356,0.1283218,356.4879,263.2816,358.6762,Head
12/22/2016 12:20:18 PM:360,-0.1028078,1.553265,0.1284441,356.5321,263.3246,358.5506,Head
12/22/2016 12:20:18 PM:396,-0.102648,1.55328,0.1283204,356.5284,263.3521,358.524,Head
12/22/2016 12:20:18 PM:427,-0.1025032,1.553266,0.1281838,356.4938,263.3665,358.5448,Head
12/22/2016 12:20:18 PM:462,-0.1024181,1.553349,0.1281445,356.4687,263.3649,358.5491,Head
12/22/2016 12:20:18 PM:495,-0.1023945,1.553363,0.1281798,356.4587,263.3518,358.5339,Head
12/22/2016 12:20:18 PM:527,-0.1022663,1.553397,0.1280018,356.4153,263.3113,358.5287,Head
12/22/2016 12:20:18 PM:561,-0.1022955,1.553362,0.1278473,356.4037,263.2579,358.5417,Head
12/22/2016 12:20:18 PM:594,-0.1021365,1.553324,0.12762,356.4287,263.1687,358.5409,Head
12/22/2016 12:20:18 PM:627,-0.101727,1.553494,0.1273502,356.387,263.1031,358.5084,Head
12/22/2016 12:20:18 PM:661,-0.1014853,1.55356,0.1272342,356.3657,263.052,358.55,Head
12/22/2016 12:20:18 PM:698,-0.1011374,1.553672,0.1269929,356.3461,263.0178,358.5472,Head
12/22/2016 12:20:18 PM:736,-0.1007216,1.55374,0.126772,356.2914,262.9637,358.6131,Head
12/22/2016 12:20:18 PM:767,-0.1001345,1.55376,0.1264931,356.2646,262.9072,358.6238,Head
12/22/2016 12:20:18 PM:797,-0.09953895,1.553768,0.1261803,356.2286,262.8005,358.6422,Head
12/22/2016 12:20:18 PM:840,-0.09889916,1.553698,0.1257906,356.2035,262.687,358.7009,Head
12/22/2016 12:20:18 PM:877,-0.09796157,1.553725,0.1249981,356.0874,262.5452,358.7441,Head
12/22/2016 12:20:18 PM:942,-0.09658557,1.553693,0.1243542,356.0222,262.4631,358.73,Head
12/22/2016 12:20:18 PM:985,-0.09564268,1.5537,0.1242842,355.9695,262.4685,358.7475,Head
12/22/2016 12:20:19 PM:19,-0.09499428,1.553695,0.1241374,355.945,262.4719,358.7626,Head
12/22/2016 12:20:19 PM:67,-0.09431627,1.553712,0.1240867,355.9237,262.4745,358.7926,Head
12/22/2016 12:20:19 PM:102,-0.09293777,1.553826,0.1238224,355.8326,262.44,358.7802,Head
12/22/2016 12:20:19 PM:165,-0.09185132,1.553877,0.1237909,355.7014,262.3802,358.7871,Head
12/22/2016 12:20:19 PM:213,-0.09140648,1.55377,0.1236589,355.7692,262.3622,358.7972,Head
12/22/2016 12:20:19 PM:245,-0.09091412,1.553864,0.1235183,355.7356,262.3815,358.7873,Head
12/22/2016 12:20:19 PM:279,-0.09056297,1.553917,0.1233822,355.7269,262.4056,358.8228,Head
12/22/2016 12:20:19 PM:313,-0.09032097,1.553846,0.1233531,355.7547,262.4249,358.8381,Head
12/22/2016 12:20:19 PM:347,-0.08988102,1.553704,0.1230927,355.7774,262.4004,358.8762,Head
12/22/2016 12:20:19 PM:380,-0.08956224,1.553789,0.1231138,355.8047,262.3516,358.8374,Head
12/22/2016 12:20:19 PM:417,-0.08913571,1.553801,0.1230634,355.8073,262.2819,358.8467,Head
12/22/2016 12:20:19 PM:464,-0.0887658,1.553782,0.1229248,355.7612,262.1953,358.861,Head
12/22/2016 12:20:19 PM:523,-0.08791859,1.553727,0.1226527,355.7138,262.13,358.8653,Head
12/22/2016 12:20:19 PM:590,-0.08727641,1.553697,0.1225247,355.7068,262.1574,358.8512,Head
12/22/2016 12:20:19 PM:642,-0.08685108,1.553812,0.1225503,355.6842,262.1095,358.896,Head
12/22/2016 12:20:19 PM:683,-0.08639422,1.553813,0.1224196,355.6949,262.0323,358.9635,Head
12/22/2016 12:20:19 PM:737,-0.08583759,1.553838,0.1216239,355.6415,261.8568,359.2069,Head
12/22/2016 12:20:19 PM:802,-0.08513664,1.554024,0.1203852,355.6033,261.4856,359.9608,Head
12/22/2016 12:20:19 PM:849,-0.08461137,1.554078,0.11911,355.5692,260.9879,0.6096211,Head
12/22/2016 12:20:19 PM:878,-0.08425678,1.554143,0.1176208,355.5966,260.373,1.290097,Head
12/22/2016 12:20:19 PM:912,-0.08374955,1.553907,0.1156473,355.6841,259.6582,2.022824,Head
12/22/2016 12:20:19 PM:946,-0.08304638,1.553607,0.1134006,355.8548,258.8345,2.937481,Head
12/22/2016 12:20:19 PM:979,-0.08272071,1.553346,0.111158,356.0131,257.9274,3.909104,Head
12/22/2016 12:20:20 PM:14,-0.08199571,1.552833,0.1086846,356.2803,256.9561,4.995559,Head
12/22/2016 12:20:20 PM:46,-0.08153219,1.552227,0.1060538,356.5976,255.9176,6.033266,Head
12/22/2016 12:20:20 PM:80,-0.0808004,1.551615,0.1034231,356.92,254.8058,7.109458,Head
12/22/2016 12:20:20 PM:116,-0.08014382,1.550692,0.100523,357.3355,253.6675,8.17989,Head
12/22/2016 12:20:20 PM:154,-0.07943186,1.550032,0.09786345,357.7292,252.5214,8.992137,Head
12/22/2016 12:20:20 PM:187,-0.07879589,1.549257,0.09550016,358.0883,251.4452,9.718482,Head
12/22/2016 12:20:20 PM:227,-0.07803547,1.548714,0.09338073,358.347,250.4653,10.26726,Head
12/22/2016 12:20:20 PM:283,-0.07624991,1.547653,0.08963627,358.9873,248.6246,11.06694,Head
12/22/2016 12:20:20 PM:349,-0.07552479,1.546548,0.08767103,359.5518,247.6561,11.97544,Head
12/22/2016 12:20:20 PM:400,-0.07509315,1.545443,0.08646597,359.927,247.1529,13.49758,Head
12/22/2016 12:20:20 PM:428,-0.07407056,1.544061,0.08451516,0.5747449,246.4385,15.96496,Head
12/22/2016 12:20:20 PM:463,-0.07274443,1.541704,0.08238141,1.635234,245.4962,18.99275,Head
12/22/2016 12:20:20 PM:492,-0.07140704,1.538969,0.0799198,2.722677,244.7522,22.31013,Head
12/22/2016 12:20:20 PM:525,-0.0702948,1.536034,0.07734887,3.723235,243.9592,25.3755,Head
12/22/2016 12:20:20 PM:559,-0.06919166,1.533162,0.07451656,4.633316,243.1393,28.50172,Head
12/22/2016 12:20:20 PM:596,-0.06797706,1.530517,0.07178584,5.31736,242.2864,30.99763,Head
12/22/2016 12:20:20 PM:626,-0.06670395,1.528117,0.06941462,6.013434,241.4927,33.31351,Head
12/22/2016 12:20:20 PM:663,-0.06592562,1.52616,0.06746248,6.532989,240.8452,34.90918,Head
12/22/2016 12:20:20 PM:696,-0.06546963,1.524826,0.0661097,6.813071,240.4723,36.04964,Head
12/22/2016 12:20:20 PM:732,-0.06512909,1.524075,0.06538555,7.023237,240.184,36.59818,Head
12/22/2016 12:20:20 PM:767,-0.06511157,1.523973,0.06532292,7.139668,239.9178,36.6416,Head
12/22/2016 12:20:20 PM:803,-0.06544919,1.52402,0.06548703,7.198627,239.7076,36.44134,Head
12/22/2016 12:20:20 PM:837,-0.0659802,1.524415,0.06664786,7.140588,239.5677,35.97201,Head
12/22/2016 12:20:20 PM:896,-0.06699486,1.52589,0.06984081,7.037223,239.6768,34.66687,Head
12/22/2016 12:20:20 PM:963,-0.0687202,1.529058,0.07371649,6.124499,239.4045,32.07779,Head
12/22/2016 12:20:21 PM:7,-0.06992355,1.531146,0.07648229,5.562939,239.5337,30.31214,Head
12/22/2016 12:20:21 PM:42,-0.07134909,1.533167,0.07923451,4.965065,239.7089,28.70185,Head
12/22/2016 12:20:21 PM:76,-0.07273975,1.53512,0.08222115,4.384621,240.0224,26.62772,Head
12/22/2016 12:20:21 PM:118,-0.07424335,1.537304,0.08540946,3.729262,240.3607,24.37474,Head
12/22/2016 12:20:21 PM:176,-0.07764837,1.542047,0.09268409,2.310783,241.099,18.87922,Head
12/22/2016 12:20:21 PM:243,-0.08003581,1.545044,0.09934048,1.450509,242.035,14.08555,Head
12/22/2016 12:20:21 PM:291,-0.08120362,1.546374,0.1028743,0.8321187,242.5757,11.34316,Head
12/22/2016 12:20:21 PM:325,-0.0820179,1.547455,0.1062213,0.4048436,242.9862,8.642441,Head
12/22/2016 12:20:21 PM:362,-0.08314511,1.54832,0.1094791,0.01762658,243.4995,6.046147,Head
12/22/2016 12:20:21 PM:401,-0.08507699,1.549181,0.1147836,359.6244,244.3812,1.99777,Head
12/22/2016 12:20:21 PM:466,-0.08750133,1.549389,0.1212018,359.2654,245.6801,357.817,Head
12/22/2016 12:20:21 PM:520,-0.08959672,1.549036,0.1261749,359.0818,247.5289,355.2536,Head
12/22/2016 12:20:21 PM:556,-0.09115639,1.548813,0.1299584,358.9627,248.9802,353.123,Head
12/22/2016 12:20:21 PM:588,-0.09265504,1.548107,0.13395,358.9526,250.4091,350.7893,Head
12/22/2016 12:20:21 PM:624,-0.09413908,1.54723,0.1378995,358.9995,251.8178,347.9516,Head
12/22/2016 12:20:21 PM:657,-0.09570464,1.545854,0.1419206,359.1749,253.3219,345.1139,Head
12/22/2016 12:20:21 PM:694,-0.0974464,1.544061,0.1461373,359.5275,254.9069,342.1288,Head
12/22/2016 12:20:21 PM:771,-0.09947351,1.541715,0.1504938,0.03778717,256.7905,339.0885,Head
12/22/2016 12:20:21 PM:848,-0.1035679,1.533623,0.1630268,2.887882,263.3416,332.4696,Head
12/22/2016 12:20:21 PM:938,-0.1059772,1.525671,0.1740202,5.737201,269.9441,327.5662,Head
12/22/2016 12:20:22 PM:39,-0.1063978,1.519517,0.1783995,7.792177,272.498,324.8647,Head
12/22/2016 12:20:22 PM:103,-0.1066156,1.515802,0.1792433,9.319586,274.2053,324.1516,Head
12/22/2016 12:20:22 PM:170,-0.1069666,1.515551,0.1775385,9.426989,274.3585,324.4561,Head
12/22/2016 12:20:22 PM:214,-0.1073689,1.516477,0.1761213,8.94761,274.1071,324.5459,Head
12/22/2016 12:20:22 PM:246,-0.1076067,1.517342,0.1743045,8.658619,273.8844,325.1783,Head
12/22/2016 12:20:22 PM:279,-0.1075116,1.518956,0.1722664,8.178991,273.5095,325.8965,Head
12/22/2016 12:20:22 PM:313,-0.107472,1.520901,0.1701533,7.601187,273.0627,327.1295,Head
12/22/2016 12:20:22 PM:346,-0.1072879,1.523797,0.167865,6.661419,272.5691,328.6899,Head
12/22/2016 12:20:22 PM:381,-0.1073015,1.527232,0.1655421,5.552203,272.0057,330.6458,Head
12/22/2016 12:20:22 PM:413,-0.1073144,1.530866,0.16293,4.135504,271.2949,332.8436,Head
12/22/2016 12:20:22 PM:449,-0.1070684,1.534595,0.159909,2.793254,270.3902,335.146,Head
12/22/2016 12:20:22 PM:480,-0.1072192,1.538062,0.1568831,1.539558,269.29,337.7719,Head
12/22/2016 12:20:22 PM:515,-0.1069333,1.541034,0.1533048,0.4865834,267.9841,340.4723,Head
12/22/2016 12:20:22 PM:547,-0.106698,1.543804,0.1496977,359.4622,266.4653,343.2575,Head
12/22/2016 12:20:22 PM:584,-0.1064148,1.54585,0.1458782,358.7613,264.8199,345.9984,Head
12/22/2016 12:20:22 PM:620,-0.1057972,1.547364,0.1418772,358.3603,263.0766,348.4795,Head
12/22/2016 12:20:22 PM:653,-0.105275,1.548516,0.1376972,358.1776,261.3939,350.9116,Head
12/22/2016 12:20:22 PM:683,-0.1049796,1.549284,0.1338832,358.0371,259.8048,353.2723,Head
12/22/2016 12:20:22 PM:715,-0.1046627,1.549679,0.1303052,358.1346,258.3636,355.2874,Head
12/22/2016 12:20:22 PM:750,-0.1043557,1.549818,0.1268411,358.3217,257.0479,357.2933,Head
12/22/2016 12:20:22 PM:784,-0.1041629,1.54962,0.123482,358.5846,255.8167,359.1454,Head
12/22/2016 12:20:22 PM:820,-0.1038054,1.549376,0.1202188,358.8871,254.6945,0.8529285,Head
12/22/2016 12:20:22 PM:852,-0.1033508,1.549437,0.1172425,358.9866,253.577,2.459053,Head
12/22/2016 12:20:22 PM:890,-0.1026597,1.549738,0.1144195,358.8738,252.4096,3.734771,Head
12/22/2016 12:20:22 PM:935,-0.1020063,1.550193,0.1118463,358.6376,251.2043,4.569114,Head
12/22/2016 12:20:22 PM:973,-0.1003914,1.550758,0.1083461,358.3814,249.3266,5.605745,Head
12/22/2016 12:20:23 PM:65,-0.09874927,1.550956,0.1051178,358.2192,247.6316,6.20223,Head
12/22/2016 12:20:23 PM:131,-0.09629054,1.550608,0.1026214,358.4798,246.2772,6.371526,Head
12/22/2016 12:20:23 PM:197,-0.09471226,1.550184,0.1016832,358.7065,246.0187,6.193971,Head
12/22/2016 12:20:23 PM:242,-0.09412318,1.550088,0.1015503,358.7739,246.0147,6.082525,Head
12/22/2016 12:20:23 PM:281,-0.093401,1.550087,0.1013816,358.7967,246.0385,5.956473,Head
12/22/2016 12:20:23 PM:313,-0.09275516,1.5499,0.1013684,358.8497,246.0716,5.863599,Head
12/22/2016 12:20:23 PM:355,-0.09211539,1.549899,0.1012956,358.8253,246.1591,5.708341,Head
12/22/2016 12:20:23 PM:389,-0.09066924,1.549964,0.1014296,358.7204,246.3578,5.354307,Head
12/22/2016 12:20:23 PM:454,-0.08958374,1.550189,0.1020848,358.5908,246.7424,4.949689,Head
12/22/2016 12:20:23 PM:498,-0.08924605,1.550239,0.1022955,358.5959,246.8795,4.847858,Head
12/22/2016 12:20:23 PM:534,-0.0889057,1.550191,0.1020906,358.6081,246.9357,4.768162,Head
12/22/2016 12:20:23 PM:566,-0.08857407,1.550139,0.1020225,358.609,246.9495,4.685787,Head
12/22/2016 12:20:23 PM:601,-0.08813374,1.550123,0.1019579,358.6276,246.9226,4.629779,Head
12/22/2016 12:20:23 PM:639,-0.08773325,1.550156,0.1018732,358.628,246.8802,4.6029,Head
12/22/2016 12:20:23 PM:681,-0.08684316,1.550303,0.1015645,358.6068,246.7896,4.617127,Head
12/22/2016 12:20:23 PM:745,-0.08624457,1.550183,0.1013328,358.6525,246.6273,4.581594,Head
12/22/2016 12:20:23 PM:792,-0.08622728,1.550429,0.1011439,358.6335,246.5654,4.520649,Head
12/22/2016 12:20:23 PM:828,-0.08599375,1.550282,0.1011034,358.6159,246.5216,4.479262,Head
12/22/2016 12:20:23 PM:864,-0.08563099,1.550287,0.1009761,358.5998,246.5032,4.435077,Head
12/22/2016 12:20:23 PM:897,-0.08541782,1.550301,0.1009322,358.5737,246.498,4.374049,Head
12/22/2016 12:20:23 PM:957,-0.08504565,1.550459,0.1008999,358.5565,246.5607,4.250382,Head
12/22/2016 12:20:24 PM:6,-0.08457368,1.550468,0.1010689,358.5623,246.6168,4.221514,Head
12/22/2016 12:20:24 PM:39,-0.08444303,1.550571,0.1011158,358.5234,246.6557,4.232026,Head
12/22/2016 12:20:24 PM:69,-0.08433773,1.55057,0.1012334,358.4987,246.6956,4.214796,Head
12/22/2016 12:20:24 PM:105,-0.08433378,1.55044,0.1012963,358.4943,246.7342,4.166561,Head
12/22/2016 12:20:24 PM:138,-0.08400727,1.550504,0.1012742,358.4801,246.7938,4.148465,Head
12/22/2016 12:20:24 PM:175,-0.08370348,1.550459,0.101573,358.4598,246.8673,4.148993,Head
12/22/2016 12:20:24 PM:207,-0.08366323,1.550367,0.1016788,358.4698,246.929,4.143333,Head
12/22/2016 12:20:24 PM:239,-0.08364423,1.55032,0.1017828,358.4823,246.981,4.153345,Head
12/22/2016 12:20:24 PM:270,-0.08353367,1.550266,0.1018495,358.463,247.0001,4.132351,Head
12/22/2016 12:20:24 PM:304,-0.0833392,1.550246,0.1021921,358.4417,247.0054,4.112631,Head
12/22/2016 12:20:24 PM:335,-0.08341107,1.550165,0.1021924,358.4436,247.0579,4.093549,Head
12/22/2016 12:20:24 PM:370,-0.08339301,1.55022,0.1025602,358.4299,247.1167,4.084635,Head
12/22/2016 12:20:24 PM:408,-0.08355692,1.550186,0.1025976,358.4756,247.1901,4.054447,Head
12/22/2016 12:20:24 PM:460,-0.08423726,1.550228,0.1027887,358.4649,247.3474,3.987485,Head
12/22/2016 12:20:24 PM:515,-0.08446848,1.55037,0.1030176,358.4693,247.4352,3.929262,Head
12/22/2016 12:20:24 PM:553,-0.08471049,1.550399,0.1031111,358.4745,247.4372,3.914676,Head
12/22/2016 12:20:24 PM:590,-0.08535862,1.550354,0.1029715,358.4954,247.4419,3.841128,Head
12/22/2016 12:20:24 PM:650,-0.08597342,1.550501,0.1028514,358.4508,247.4646,3.799401,Head
12/22/2016 12:20:24 PM:706,-0.0863712,1.550563,0.1030745,358.4758,247.4929,3.736477,Head
12/22/2016 12:20:24 PM:738,-0.0865546,1.550624,0.1032093,358.4792,247.5207,3.695815,Head
12/22/2016 12:20:24 PM:772,-0.08697349,1.550464,0.1033075,358.51,247.5618,3.650099,Head
12/22/2016 12:20:24 PM:805,-0.08704446,1.550329,0.1034826,358.5406,247.5869,3.618725,Head
12/22/2016 12:20:24 PM:842,-0.08701572,1.550265,0.1038163,358.5519,247.6019,3.593437,Head
12/22/2016 12:20:24 PM:876,-0.08730113,1.550142,0.1037367,358.6194,247.5929,3.574713,Head
12/22/2016 12:20:24 PM:914,-0.08732408,1.550118,0.103809,358.6685,247.5798,3.548002,Head
12/22/2016 12:20:24 PM:947,-0.08761339,1.550042,0.1040124,358.7018,247.5483,3.518858,Head
12/22/2016 12:20:25 PM:7,-0.08818088,1.550084,0.1042079,358.7116,247.5162,3.505476,Head
12/22/2016 12:20:25 PM:74,-0.08873491,1.550149,0.1043542,358.7614,247.5641,3.428001,Head
12/22/2016 12:20:25 PM:119,-0.08879085,1.550038,0.1044382,358.7946,247.6087,3.41873,Head
12/22/2016 12:20:25 PM:155,-0.08907171,1.549986,0.1044201,358.8009,247.6203,3.432829,Head
12/22/2016 12:20:25 PM:187,-0.08920797,1.549881,0.104334,358.8207,247.6085,3.456589,Head
12/22/2016 12:20:25 PM:220,-0.08929718,1.549942,0.1044144,358.8227,247.6032,3.465898,Head
12/22/2016 12:20:25 PM:253,-0.08944722,1.550024,0.1043866,358.8613,247.5744,3.500734,Head
12/22/2016 12:20:25 PM:287,-0.08952013,1.550104,0.1044632,358.8502,247.5634,3.524409,Head
12/22/2016 12:20:25 PM:322,-0.08950365,1.550139,0.104373,358.8577,247.5657,3.542611,Head
12/22/2016 12:20:25 PM:356,-0.08972317,1.550065,0.1044678,358.8736,247.5798,3.549592,Head
12/22/2016 12:20:25 PM:388,-0.08999358,1.549896,0.1045643,358.9098,247.5825,3.538152,Head
12/22/2016 12:20:25 PM:421,-0.08998691,1.549846,0.1044976,358.9281,247.6008,3.570313,Head
12/22/2016 12:20:25 PM:464,-0.09030522,1.549736,0.1044205,358.9652,247.618,3.601531,Head
12/22/2016 12:20:25 PM:501,-0.0903298,1.549588,0.1046155,359.0312,247.6078,3.617707,Head
12/22/2016 12:20:25 PM:565,-0.09049436,1.549721,0.1047873,359.0321,247.5356,3.602469,Head
12/22/2016 12:20:25 PM:613,-0.09035027,1.549803,0.1048158,359.0055,247.521,3.591077,Head
12/22/2016 12:20:25 PM:645,-0.09038629,1.549715,0.1047394,359.0157,247.487,3.588826,Head
12/22/2016 12:20:25 PM:685,-0.09020781,1.549739,0.1049149,359.0519,247.4941,3.534542,Head
12/22/2016 12:20:25 PM:724,-0.09011839,1.549832,0.1050005,359.0005,247.5462,3.476695,Head
12/22/2016 12:20:25 PM:808,-0.08985444,1.549944,0.1051828,358.9774,247.6263,3.374201,Head
12/22/2016 12:20:25 PM:875,-0.08910256,1.550103,0.1050646,358.8714,247.5968,3.316844,Head
12/22/2016 12:20:25 PM:942,-0.08856165,1.55018,0.1052895,358.801,247.509,3.308673,Head
12/22/2016 12:20:26 PM:1,-0.08791163,1.550248,0.1054521,358.7282,247.497,3.342883,Head
12/22/2016 12:20:26 PM:68,-0.08741572,1.550287,0.1056536,358.734,247.5563,3.300515,Head
12/22/2016 12:20:26 PM:117,-0.08721235,1.550306,0.105585,358.7411,247.6131,3.295785,Head
12/22/2016 12:20:26 PM:150,-0.08712552,1.550368,0.105683,358.7401,247.6615,3.288906,Head
12/22/2016 12:20:26 PM:186,-0.08671758,1.550351,0.1058332,358.7265,247.6792,3.274996,Head
12/22/2016 12:20:26 PM:222,-0.08644482,1.550442,0.1057149,358.6946,247.6786,3.294878,Head
12/22/2016 12:20:26 PM:265,-0.08633194,1.550394,0.1053235,358.6441,247.6658,3.252632,Head
12/22/2016 12:20:26 PM:330,-0.08564357,1.550526,0.1052373,358.6598,247.7135,3.210841,Head
12/22/2016 12:20:26 PM:377,-0.08506671,1.5505,0.1052244,358.6645,247.7384,3.224516,Head
12/22/2016 12:20:26 PM:407,-0.08472022,1.550398,0.1049403,358.6503,247.7327,3.234359,Head
12/22/2016 12:20:26 PM:470,-0.083621,1.550346,0.1044849,358.6665,247.6441,3.220883,Head
12/22/2016 12:20:26 PM:521,-0.08331809,1.550415,0.1044176,358.658,247.5764,3.273453,Head
12/22/2016 12:20:26 PM:565,-0.08293232,1.550518,0.1041812,358.6224,247.538,3.286399,Head
12/22/2016 12:20:26 PM:615,-0.08220178,1.550628,0.1040143,358.5576,247.504,3.316378,Head
12/22/2016 12:20:26 PM:674,-0.0817316,1.550563,0.1038279,358.5309,247.5464,3.370274,Head
12/22/2016 12:20:26 PM:712,-0.08143799,1.550567,0.1034579,358.5211,247.5672,3.411296,Head
12/22/2016 12:20:26 PM:760,-0.08102311,1.550538,0.102926,358.4933,247.5931,3.618025,Head
12/22/2016 12:20:26 PM:828,-0.08062327,1.550679,0.1022759,358.4756,247.4657,4.059186,Head
12/22/2016 12:20:26 PM:882,-0.0800119,1.55086,0.1018117,358.4398,247.2816,4.481061,Head
12/22/2016 12:20:26 PM:917,-0.07972698,1.550949,0.1013404,358.3675,247.1313,4.664216,Head
12/22/2016 12:20:26 PM:949,-0.07941207,1.550969,0.1008456,358.337,246.9531,4.846107,Head
12/22/2016 12:20:26 PM:985,-0.07933754,1.550847,0.1004175,358.3433,246.8103,4.958339,Head
12/22/2016 12:20:27 PM:21,-0.07892342,1.550846,0.10002,358.335,246.686,5.089526,Head
12/22/2016 12:20:27 PM:54,-0.07877409,1.550913,0.09959911,358.3555,246.589,5.203106,Head
12/22/2016 12:20:27 PM:85,-0.07854298,1.550863,0.09912291,358.3819,246.533,5.289312,Head
12/22/2016 12:20:27 PM:126,-0.07819232,1.550779,0.09868545,358.4037,246.4375,5.475167,Head
12/22/2016 12:20:27 PM:186,-0.07770373,1.550871,0.09763661,358.3689,246.2565,5.810941,Head
12/22/2016 12:20:27 PM:246,-0.07717876,1.550725,0.0969766,358.336,246.1139,6.11122,Head
12/22/2016 12:20:27 PM:280,-0.0770616,1.550731,0.09638704,358.3248,245.9877,6.342278,Head
12/22/2016 12:20:27 PM:310,-0.07683289,1.550683,0.09584709,358.3385,245.8778,6.638018,Head
12/22/2016 12:20:27 PM:340,-0.07669283,1.550572,0.09525348,358.4019,245.7371,6.962909,Head
12/22/2016 12:20:27 PM:375,-0.0764253,1.550447,0.09449215,358.4818,245.6109,7.32776,Head
12/22/2016 12:20:27 PM:412,-0.07585411,1.550318,0.09387246,358.5264,245.4582,7.722313,Head
12/22/2016 12:20:27 PM:444,-0.07558984,1.550215,0.09309252,358.5651,245.256,8.046784,Head
12/22/2016 12:20:27 PM:474,-0.07539386,1.54999,0.09243509,358.59,245.0552,8.298281,Head
12/22/2016 12:20:27 PM:506,-0.07530642,1.550022,0.09197763,358.6089,244.8384,8.407797,Head
12/22/2016 12:20:27 PM:542,-0.07511144,1.54995,0.09173459,358.6419,244.6932,8.435901,Head
12/22/2016 12:20:27 PM:573,-0.07505852,1.550088,0.09119365,358.6505,244.6629,8.417742,Head
12/22/2016 12:20:27 PM:614,-0.07519478,1.550081,0.09108634,358.6494,244.6937,8.432166,Head
12/22/2016 12:20:27 PM:651,-0.07543992,1.549841,0.09087628,358.6996,244.7827,8.406623,Head
12/22/2016 12:20:27 PM:696,-0.07582901,1.549958,0.09044339,358.7216,244.9167,8.322162,Head
12/22/2016 12:20:27 PM:755,-0.07636601,1.550077,0.09059797,358.7415,245.053,8.138195,Head
12/22/2016 12:20:27 PM:822,-0.07659744,1.550135,0.0908602,358.6888,245.1904,7.964105,Head
12/22/2016 12:20:27 PM:871,-0.07694232,1.550114,0.09084567,358.699,245.2998,7.815113,Head
12/22/2016 12:20:27 PM:912,-0.07754119,1.550063,0.09101029,358.7166,245.4303,7.660337,Head
12/22/2016 12:20:27 PM:951,-0.07852668,1.550137,0.09130986,358.7277,245.6885,7.422229,Head
12/22/2016 12:20:28 PM:12,-0.07940064,1.550274,0.09176178,358.7258,245.9786,7.155374,Head
12/22/2016 12:20:28 PM:60,-0.07984363,1.55021,0.09211587,358.7082,246.0804,7.037555,Head
12/22/2016 12:20:28 PM:93,-0.08026938,1.550212,0.09234877,358.6996,246.1602,6.936305,Head
12/22/2016 12:20:28 PM:122,-0.0805418,1.550265,0.09245625,358.7043,246.2172,6.877475,Head
12/22/2016 12:20:28 PM:162,-0.08116585,1.550297,0.09245418,358.7348,246.269,6.829495,Head
12/22/2016 12:20:28 PM:198,-0.08169751,1.550263,0.09247769,358.8131,246.3083,6.759337,Head
12/22/2016 12:20:28 PM:257,-0.08266377,1.550216,0.09257948,358.863,246.3745,6.607667,Head
12/22/2016 12:20:28 PM:324,-0.08348884,1.55028,0.09261762,358.8932,246.4106,6.487664,Head
12/22/2016 12:20:28 PM:381,-0.08394497,1.550151,0.09249784,358.9032,246.4279,6.416686,Head
12/22/2016 12:20:28 PM:431,-0.08471264,1.550196,0.09250834,358.9027,246.4443,6.316529,Head
12/22/2016 12:20:28 PM:489,-0.08541209,1.550396,0.09251462,358.8742,246.428,6.117011,Head
12/22/2016 12:20:28 PM:555,-0.08609706,1.550411,0.0926729,358.8554,246.4471,6.03927,Head
12/22/2016 12:20:28 PM:621,-0.08674604,1.550542,0.09279809,358.81,246.3741,5.94376,Head
12/22/2016 12:20:28 PM:674,-0.08684159,1.550621,0.09291612,358.8125,246.3631,5.961823,Head
12/22/2016 12:20:28 PM:724,-0.08721955,1.550673,0.09290882,358.7457,246.3044,5.965787,Head
12/22/2016 12:20:28 PM:782,-0.08811432,1.550868,0.09309253,358.6636,246.1732,5.990832,Head
12/22/2016 12:20:28 PM:850,-0.08884919,1.55087,0.09285169,358.7106,246.0914,5.927226,Head
12/22/2016 12:20:28 PM:895,-0.08928719,1.550921,0.0927839,358.7505,246.0959,5.908993,Head
12/22/2016 12:20:28 PM:942,-0.08980598,1.551041,0.09280881,358.7366,246.1281,5.848714,Head
12/22/2016 12:20:28 PM:978,-0.09040183,1.55094,0.09298083,358.7503,246.197,5.763859,Head
12/22/2016 12:20:29 PM:39,-0.09160604,1.550736,0.09310917,358.9207,246.2527,5.716956,Head
12/22/2016 12:20:29 PM:85,-0.0919981,1.550843,0.09310327,358.9296,246.2538,5.656273,Head
12/22/2016 12:20:29 PM:120,-0.09246911,1.55092,0.09333954,358.9421,246.279,5.612534,Head
12/22/2016 12:20:29 PM:157,-0.09301342,1.550916,0.09352572,358.9509,246.315,5.561017,Head
12/22/2016 12:20:29 PM:232,-0.09329964,1.550812,0.09369116,358.9326,246.3804,5.485384,Head
12/22/2016 12:20:29 PM:309,-0.09420642,1.55092,0.09442385,358.9703,246.634,5.280669,Head
12/22/2016 12:20:29 PM:369,-0.09550052,1.55089,0.09459397,358.9308,246.7212,5.102854,Head
12/22/2016 12:20:29 PM:430,-0.09609941,1.550983,0.09476455,358.9569,246.6513,5.075045,Head
12/22/2016 12:20:29 PM:478,-0.09659993,1.551055,0.09478936,358.9044,246.6205,5.071756,Head
12/22/2016 12:20:29 PM:509,-0.09701419,1.551028,0.09460579,358.9292,246.5907,5.043778,Head
12/22/2016 12:20:29 PM:543,-0.0976114,1.550873,0.09457075,358.9567,246.599,5.058021,Head
12/22/2016 12:20:29 PM:608,-0.09819579,1.550812,0.09449304,358.9871,246.6342,5.042099,Head
12/22/2016 12:20:29 PM:659,-0.09903856,1.550747,0.09460022,358.9958,246.6848,4.959467,Head
12/22/2016 12:20:29 PM:713,-0.09952399,1.550845,0.09431608,358.9405,246.6732,4.91857,Head
12/22/2016 12:20:29 PM:781,-0.1005319,1.550938,0.09392093,358.957,246.6323,4.866549,Head
12/22/2016 12:20:29 PM:853,-0.1005636,1.55082,0.09385911,358.978,246.6846,4.89541,Head
12/22/2016 12:20:29 PM:906,-0.1013064,1.55082,0.09356932,359.0096,246.7718,4.954369,Head
12/22/2016 12:20:29 PM:962,-0.1026383,1.550731,0.09326291,359.0404,246.8339,4.960511,Head
12/22/2016 12:20:30 PM:23,-0.1033681,1.550736,0.09315991,359.1964,246.9609,4.937603,Head
12/22/2016 12:20:30 PM:95,-0.1040228,1.550692,0.09310984,359.2225,247.084,4.900812,Head
12/22/2016 12:20:30 PM:143,-0.104597,1.550594,0.0928462,359.3124,247.2088,4.887171,Head
12/22/2016 12:20:30 PM:209,-0.1048182,1.550399,0.0923163,359.3031,247.2948,4.921319,Head
12/22/2016 12:20:30 PM:277,-0.1047753,1.550514,0.09169455,359.2749,247.2532,4.999926,Head
12/22/2016 12:20:30 PM:337,-0.1045266,1.550505,0.09109183,359.2337,247.2075,5.062655,Head
12/22/2016 12:20:30 PM:418,-0.1047771,1.550465,0.09063801,359.2369,247.2317,5.07702,Head
12/22/2016 12:20:30 PM:478,-0.1045333,1.550459,0.09008887,359.2567,247.2259,5.163132,Head
12/22/2016 12:20:30 PM:544,-0.1045682,1.550398,0.08951633,359.2308,247.1343,5.208951,Head
12/22/2016 12:20:30 PM:612,-0.1046128,1.550373,0.08882071,359.2045,247.1323,5.260091,Head
12/22/2016 12:20:30 PM:708,-0.1050115,1.550305,0.0883322,359.2712,247.2139,5.259984,Head
12/22/2016 12:20:30 PM:803,-0.1055324,1.549972,0.08759857,359.4116,247.305,5.382606,Head
12/22/2016 12:20:30 PM:881,-0.105796,1.549955,0.08715492,359.4461,247.2578,5.423648,Head
12/22/2016 12:20:30 PM:959,-0.1054666,1.550165,0.08696131,359.3799,247.2185,5.417174,Head
12/22/2016 12:20:31 PM:40,-0.1056191,1.550187,0.08670364,359.3826,247.2941,5.340252,Head
12/22/2016 12:20:31 PM:140,-0.1056082,1.550147,0.08693078,359.356,247.4608,5.325327,Head
12/22/2016 12:20:31 PM:242,-0.1059911,1.550341,0.08725443,359.3243,247.6205,5.25604,Head
12/22/2016 12:20:31 PM:342,-0.106294,1.550284,0.08741411,359.3513,247.6911,5.240401,Head
12/22/2016 12:20:31 PM:440,-0.1064376,1.550329,0.08694296,359.3516,247.5971,5.243101,Head
12/22/2016 12:20:31 PM:555,-0.1066249,1.550511,0.08677326,359.3479,247.4575,5.375251,Head
12/22/2016 12:20:31 PM:611,-0.1064091,1.550406,0.08643747,359.3783,247.4018,5.39614,Head
12/22/2016 12:20:31 PM:681,-0.1064997,1.550129,0.08604264,359.4256,247.4082,5.533515,Head
12/22/2016 12:20:31 PM:743,-0.1064011,1.550182,0.08579127,359.4412,247.3945,5.569395,Head
12/22/2016 12:20:31 PM:787,-0.1064559,1.550275,0.0854834,359.408,247.3397,5.635345,Head
12/22/2016 12:20:31 PM:846,-0.1061839,1.550069,0.08521175,359.4563,247.3284,5.722071,Head
12/22/2016 12:20:31 PM:914,-0.1064123,1.550259,0.08503024,359.431,247.4046,5.700562,Head
12/22/2016 12:20:31 PM:964,-0.1063529,1.550256,0.08516105,359.3978,247.4627,5.662219,Head
12/22/2016 12:20:32 PM:11,-0.1065295,1.550331,0.08550656,359.3492,247.6269,5.56164,Head
12/22/2016 12:20:32 PM:69,-0.1069458,1.550394,0.08646493,359.3028,247.8946,5.332989,Head
12/22/2016 12:20:32 PM:138,-0.1070556,1.550756,0.08775088,359.1599,248.2961,4.957177,Head
12/22/2016 12:20:32 PM:190,-0.1074054,1.5508,0.08837911,359.0711,248.5469,4.739336,Head
12/22/2016 12:20:32 PM:243,-0.1080758,1.550884,0.08973381,358.9813,249.0191,4.35259,Head
12/22/2016 12:20:32 PM:309,-0.1089599,1.551297,0.09185965,358.8704,249.7828,3.72267,Head
12/22/2016 12:20:32 PM:384,-0.1100929,1.551601,0.09384617,358.7124,250.6013,3.129408,Head
12/22/2016 12:20:32 PM:456,-0.1109145,1.551521,0.09586207,358.6574,251.5309,2.505414,Head
12/22/2016 12:20:32 PM:521,-0.112095,1.551728,0.09876706,358.5626,252.8788,1.776919,Head
12/22/2016 12:20:32 PM:594,-0.1128878,1.551986,0.1023309,358.4013,254.5557,0.6661147,Head
12/22/2016 12:20:32 PM:683,-0.1137182,1.552554,0.1075799,358.0318,256.7568,358.7132,Head
12/22/2016 12:20:32 PM:761,-0.1152831,1.552818,0.1193393,357.3701,260.7805,352.8523,Head
12/22/2016 12:20:32 PM:828,-0.1159046,1.550926,0.1307707,357.3258,264.3062,345.8972,Head
12/22/2016 12:20:32 PM:891,-0.1164648,1.545934,0.14512,357.9421,268.8483,337.088,Head
12/22/2016 12:20:32 PM:957,-0.116314,1.536814,0.1606414,359.9227,274.3442,327.851,Head
12/22/2016 12:20:33 PM:26,-0.1150186,1.525884,0.1754247,3.110545,280.1783,321.2887,Head
12/22/2016 12:20:33 PM:84,-0.1137987,1.519066,0.1865925,6.592386,285.4616,321.2825,Head
12/22/2016 12:20:33 PM:204,-0.113024,1.51481,0.1936257,8.544668,287.4962,321.5508,Head
12/22/2016 12:20:33 PM:259,-0.1120085,1.513069,0.1974593,9.216802,287.5353,320.2723,Head
12/22/2016 12:20:33 PM:343,-0.1119478,1.518225,0.1951729,7.523334,287.4673,322.181,Head
12/22/2016 12:20:33 PM:410,-0.112425,1.527997,0.1877127,4.163055,286.7686,326.1706,Head
12/22/2016 12:20:33 PM:464,-0.1129763,1.538664,0.1768813,0.9464861,284.9376,332.177,Head
12/22/2016 12:20:33 PM:542,-0.1134424,1.549974,0.1641402,356.894,282.2906,340.344,Head
12/22/2016 12:20:33 PM:616,-0.113389,1.557137,0.1520157,354.4892,279.934,349.2769,Head
12/22/2016 12:20:33 PM:684,-0.1095728,1.55922,0.1414566,353.6058,277.7478,358.6319,Head
12/22/2016 12:20:33 PM:759,-0.104789,1.556525,0.1262501,354.5637,273.0325,10.31895,Head
12/22/2016 12:20:33 PM:826,-0.1033559,1.551663,0.1122327,355.8575,267.8958,20.02545,Head
12/22/2016 12:20:33 PM:893,-0.1022691,1.543569,0.09926934,358.3307,262.5873,29.2894,Head
12/22/2016 12:20:33 PM:962,-0.1008262,1.533544,0.08876598,1.830216,258.8343,34.56151,Head
12/22/2016 12:20:34 PM:28,-0.09962219,1.524523,0.08202382,5.263775,256.7931,36.62203,Head
12/22/2016 12:20:34 PM:94,-0.09903497,1.517197,0.07780218,7.67346,256.6777,38.90576,Head
12/22/2016 12:20:34 PM:162,-0.09802689,1.511901,0.07560979,9.291729,257.1265,40.7531,Head
12/22/2016 12:20:34 PM:241,-0.09659375,1.509326,0.07467607,9.769391,257.1046,41.9494,Head
12/22/2016 12:20:34 PM:291,-0.0955079,1.509733,0.07550964,9.565558,256.8777,42.08015,Head
12/22/2016 12:20:34 PM:359,-0.09500931,1.512753,0.07837883,9.014759,256.5256,40.81924,Head
12/22/2016 12:20:34 PM:411,-0.09552883,1.515536,0.08045017,8.293159,256.3493,39.66979,Head
12/22/2016 12:20:34 PM:455,-0.09586047,1.520198,0.08483852,7.056712,256.3407,37.46856,Head
12/22/2016 12:20:34 PM:513,-0.09794418,1.526411,0.09071425,5.361655,256.6251,34.20671,Head
12/22/2016 12:20:34 PM:582,-0.1008538,1.533683,0.09805267,3.468484,258.3356,29.89242,Head
12/22/2016 12:20:34 PM:636,-0.1022123,1.537683,0.1024845,2.510322,259.7998,26.86707,Head
12/22/2016 12:20:34 PM:685,-0.1043008,1.544342,0.1101039,0.5728524,262.4611,21.78375,Head
12/22/2016 12:20:34 PM:744,-0.1036217,1.550886,0.1213709,358.0417,266.6911,14.90195,Head
12/22/2016 12:20:34 PM:806,-0.1032573,1.555061,0.132229,356.4057,271.0907,7.323825,Head
12/22/2016 12:20:34 PM:886,-0.1028872,1.555786,0.1410903,355.5158,272.9887,357.5635,Head
12/22/2016 12:20:34 PM:949,-0.1019094,1.553339,0.148933,355.8648,273.701,348.272,Head
12/22/2016 12:20:35 PM:15,-0.1013348,1.548067,0.1573185,356.5488,274.7346,339.7229,Head
12/22/2016 12:20:35 PM:74,-0.101424,1.540352,0.1663104,358.2303,277.5117,330.3971,Head
12/22/2016 12:20:35 PM:157,-0.1012955,1.530973,0.1753047,0.9817084,281.4569,324.4127,Head
12/22/2016 12:20:35 PM:217,-0.1005394,1.522614,0.1830593,4.33428,286.1978,322.7215,Head
12/22/2016 12:20:35 PM:303,-0.1004802,1.514793,0.1885616,7.581285,288.8343,321.3835,Head
12/22/2016 12:20:35 PM:370,-0.1015419,1.510322,0.1891078,9.460378,288.5481,320.6685,Head
12/22/2016 12:20:35 PM:446,-0.1030925,1.51008,0.1883513,9.669817,288.3042,320.9411,Head
12/22/2016 12:20:35 PM:512,-0.1047604,1.511297,0.1866923,9.379555,288.265,321.5515,Head
12/22/2016 12:20:35 PM:580,-0.1066308,1.514138,0.1837088,8.624239,288.1766,322.7966,Head
12/22/2016 12:20:35 PM:647,-0.1082079,1.518464,0.1791879,7.36416,287.9685,325.0151,Head
12/22/2016 12:20:35 PM:750,-0.1101264,1.528424,0.1711943,3.580797,287.3761,329.3613,Head
12/22/2016 12:20:35 PM:838,-0.1112905,1.53658,0.164228,359.5927,285.578,332.6376,Head
12/22/2016 12:20:35 PM:904,-0.1108477,1.541984,0.1586777,357.4529,283.7321,335.8568,Head
12/22/2016 12:20:35 PM:971,-0.1102189,1.547311,0.1532189,355.5764,282.1223,340.5154,Head
12/22/2016 12:20:36 PM:25,-0.1097658,1.55153,0.1471255,354.5499,280.3963,346.0879,Head
12/22/2016 12:20:36 PM:97,-0.1096213,1.553957,0.1412509,354.1355,278.5845,351.9879,Head
12/22/2016 12:20:36 PM:177,-0.1101266,1.5562,0.135223,353.7238,276.9668,357.7686,Head
12/22/2016 12:20:36 PM:253,-0.1098694,1.556316,0.1275975,354.009,274.4007,3.799573,Head
12/22/2016 12:20:36 PM:329,-0.1093406,1.555141,0.1213275,354.6663,272.7095,7.512837,Head
12/22/2016 12:20:36 PM:407,-0.108348,1.553126,0.1159102,355.8424,271.1406,10.39057,Head
12/22/2016 12:20:36 PM:474,-0.1074284,1.551228,0.1126918,356.8356,270.114,11.46869,Head
12/22/2016 12:20:36 PM:540,-0.10648,1.550802,0.1120874,357.2849,269.4862,10.45465,Head
12/22/2016 12:20:36 PM:607,-0.1055013,1.551232,0.1132076,357.1118,269.6588,9.355505,Head
12/22/2016 12:20:36 PM:677,-0.1042754,1.551492,0.1153298,357.103,270.3175,8.531643,Head
12/22/2016 12:20:36 PM:786,-0.1025204,1.551922,0.1193367,356.9735,271.225,7.112364,Head
12/22/2016 12:20:36 PM:859,-0.1014922,1.552488,0.1215728,356.8745,271.657,6.355968,Head
12/22/2016 12:20:36 PM:944,-0.1007224,1.553405,0.1235794,356.7479,271.924,5.682797,Head
12/22/2016 12:20:37 PM:10,-0.09985124,1.553443,0.1245057,356.6575,271.9923,5.19491,Head
12/22/2016 12:20:37 PM:79,-0.09921002,1.553596,0.1248925,356.6125,272.0612,5.010149,Head
12/22/2016 12:20:37 PM:156,-0.09886155,1.553749,0.1253561,356.5206,271.9669,4.795,Head
12/22/2016 12:20:37 PM:232,-0.09841527,1.553809,0.1255463,356.4341,272.0277,4.56065,Head
12/22/2016 12:20:37 PM:299,-0.09828666,1.553998,0.1259813,356.3268,272.1317,4.39417,Head
12/22/2016 12:20:37 PM:359,-0.09827977,1.554181,0.1263131,356.2247,272.1756,4.287686,Head
12/22/2016 12:20:37 PM:427,-0.09821151,1.554301,0.1266518,356.0526,272.3158,4.150786,Head
12/22/2016 12:20:37 PM:486,-0.09766659,1.554423,0.1268627,355.9968,272.4297,4.148718,Head
12/22/2016 12:20:37 PM:552,-0.0971685,1.554727,0.1268422,355.6611,272.5158,4.09594,Head
12/22/2016 12:20:37 PM:604,-0.09683573,1.554845,0.1267197,355.5359,272.5105,4.102,Head
12/22/2016 12:20:37 PM:654,-0.09657429,1.554965,0.1264479,355.4115,272.4614,4.044482,Head
12/22/2016 12:20:37 PM:743,-0.09646086,1.554805,0.1257821,355.4064,272.0892,4.04049,Head
12/22/2016 12:20:37 PM:828,-0.09664559,1.554868,0.1256265,355.3424,271.7958,3.875571,Head
12/22/2016 12:20:37 PM:895,-0.09744469,1.554856,0.1252209,355.3062,271.6248,3.761045,Head
12/22/2016 12:20:37 PM:971,-0.09799312,1.554861,0.1254866,355.3744,271.6363,3.758821,Head
12/22/2016 12:20:38 PM:38,-0.09829323,1.554845,0.1255661,355.3851,271.7203,3.696853,Head
12/22/2016 12:20:38 PM:157,-0.09930906,1.554757,0.1260048,355.3238,271.8453,3.499046,Head
12/22/2016 12:20:38 PM:239,-0.09988336,1.554971,0.1260359,355.3129,271.8968,3.405892,Head
12/22/2016 12:20:38 PM:292,-0.1004396,1.554738,0.1259271,355.3524,271.804,3.437452,Head
12/22/2016 12:20:38 PM:372,-0.1009819,1.554768,0.1261176,355.3466,271.6767,3.445838,Head
12/22/2016 12:20:38 PM:468,-0.1014235,1.554874,0.1260647,355.3697,271.5901,3.422704,Head
12/22/2016 12:20:38 PM:551,-0.1021231,1.55455,0.1258245,355.4319,271.518,3.555312,Head
12/22/2016 12:20:38 PM:619,-0.1024757,1.554505,0.1252482,355.4366,271.3868,3.611615,Head
12/22/2016 12:20:38 PM:708,-0.1029642,1.554356,0.1250181,355.4673,271.2029,3.684654,Head
12/22/2016 12:20:38 PM:774,-0.10298,1.554404,0.124713,355.4972,271.0018,3.832573,Head
12/22/2016 12:20:38 PM:840,-0.1029862,1.554251,0.1243227,355.5298,270.7784,3.935947,Head
12/22/2016 12:20:38 PM:892,-0.1026522,1.554402,0.1241167,355.5218,270.5724,3.959863,Head
12/22/2016 12:20:38 PM:973,-0.1026313,1.554195,0.1240251,355.5254,270.4078,3.850927,Head
12/22/2016 12:20:39 PM:43,-0.102306,1.554086,0.1242094,355.6194,270.3713,3.721923,Head
12/22/2016 12:20:39 PM:109,-0.1022624,1.553805,0.1244972,355.6685,270.408,3.630466,Head
12/22/2016 12:20:39 PM:208,-0.1017399,1.5539,0.1247419,355.6669,270.4311,3.558606,Head
12/22/2016 12:20:39 PM:266,-0.1015788,1.553777,0.124786,355.7568,270.4095,3.388145,Head
12/22/2016 12:20:39 PM:360,-0.1018584,1.553772,0.1248579,355.7637,270.4492,3.349121,Head
12/22/2016 12:20:39 PM:439,-0.1018368,1.553759,0.1246752,355.7869,270.4768,3.336514,Head
12/22/2016 12:20:39 PM:533,-0.1018147,1.553714,0.1241818,355.7942,270.4641,3.402094,Head
12/22/2016 12:20:39 PM:623,-0.1018722,1.553828,0.122773,355.8429,270.3344,3.733101,Head
12/22/2016 12:20:39 PM:689,-0.1023385,1.553919,0.1211294,355.8476,270.0679,4.509495,Head
12/22/2016 12:20:39 PM:772,-0.1028034,1.553896,0.1181977,355.9302,269.3882,5.668859,Head
12/22/2016 12:20:39 PM:847,-0.1036747,1.553464,0.1140142,356.1467,268.7318,8.172446,Head
12/22/2016 12:20:39 PM:944,-0.1061049,1.551388,0.1063875,357.0585,267.9114,14.02678,Head
12/22/2016 12:20:40 PM:29,-0.1076696,1.548114,0.09881607,358.1395,266.4532,19.7585,Head
12/22/2016 12:20:40 PM:137,-0.108476,1.544524,0.09065214,359.0879,264.2629,25.16718,Head
12/22/2016 12:20:40 PM:190,-0.1093968,1.537568,0.07972495,0.6714298,261.6451,33.05793,Head
12/22/2016 12:20:40 PM:255,-0.1097792,1.53124,0.07234716,2.372634,260.1796,37.44451,Head
12/22/2016 12:20:40 PM:320,-0.1104033,1.526825,0.06802471,3.520192,259.3799,39.40996,Head
12/22/2016 12:20:40 PM:363,-0.1111004,1.521197,0.06312073,5.133148,258.6602,41.69093,Head
12/22/2016 12:20:40 PM:423,-0.1118135,1.513802,0.05845898,7.493513,258.264,43.73256,Head
12/22/2016 12:20:40 PM:489,-0.1124792,1.508217,0.05538563,9.508952,257.827,45.21248,Head
12/22/2016 12:20:40 PM:542,-0.1132223,1.506657,0.05434635,10.09052,257.7168,45.64418,Head
12/22/2016 12:20:40 PM:588,-0.1139133,1.505621,0.05378493,10.71204,257.5311,45.78651,Head
12/22/2016 12:20:40 PM:649,-0.1151189,1.507615,0.05466118,10.61905,257.3509,44.92294,Head
12/22/2016 12:20:40 PM:714,-0.1167785,1.511094,0.05727638,9.853625,257.2066,43.54336,Head
12/22/2016 12:20:40 PM:790,-0.1178209,1.514215,0.06025507,9.355841,257.193,41.9296,Head
12/22/2016 12:20:40 PM:848,-0.118912,1.519299,0.06535703,8.37299,257.1361,38.88858,Head
12/22/2016 12:20:40 PM:915,-0.1192991,1.525258,0.07269224,6.966899,257.205,35.54791,Head
12/22/2016 12:20:40 PM:986,-0.1194675,1.531762,0.07981275,4.86947,257.288,32.42912,Head
12/22/2016 12:20:41 PM:43,-0.1189308,1.537875,0.0877796,3.077623,257.3675,28.12858,Head
12/22/2016 12:20:41 PM:126,-0.1183689,1.543644,0.09623328,1.474922,257.4536,22.93345,Head
12/22/2016 12:20:41 PM:214,-0.1177041,1.550251,0.108286,359.2804,257.9496,14.68408,Head
12/22/2016 12:20:41 PM:281,-0.1147683,1.555668,0.1209423,356.5695,259.2172,5.395698,Head
12/22/2016 12:20:41 PM:351,-0.1125065,1.557861,0.1334517,354.9477,260.808,357.967,Head
12/22/2016 12:20:41 PM:415,-0.1120863,1.556699,0.1462293,354.7461,262.6458,350.3146,Head
12/22/2016 12:20:41 PM:488,-0.1126922,1.551883,0.1589324,356.0157,264.9803,341.9664,Head
12/22/2016 12:20:41 PM:555,-0.1137806,1.544352,0.1729453,357.7823,268.0629,333.5137,Head
12/22/2016 12:20:41 PM:634,-0.1154426,1.533294,0.1902152,0.7371088,273.1468,324.6539,Head
12/22/2016 12:20:41 PM:696,-0.1162046,1.523891,0.2042411,3.97701,277.8402,320.9133,Head
12/22/2016 12:20:41 PM:769,-0.1169602,1.515868,0.2146952,7.254965,281.1853,319.395,Head
12/22/2016 12:20:41 PM:871,-0.1170537,1.508787,0.2212514,9.946395,282.2752,317.6047,Head
12/22/2016 12:20:41 PM:935,-0.1182088,1.502249,0.227542,12.09602,282.5269,315.0788,Head
12/22/2016 12:20:41 PM:986,-0.1193193,1.501299,0.2303467,12.04753,282.6068,314.1019,Head
12/22/2016 12:20:42 PM:69,-0.1202294,1.501918,0.2316368,11.63784,282.6718,313.9715,Head
12/22/2016 12:20:42 PM:142,-0.1208807,1.503521,0.2308082,11.42592,282.9451,314.9362,Head
12/22/2016 12:20:42 PM:225,-0.1208717,1.508003,0.2262999,10.18738,282.5109,316.9956,Head
12/22/2016 12:20:42 PM:297,-0.1201225,1.514841,0.2196086,7.784258,281.7135,318.6202,Head
12/22/2016 12:20:42 PM:387,-0.1174415,1.524652,0.2114947,4.27581,281.1423,321.7502,Head
12/22/2016 12:20:42 PM:460,-0.1154049,1.535016,0.2043288,1.002018,280.4839,327.1181,Head
12/22/2016 12:20:42 PM:527,-0.1130316,1.543187,0.1973316,358.3165,279.017,332.4819,Head
12/22/2016 12:20:42 PM:594,-0.1102031,1.549551,0.1886774,356.289,276.2815,338.4002,Head
12/22/2016 12:20:42 PM:663,-0.1075891,1.554422,0.1791549,354.8854,272.978,344.8134,Head
12/22/2016 12:20:42 PM:740,-0.1042353,1.557282,0.167968,354.1746,269.2696,352.2159,Head
12/22/2016 12:20:42 PM:846,-0.09995724,1.557654,0.153496,354.8067,265.8744,0.7522298,Head
12/22/2016 12:20:42 PM:919,-0.09707651,1.556083,0.1414457,355.4593,264.0535,7.278772,Head
12/22/2016 12:20:42 PM:969,-0.09454784,1.553144,0.1312024,356.6054,262.2172,13.10774,Head
12/22/2016 12:20:43 PM:38,-0.09237006,1.549709,0.1205741,357.5637,259.9694,18.54132,Head
12/22/2016 12:20:43 PM:103,-0.09044205,1.545989,0.1101603,358.4717,256.7803,22.64849,Head
12/22/2016 12:20:43 PM:174,-0.08928403,1.543888,0.104605,359.5341,254.6894,24.08925,Head
12/22/2016 12:20:43 PM:251,-0.08813751,1.541629,0.09888262,0.8933635,252.4942,24.54457,Head
12/22/2016 12:20:43 PM:305,-0.08846614,1.542952,0.09740362,0.8636837,252.1736,22.83772,Head
12/22/2016 12:20:43 PM:372,-0.08974677,1.544185,0.09932448,0.6905975,253.1835,21.61128,Head
12/22/2016 12:20:43 PM:427,-0.09033957,1.544611,0.1009767,0.5989988,254.1705,21.4431,Head
12/22/2016 12:20:43 PM:469,-0.0908106,1.545442,0.1038635,0.5216014,255.6303,20.62967,Head
12/22/2016 12:20:43 PM:529,-0.09141155,1.548004,0.1084856,359.5014,257.0953,17.8837,Head
12/22/2016 12:20:43 PM:612,-0.09189619,1.551098,0.114663,358.2812,258.7525,14.28415,Head
12/22/2016 12:20:43 PM:694,-0.09228609,1.554269,0.1225478,357.0744,260.8503,9.25821,Head
12/22/2016 12:20:43 PM:752,-0.09246558,1.555686,0.1299547,356.389,262.5758,4.288641,Head
12/22/2016 12:20:43 PM:828,-0.09338812,1.555423,0.135372,356.4514,263.8441,0.5161737,Head
12/22/2016 12:20:43 PM:903,-0.09465609,1.555036,0.1407996,356.5406,265.4219,358.6088,Head
12/22/2016 12:20:43 PM:971,-0.09658517,1.55417,0.1456108,356.8233,266.9082,356.3653,Head
12/22/2016 12:20:44 PM:47,-0.09845798,1.552455,0.1502708,357.6281,268.1339,353.4625,Head
12/22/2016 12:20:44 PM:109,-0.09985273,1.551399,0.1530628,358.0615,268.4764,352.0441,Head
12/22/2016 12:20:44 PM:185,-0.1011244,1.551778,0.1544674,357.8602,268.7382,353.2036,Head
12/22/2016 12:20:44 PM:260,-0.1023,1.55284,0.1548452,357.4973,269.2731,354.9921,Head
12/22/2016 12:20:44 PM:327,-0.1032133,1.553038,0.1545874,357.3773,269.3703,355.3806,Head
12/22/2016 12:20:44 PM:425,-0.1037297,1.553264,0.1536898,357.2763,269.1251,355.4518,Head
12/22/2016 12:20:44 PM:526,-0.1043972,1.553801,0.1525303,357.0535,268.5864,356.1003,Head
12/22/2016 12:20:44 PM:594,-0.1047407,1.554196,0.1517306,356.8376,268.1437,356.4776,Head
12/22/2016 12:20:44 PM:672,-0.1049112,1.55482,0.1506832,356.577,267.7219,356.6871,Head
12/22/2016 12:20:44 PM:722,-0.1050624,1.55532,0.1499217,356.2566,267.3327,356.9277,Head
12/22/2016 12:20:44 PM:806,-0.1047272,1.555707,0.149386,356.072,267.0798,357.1603,Head
12/22/2016 12:20:44 PM:868,-0.1045693,1.55601,0.1488677,355.8525,266.9406,357.3735,Head
12/22/2016 12:20:44 PM:952,-0.1041038,1.556384,0.1483997,355.6483,266.7772,357.5413,Head
12/22/2016 12:20:45 PM:18,-0.1037838,1.55647,0.147707,355.5197,266.6797,357.6796,Head
12/22/2016 12:20:45 PM:69,-0.1033933,1.556601,0.1470848,355.4226,266.6115,357.8122,Head
12/22/2016 12:20:45 PM:156,-0.1034936,1.556663,0.1463208,355.336,266.4442,357.9572,Head
12/22/2016 12:20:45 PM:237,-0.1033422,1.556748,0.1452487,355.3327,266.1881,358.0913,Head
12/22/2016 12:20:45 PM:308,-0.1035486,1.556939,0.1441922,355.249,265.9601,358.2448,Head
12/22/2016 12:20:45 PM:409,-0.1038303,1.556698,0.1427177,355.2567,265.636,358.376,Head
12/22/2016 12:20:45 PM:475,-0.104112,1.556918,0.1418496,355.1719,265.4855,358.4269,Head
12/22/2016 12:20:45 PM:543,-0.1047068,1.556919,0.1408399,355.0907,265.3993,358.4649,Head
12/22/2016 12:20:45 PM:609,-0.1051051,1.557186,0.1397425,355.0275,265.301,358.6064,Head
12/22/2016 12:20:45 PM:679,-0.1050959,1.557182,0.1384179,354.9654,265.1456,358.8039,Head
12/22/2016 12:20:45 PM:755,-0.1056712,1.557305,0.1372613,354.891,264.9644,358.9302,Head
12/22/2016 12:20:45 PM:821,-0.1060152,1.557064,0.1363098,354.9598,264.8488,359.0092,Head
12/22/2016 12:20:45 PM:907,-0.1063133,1.557016,0.1348771,354.9199,264.7817,359.2274,Head
12/22/2016 12:20:45 PM:977,-0.106297,1.556836,0.1343285,354.9577,264.7487,359.3122,Head
12/22/2016 12:20:46 PM:39,-0.1064067,1.556864,0.1340136,354.9555,264.6913,359.3636,Head
12/22/2016 12:20:46 PM:85,-0.1064795,1.556858,0.1338947,354.9423,264.6406,359.3477,Head
12/22/2016 12:20:46 PM:158,-0.1065485,1.556843,0.1340723,354.9509,264.6671,359.3017,Head
12/22/2016 12:20:46 PM:220,-0.1064362,1.556997,0.1341796,354.9427,264.6547,359.3213,Head
12/22/2016 12:20:46 PM:285,-0.1064926,1.556784,0.1339754,354.9609,264.5838,359.3521,Head
12/22/2016 12:20:46 PM:330,-0.1065354,1.556814,0.1341225,354.951,264.51,359.3608,Head
12/22/2016 12:20:46 PM:387,-0.1067623,1.556803,0.134249,354.998,264.4923,359.3845,Head
12/22/2016 12:20:46 PM:454,-0.1068031,1.556837,0.1342248,355.0392,264.4828,359.4644,Head
12/22/2016 12:20:46 PM:523,-0.1069253,1.556617,0.1341082,355.0942,264.4726,359.489,Head
12/22/2016 12:20:46 PM:583,-0.1067933,1.556639,0.1339389,355.1606,264.3752,359.59,Head
12/22/2016 12:20:46 PM:670,-0.1070314,1.556497,0.133808,355.1764,264.235,359.718,Head
12/22/2016 12:20:46 PM:771,-0.1070929,1.556572,0.1335449,355.1762,264.1363,359.7412,Head
12/22/2016 12:20:46 PM:824,-0.1068659,1.556527,0.1336208,355.3163,264.1133,359.9036,Head
12/22/2016 12:20:46 PM:906,-0.1069304,1.556433,0.1336098,355.2492,264.1086,359.8384,Head
12/22/2016 12:20:46 PM:971,-0.1067913,1.556566,0.1335877,355.2597,264.1577,359.789,Head
12/22/2016 12:20:47 PM:35,-0.1069957,1.556429,0.1333272,355.2311,264.1333,359.83,Head
12/22/2016 12:20:47 PM:110,-0.1070604,1.556264,0.1326594,355.358,263.9442,359.9353,Head
12/22/2016 12:20:47 PM:211,-0.1072378,1.556278,0.1319758,355.3714,263.7212,0.06620922,Head
12/22/2016 12:20:47 PM:296,-0.1079043,1.556491,0.1308017,355.3324,263.5635,0.1944095,Head
12/22/2016 12:20:47 PM:385,-0.1080902,1.556416,0.1300277,355.3983,263.349,0.2296076,Head
12/22/2016 12:20:47 PM:455,-0.1083728,1.556336,0.1293566,355.426,263.1815,0.2843928,Head
12/22/2016 12:20:47 PM:527,-0.1086509,1.556234,0.1289599,355.4408,263.0385,0.3553782,Head
12/22/2016 12:20:47 PM:602,-0.1090321,1.556157,0.1284238,355.4858,262.9287,0.3794816,Head
12/22/2016 12:20:47 PM:678,-0.1097766,1.556033,0.1277522,355.534,262.7538,0.4545331,Head
12/22/2016 12:20:47 PM:744,-0.1103234,1.555839,0.12707,355.6219,262.5479,0.6161585,Head
12/22/2016 12:20:47 PM:795,-0.1107715,1.556033,0.1265751,355.6515,262.2646,0.7341257,Head
12/22/2016 12:20:47 PM:870,-0.1114216,1.555898,0.1263571,355.7141,261.8754,0.7556608,Head
12/22/2016 12:20:47 PM:950,-0.1124125,1.555672,0.1271686,355.7402,261.0032,359.6657,Head
12/22/2016 12:20:48 PM:24,-0.1143185,1.555014,0.1302524,355.9576,259.2839,356.154,Head
12/22/2016 12:20:48 PM:92,-0.1173551,1.552736,0.1348499,356.7632,257.2318,350.6628,Head
12/22/2016 12:20:48 PM:172,-0.1221712,1.547427,0.1437789,357.6555,255.1833,340.7458,Head
12/22/2016 12:20:48 PM:247,-0.1286053,1.536352,0.1570423,359.522,256.556,328.3419,Head
12/22/2016 12:20:48 PM:353,-0.136685,1.515114,0.178252,4.841822,262.4307,315.9776,Head
12/22/2016 12:20:48 PM:425,-0.1394177,1.504495,0.1903366,9.036149,266.6187,314.5003,Head
12/22/2016 12:20:48 PM:502,-0.1392165,1.501296,0.1959746,9.878959,267.0674,313.6127,Head
12/22/2016 12:20:48 PM:570,-0.1380138,1.502534,0.1967689,8.9955,266.8538,313.0562,Head
12/22/2016 12:20:48 PM:637,-0.1357377,1.506613,0.195002,7.774188,267.1238,314.08,Head
12/22/2016 12:20:48 PM:705,-0.1322372,1.513687,0.1906959,5.800409,267.914,316.8064,Head
12/22/2016 12:20:48 PM:755,-0.1267524,1.522186,0.1837103,3.976228,268.8287,322.2732,Head
12/22/2016 12:20:48 PM:822,-0.121056,1.531783,0.175168,1.769802,270.0816,329.7218,Head
12/22/2016 12:20:48 PM:887,-0.1170408,1.538576,0.1681991,0.009335161,270.6574,335.6762,Head
12/22/2016 12:20:48 PM:930,-0.1122582,1.54601,0.1586407,358.0617,270.6163,343.3824,Head
12/22/2016 12:20:48 PM:993,-0.1069362,1.552295,0.1449869,356.3942,269.5698,354.1189,Head
12/22/2016 12:20:49 PM:59,-0.1024926,1.554538,0.1303926,355.8376,267.9915,4.928172,Head
12/22/2016 12:20:49 PM:112,-0.100985,1.553729,0.1223101,355.8992,267.1014,10.28345,Head
12/22/2016 12:20:49 PM:184,-0.09803241,1.548523,0.1033648,356.5604,264.1328,23.26807,Head
12/22/2016 12:20:49 PM:247,-0.09546088,1.538419,0.08355224,358.1862,258.9588,35.35595,Head
12/22/2016 12:20:49 PM:320,-0.09313896,1.527813,0.06852245,1.179121,254.5181,40.76613,Head
12/22/2016 12:20:49 PM:396,-0.09232859,1.522181,0.06179184,3.129265,252.9129,42.13865,Head
12/22/2016 12:20:49 PM:451,-0.09083334,1.514776,0.05482883,5.531171,252.4121,44.47171,Head
12/22/2016 12:20:49 PM:503,-0.09038763,1.5091,0.0528221,7.29035,253.8256,46.01625,Head
12/22/2016 12:20:49 PM:580,-0.09044153,1.507985,0.05246395,7.700959,254.5279,46.33108,Head
12/22/2016 12:20:49 PM:651,-0.09044464,1.51076,0.05391027,7.381354,253.8656,44.80494,Head
12/22/2016 12:20:49 PM:724,-0.09020256,1.517468,0.05835327,5.855806,253.1589,41.44459,Head
12/22/2016 12:20:49 PM:806,-0.09029698,1.528765,0.06902298,3.530457,252.1102,33.67158,Head
12/22/2016 12:20:49 PM:874,-0.09126879,1.536327,0.07746671,2.123298,250.4613,26.37862,Head
12/22/2016 12:20:49 PM:942,-0.09306531,1.541089,0.08639306,1.606142,249.7083,19.14634,Head
12/22/2016 12:20:50 PM:9,-0.09824795,1.545789,0.09470098,1.172975,249.4254,10.63842,Head
12/22/2016 12:20:50 PM:74,-0.1022342,1.548246,0.1041718,0.6191136,249.6802,1.31576,Head
12/22/2016 12:20:50 PM:161,-0.1072897,1.547416,0.1172414,0.0376288,250.6735,350.2294,Head
12/22/2016 12:20:50 PM:239,-0.1134866,1.541692,0.1320794,0.149303,253.8605,338.3647,Head
12/22/2016 12:20:50 PM:311,-0.1189156,1.531168,0.1485028,2.016748,259.8408,326.7599,Head
12/22/2016 12:20:50 PM:377,-0.1219115,1.520893,0.1625228,4.663768,265.6949,321.3457,Head
12/22/2016 12:20:50 PM:435,-0.1234512,1.512415,0.1733312,7.540448,270.516,319.5707,Head
12/22/2016 12:20:50 PM:505,-0.1246831,1.507537,0.1785616,8.765107,271.4783,317.9138,Head
12/22/2016 12:20:50 PM:569,-0.1258843,1.505261,0.1805263,9.275062,271.1282,316.5516,Head
12/22/2016 12:20:50 PM:646,-0.1271109,1.50588,0.1801553,9.050458,270.7325,316.7562,Head
12/22/2016 12:20:50 PM:747,-0.1269356,1.513024,0.1750393,7.483517,270.3321,319.8861,Head
12/22/2016 12:20:50 PM:816,-0.1256982,1.523348,0.1670004,4.707134,270.0026,325.5396,Head
12/22/2016 12:20:50 PM:916,-0.1232383,1.5328,0.1591046,2.211237,270.244,331.9149,Head
12/22/2016 12:20:51 PM:36,-0.1176157,1.546359,0.1462584,358.3126,270.8629,344.4159,Head
12/22/2016 12:20:51 PM:127,-0.1138592,1.554566,0.1332873,355.6011,268.6931,356.259,Head
12/22/2016 12:20:51 PM:233,-0.1108851,1.555352,0.1189696,355.5316,265.0261,6.23068,Head
12/22/2016 12:20:51 PM:328,-0.1098462,1.552598,0.1086555,356.9103,261.7743,11.6636,Head
12/22/2016 12:20:51 PM:429,-0.1098201,1.552026,0.10534,357.5899,259.5646,9.863353,Head
12/22/2016 12:20:51 PM:541,-0.1096176,1.55231,0.1066137,357.6139,259.7484,7.611258,Head
12/22/2016 12:20:51 PM:648,-0.1085446,1.552554,0.1091486,357.6067,260.0324,6.561732,Head
12/22/2016 12:20:51 PM:743,-0.1060939,1.552447,0.1107923,357.53,259.7656,5.616774,Head
12/22/2016 12:20:51 PM:842,-0.1039129,1.552503,0.1115654,357.4068,259.6251,4.822353,Head
12/22/2016 12:20:51 PM:905,-0.1015243,1.552398,0.1115974,357.4478,259.7762,4.524209,Head
12/22/2016 12:20:51 PM:977,-0.1008028,1.552517,0.1112668,357.3916,259.7914,4.443669,Head
12/22/2016 12:20:52 PM:48,-0.1006103,1.552728,0.1106259,357.4009,259.7187,4.37503,Head
12/22/2016 12:20:52 PM:94,-0.1006395,1.552767,0.1099113,357.4687,259.5332,4.302572,Head
12/22/2016 12:20:52 PM:153,-0.100663,1.552901,0.1092178,357.4553,259.2707,4.219694,Head
12/22/2016 12:20:52 PM:220,-0.1004835,1.553032,0.1088006,357.4768,259.0087,4.273738,Head
12/22/2016 12:20:52 PM:273,-0.1005099,1.553069,0.1086322,357.5071,258.9129,4.325556,Head
12/22/2016 12:20:52 PM:316,-0.1005717,1.553,0.1083343,357.4949,258.7543,4.372355,Head
12/22/2016 12:20:52 PM:374,-0.1006734,1.553184,0.1083527,357.4195,258.675,4.323883,Head
12/22/2016 12:20:52 PM:443,-0.1006357,1.553339,0.1089016,357.3282,258.6968,4.277423,Head
12/22/2016 12:20:52 PM:506,-0.1005573,1.553402,0.1090327,357.2979,258.7032,4.300558,Head
12/22/2016 12:20:52 PM:563,-0.1003256,1.553515,0.1097445,357.2784,258.7112,4.266263,Head
12/22/2016 12:20:52 PM:631,-0.09999789,1.553584,0.1105865,357.2166,258.7994,4.046182,Head
12/22/2016 12:20:52 PM:703,-0.09963829,1.553655,0.1108522,357.2178,258.824,3.941531,Head
12/22/2016 12:20:52 PM:754,-0.09908368,1.553439,0.110911,357.2129,258.7651,3.940087,Head
12/22/2016 12:20:52 PM:835,-0.09837934,1.553495,0.1109445,357.1786,258.6303,4.015108,Head
12/22/2016 12:20:52 PM:903,-0.09807606,1.553374,0.1105854,357.1498,258.4721,4.075109,Head
12/22/2016 12:20:52 PM:967,-0.09723799,1.553622,0.1105126,357.0535,258.4147,4.062624,Head
12/22/2016 12:20:53 PM:30,-0.09699388,1.553824,0.1107074,356.9764,258.5986,4.043756,Head
12/22/2016 12:20:53 PM:123,-0.09675396,1.553911,0.1108202,356.8979,258.7277,4.020582,Head
12/22/2016 12:20:53 PM:197,-0.09683503,1.553744,0.1108012,356.9644,258.7703,4.062771,Head
12/22/2016 12:20:53 PM:270,-0.09728001,1.553697,0.1107947,357.0243,258.7342,4.014543,Head
12/22/2016 12:20:53 PM:341,-0.09800261,1.553555,0.1115533,357.1419,258.869,3.828404,Head
12/22/2016 12:20:53 PM:452,-0.09853593,1.553637,0.1123767,357.1585,259.0992,3.602933,Head
12/22/2016 12:20:53 PM:539,-0.09955351,1.553744,0.114742,357.1564,259.5623,3.085626,Head
12/22/2016 12:20:53 PM:605,-0.1005369,1.553881,0.1176245,357.0227,259.9766,1.934186,Head
12/22/2016 12:20:53 PM:677,-0.1021106,1.554211,0.1224257,356.9138,261.0074,0.09221774,Head
12/22/2016 12:20:53 PM:737,-0.1041634,1.554082,0.1300733,356.8585,262.4474,357.0382,Head
12/22/2016 12:20:53 PM:824,-0.106422,1.552183,0.1423668,356.61,263.7985,346.6568,Head
12/22/2016 12:20:53 PM:905,-0.1096433,1.538704,0.1676237,357.7043,267.1592,325.534,Head
12/22/2016 12:20:53 PM:975,-0.1124078,1.522384,0.1889327,1.104124,273.3468,315.3199,Head
12/22/2016 12:20:54 PM:42,-0.1131829,1.507759,0.2063637,7.578452,280.3177,314.4919,Head
12/22/2016 12:20:54 PM:110,-0.1126531,1.497772,0.2164382,11.88,283.2068,313.7643,Head
12/22/2016 12:20:54 PM:179,-0.1120626,1.493862,0.2203646,13.30992,283.1828,312.3629,Head
12/22/2016 12:20:54 PM:243,-0.1120177,1.495837,0.2207534,12.44274,282.877,312.3534,Head
12/22/2016 12:20:54 PM:315,-0.1120232,1.499532,0.2179022,11.10975,282.7913,313.0015,Head
12/22/2016 12:20:54 PM:389,-0.111214,1.50769,0.2100283,9.178453,282.9649,316.3187,Head
12/22/2016 12:20:54 PM:462,-0.1100579,1.518865,0.1995985,6.095632,283.3609,321.4621,Head
12/22/2016 12:20:54 PM:535,-0.1083899,1.533847,0.1828838,1.793075,283.1491,330.2386,Head
12/22/2016 12:20:54 PM:600,-0.1074969,1.544447,0.1656132,358.8458,281.8224,339.7585,Head
12/22/2016 12:20:54 PM:655,-0.1078278,1.551444,0.1477138,357.3744,280.111,351.441,Head
12/22/2016 12:20:54 PM:720,-0.1055539,1.551743,0.1312824,357.6299,278.3596,4.058473,Head
12/22/2016 12:20:54 PM:787,-0.1062811,1.549086,0.1197189,358.2329,277.4436,12.4019,Head
12/22/2016 12:20:54 PM:844,-0.1087444,1.540574,0.09887913,359.5812,274.3107,28.07867,Head
12/22/2016 12:20:54 PM:911,-0.110362,1.528611,0.08057536,1.825554,269.512,39.22342,Head
12/22/2016 12:20:54 PM:974,-0.1105677,1.519132,0.06990857,4.478072,266.1433,42.69553,Head
12/22/2016 12:20:55 PM:18,-0.109922,1.507619,0.05929254,8.630527,262.6756,45.21438,Head
12/22/2016 12:20:55 PM:90,-0.1084427,1.497872,0.05240287,12.59512,261.1673,47.13884,Head
12/22/2016 12:20:55 PM:159,-0.1072234,1.497638,0.05157779,12.98916,260.8715,46.53551,Head
12/22/2016 12:20:55 PM:220,-0.107169,1.500564,0.05310557,12.13902,260.5192,45.63319,Head
12/22/2016 12:20:55 PM:265,-0.106673,1.505282,0.05605102,10.74416,260.2674,43.98384,Head
12/22/2016 12:20:55 PM:359,-0.1074144,1.514627,0.06409769,8.562286,260.3578,39.3439,Head
12/22/2016 12:20:55 PM:424,-0.1083668,1.528637,0.07704439,5.093218,260.7188,30.98663,Head
12/22/2016 12:20:55 PM:503,-0.1095403,1.538841,0.09002586,2.18219,262.6252,23.82681,Head
12/22/2016 12:20:55 PM:583,-0.1094044,1.546856,0.1064384,359.8257,265.6111,15.06846,Head
12/22/2016 12:20:55 PM:667,-0.1076341,1.550702,0.1196342,358.8051,265.847,7.134877,Head
12/22/2016 12:20:55 PM:737,-0.1064871,1.55328,0.1316897,357.4236,266.5637,0.2563083,Head
12/22/2016 12:20:55 PM:820,-0.1050504,1.553382,0.1428794,357.0813,268.4468,354.8534,Head
12/22/2016 12:20:55 PM:916,-0.1043948,1.550815,0.1525684,358.0083,269.963,351.6366,Head
12/22/2016 12:20:55 PM:983,-0.1047535,1.54969,0.15519,358.5173,269.4806,350.7898,Head
12/22/2016 12:20:56 PM:65,-0.1054457,1.549892,0.1567537,358.5856,269.7036,351.5569,Head
12/22/2016 12:20:56 PM:174,-0.1060991,1.550435,0.1571584,358.489,270.2796,352.5222,Head
12/22/2016 12:20:56 PM:240,-0.1067626,1.550805,0.1566448,358.3993,270.6352,352.916,Head
12/22/2016 12:20:56 PM:340,-0.107729,1.551066,0.1557375,358.3158,270.898,353.4676,Head
12/22/2016 12:20:56 PM:408,-0.1077953,1.551507,0.1552371,358.1612,271.0892,353.9433,Head
12/22/2016 12:20:56 PM:511,-0.1079441,1.551991,0.1551074,357.9651,271.2281,354.3859,Head
12/22/2016 12:20:56 PM:585,-0.1084202,1.55267,0.1543873,357.7912,271.2194,354.4812,Head
12/22/2016 12:20:56 PM:666,-0.1085496,1.552729,0.1541395,357.8418,271.1225,354.3927,Head
12/22/2016 12:20:56 PM:731,-0.1078423,1.552747,0.1538938,357.7964,271.0904,354.4858,Head
12/22/2016 12:20:56 PM:798,-0.1071377,1.552698,0.1531597,357.7119,270.9507,354.5909,Head
12/22/2016 12:20:56 PM:854,-0.1058677,1.552917,0.1526472,357.6136,270.7397,354.753,Head
12/22/2016 12:20:56 PM:937,-0.1045964,1.552884,0.1517711,357.5061,270.452,354.8153,Head
12/22/2016 12:20:57 PM:38,-0.1030253,1.552827,0.1507657,357.4799,270.1351,354.9711,Head
12/22/2016 12:20:57 PM:107,-0.102103,1.552979,0.1502585,357.4856,269.9408,354.9723,Head
12/22/2016 12:20:57 PM:202,-0.1013585,1.552801,0.1500401,357.4173,269.8556,354.8683,Head
12/22/2016 12:20:57 PM:273,-0.1006888,1.553025,0.150187,357.4546,270.0071,354.7915,Head
12/22/2016 12:20:57 PM:374,-0.1001364,1.553048,0.1498831,357.4802,270.1235,354.8191,Head
12/22/2016 12:20:57 PM:455,-0.0995159,1.552942,0.1492678,357.4866,270.0108,354.884,Head
12/22/2016 12:20:57 PM:529,-0.09919311,1.552947,0.1486661,357.4861,269.9021,354.9462,Head
12/22/2016 12:20:57 PM:596,-0.09865009,1.552991,0.1483003,357.5196,269.9025,354.974,Head
12/22/2016 12:20:57 PM:665,-0.09801522,1.552957,0.1478045,357.4732,269.9457,355.0721,Head
12/22/2016 12:20:57 PM:724,-0.09670602,1.553046,0.1470452,357.4201,269.852,355.2111,Head
12/22/2016 12:20:57 PM:794,-0.09587204,1.553062,0.1463929,357.3325,269.6998,355.3145,Head
12/22/2016 12:20:57 PM:855,-0.09487,1.553113,0.1459959,357.2802,269.6282,355.3928,Head
12/22/2016 12:20:57 PM:916,-0.09357271,1.553223,0.1456702,357.1859,269.5325,355.2772,Head
12/22/2016 12:20:57 PM:974,-0.09247421,1.553355,0.1456405,357.1117,269.5931,355.2576,Head
12/22/2016 12:20:58 PM:37,-0.09161194,1.553472,0.1458988,357.0279,269.6368,355.2682,Head
12/22/2016 12:20:58 PM:90,-0.09114788,1.553562,0.145767,357.0016,269.6238,355.2434,Head
12/22/2016 12:20:58 PM:139,-0.09059916,1.553593,0.1458151,356.9064,269.6272,355.1948,Head
12/22/2016 12:20:58 PM:196,-0.08992682,1.553633,0.1457758,356.9337,269.6936,355.204,Head
12/22/2016 12:20:58 PM:262,-0.08927169,1.553585,0.1455841,356.9754,269.7658,355.2008,Head
12/22/2016 12:20:58 PM:328,-0.08914173,1.553493,0.1452694,356.9781,269.7568,355.2308,Head
12/22/2016 12:20:58 PM:381,-0.08862411,1.553581,0.1447668,356.9221,269.6343,355.3094,Head
12/22/2016 12:20:58 PM:458,-0.08810926,1.553811,0.1433276,356.7153,269.4182,355.4832,Head
12/22/2016 12:20:58 PM:539,-0.08818246,1.553821,0.1423238,356.6425,269.3022,355.5954,Head
12/22/2016 12:20:58 PM:596,-0.08821791,1.553959,0.1411177,356.5481,269.137,355.8045,Head
12/22/2016 12:20:58 PM:674,-0.08816922,1.553961,0.1400597,356.5393,268.912,356.0612,Head
12/22/2016 12:20:58 PM:775,-0.08840347,1.553911,0.1388086,356.44,268.5471,356.3356,Head
12/22/2016 12:20:58 PM:834,-0.08877702,1.553885,0.1381365,356.3479,268.3966,356.3853,Head
12/22/2016 12:20:58 PM:909,-0.08964148,1.553734,0.1379324,356.3048,268.3703,356.4612,Head
12/22/2016 12:20:58 PM:977,-0.09079742,1.55377,0.137628,356.3526,268.4127,356.5244,Head
12/22/2016 12:20:59 PM:47,-0.09204292,1.553661,0.1373667,356.384,268.5081,356.5538,Head
12/22/2016 12:20:59 PM:130,-0.09344055,1.553671,0.1368506,356.5063,268.4939,356.6495,Head
12/22/2016 12:20:59 PM:222,-0.09505652,1.553586,0.136394,356.6069,268.2832,356.8201,Head
12/22/2016 12:20:59 PM:286,-0.09611687,1.553333,0.1361937,356.7782,268.0464,356.9441,Head
12/22/2016 12:20:59 PM:381,-0.09703349,1.55329,0.1363486,356.7905,267.8598,356.9388,Head
12/22/2016 12:20:59 PM:452,-0.09805023,1.553035,0.1366356,356.8775,267.7921,356.9026,Head
12/22/2016 12:20:59 PM:528,-0.09926985,1.553125,0.1371917,356.9445,267.8545,356.9435,Head
12/22/2016 12:20:59 PM:629,-0.1007297,1.552949,0.1376605,357.1004,267.7584,356.8543,Head
12/22/2016 12:20:59 PM:719,-0.1023906,1.553266,0.1379365,357.0873,267.9399,356.9038,Head
12/22/2016 12:20:59 PM:796,-0.1034285,1.553265,0.1379378,357.097,267.9445,356.981,Head
12/22/2016 12:20:59 PM:864,-0.1043242,1.553192,0.1376104,357.1213,267.8163,357.1085,Head
12/22/2016 12:20:59 PM:931,-0.1050927,1.553128,0.1375919,357.1674,267.7018,357.2511,Head
12/22/2016 12:21:00 PM:7,-0.1061334,1.553141,0.1377275,357.1085,267.6236,357.2678,Head
12/22/2016 12:21:00 PM:77,-0.106707,1.553487,0.1382658,357.0578,267.6005,357.235,Head
