12/22/2016 2:30:41 PM:504,-0.2238506,1.548557,0.4981031,358.744,258.1569,0.3769692,Head
12/22/2016 2:30:41 PM:722,-0.1523107,1.555093,0.478136,353.4387,269.5737,358.7446,Head
12/22/2016 2:30:41 PM:758,-0.1581481,1.554571,0.477353,354.1958,269.8208,358.7107,Head
12/22/2016 2:30:41 PM:826,-0.1597992,1.554557,0.476495,354.556,269.7995,358.5693,Head
12/22/2016 2:30:41 PM:878,-0.1614796,1.555832,0.4757843,354.2423,269.7604,358.6173,Head
12/22/2016 2:30:41 PM:911,-0.1605559,1.555916,0.4766709,353.953,269.6937,358.6142,Head
12/22/2016 2:30:41 PM:945,-0.1604813,1.556087,0.4769557,353.8754,269.5822,358.6553,Head
12/22/2016 2:30:41 PM:978,-0.1606598,1.556013,0.4772137,353.9137,269.4444,358.6765,Head
12/22/2016 2:30:42 PM:11,-0.160824,1.555897,0.4773832,354.0213,269.2818,358.7766,Head
12/22/2016 2:30:42 PM:48,-0.1611866,1.555863,0.4774798,354.1511,269.1683,358.7852,Head
12/22/2016 2:30:42 PM:79,-0.1615465,1.555694,0.4775141,354.2504,269.0801,358.8413,Head
12/22/2016 2:30:42 PM:112,-0.1659029,1.557945,0.4762241,354.4884,269.1642,358.8397,Head
12/22/2016 2:30:42 PM:146,-0.168614,1.558833,0.4713861,354.687,269.2375,358.9489,Head
12/22/2016 2:30:42 PM:179,-0.1690218,1.559185,0.4703844,354.777,269.3313,359.0188,Head
12/22/2016 2:30:42 PM:213,-0.1689029,1.559354,0.4699559,354.7888,269.4672,359.0357,Head
12/22/2016 2:30:42 PM:246,-0.1683582,1.559339,0.4697833,354.7342,269.6112,359.0392,Head
12/22/2016 2:30:42 PM:280,-0.1676727,1.559364,0.4700789,354.6897,269.7346,359.0039,Head
12/22/2016 2:30:42 PM:324,-0.1669196,1.559621,0.4705281,354.6904,269.8643,359.0201,Head
12/22/2016 2:30:42 PM:383,-0.1654086,1.559524,0.4711049,354.8223,270.0166,358.9592,Head
12/22/2016 2:30:42 PM:437,-0.1639334,1.559472,0.4716783,355.0454,270.0847,358.9723,Head
12/22/2016 2:30:42 PM:472,-0.1630622,1.559256,0.4721112,355.2439,270.1865,358.9614,Head
12/22/2016 2:30:42 PM:509,-0.1617598,1.559093,0.4725289,355.3495,270.3322,358.9382,Head
12/22/2016 2:30:42 PM:562,-0.1606177,1.558938,0.4736436,355.4145,270.6991,358.8334,Head
12/22/2016 2:30:42 PM:629,-0.1594646,1.558633,0.4748192,355.5378,271.0683,358.7034,Head
12/22/2016 2:30:42 PM:684,-0.1587983,1.558412,0.4761458,355.6505,271.2836,358.624,Head
12/22/2016 2:30:42 PM:716,-0.1578766,1.558186,0.4774618,355.7772,271.3826,358.5208,Head
12/22/2016 2:30:42 PM:751,-0.1571162,1.557909,0.4785145,355.822,271.422,358.501,Head
12/22/2016 2:30:42 PM:786,-0.1565459,1.557731,0.4794105,355.8608,271.3886,358.4804,Head
12/22/2016 2:30:42 PM:824,-0.1560345,1.557652,0.4801058,355.9221,271.3497,358.4956,Head
12/22/2016 2:30:42 PM:860,-0.1560854,1.557415,0.4808794,355.9851,271.2444,358.5653,Head
12/22/2016 2:30:42 PM:920,-0.1559192,1.55738,0.4816428,356.2139,270.9662,358.6096,Head
12/22/2016 2:30:42 PM:975,-0.1562058,1.557299,0.4820497,356.1922,270.7508,358.6497,Head
12/22/2016 2:30:43 PM:17,-0.1572214,1.557565,0.4817066,356.1881,270.5332,358.6602,Head
12/22/2016 2:30:43 PM:76,-0.1589898,1.557492,0.4816406,356.3267,270.3011,358.6348,Head
12/22/2016 2:30:43 PM:128,-0.162066,1.557865,0.4770269,356.5298,270.0883,358.7261,Head
12/22/2016 2:30:43 PM:175,-0.1636351,1.558182,0.474611,356.628,269.9117,358.7942,Head
12/22/2016 2:30:43 PM:232,-0.16585,1.558285,0.4730583,356.623,269.5743,358.9497,Head
12/22/2016 2:30:43 PM:299,-0.1670249,1.558545,0.4715103,356.4258,269.4052,359.1323,Head
12/22/2016 2:30:43 PM:351,-0.1684975,1.558498,0.4708189,356.4015,269.4169,359.1842,Head
12/22/2016 2:30:43 PM:394,-0.1693605,1.558543,0.4704642,356.4272,269.4525,359.1902,Head
12/22/2016 2:30:43 PM:432,-0.1702515,1.558536,0.4700263,356.4867,269.6733,359.2613,Head
12/22/2016 2:30:43 PM:489,-0.1713088,1.558313,0.4695424,356.6149,270.0886,359.2624,Head
12/22/2016 2:30:43 PM:556,-0.1715712,1.558428,0.4698078,356.6297,270.5192,359.2183,Head
12/22/2016 2:30:43 PM:610,-0.1715281,1.558645,0.47043,356.5629,270.7531,359.1877,Head
12/22/2016 2:30:43 PM:653,-0.1717817,1.558687,0.4703148,356.5481,270.8555,359.234,Head
12/22/2016 2:30:43 PM:712,-0.1720886,1.55831,0.471087,356.594,271.0297,359.2389,Head
12/22/2016 2:30:43 PM:766,-0.1712718,1.557719,0.4714386,356.5586,270.9729,359.3064,Head
12/22/2016 2:30:43 PM:804,-0.1710994,1.557197,0.471693,356.5519,270.94,359.2935,Head
12/22/2016 2:30:43 PM:844,-0.1708341,1.556802,0.4719249,356.4941,270.8558,359.3492,Head
12/22/2016 2:30:43 PM:902,-0.1702251,1.556322,0.4718295,356.4048,270.7545,359.3651,Head
12/22/2016 2:30:43 PM:974,-0.1701812,1.556199,0.471616,356.3293,270.6484,359.4054,Head
12/22/2016 2:30:44 PM:24,-0.1710221,1.556555,0.4707482,356.2901,270.5968,359.4122,Head
12/22/2016 2:30:44 PM:70,-0.1753052,1.558999,0.468934,356.2814,270.7629,359.3531,Head
12/22/2016 2:30:44 PM:126,-0.1768834,1.559497,0.4678229,356.1792,270.8315,359.2649,Head
12/22/2016 2:30:44 PM:193,-0.1777254,1.559851,0.4668571,356.0799,270.7744,359.3066,Head
12/22/2016 2:30:44 PM:249,-0.1787011,1.560357,0.4661149,356.0674,270.7244,359.3465,Head
12/22/2016 2:30:44 PM:294,-0.1790418,1.560316,0.4656065,355.9783,270.6739,359.3597,Head
12/22/2016 2:30:44 PM:349,-0.1790516,1.560415,0.4651715,355.8228,270.6033,359.3447,Head
12/22/2016 2:30:44 PM:416,-0.1785726,1.560314,0.4651541,355.7386,270.5903,359.3051,Head
12/22/2016 2:30:44 PM:470,-0.1783784,1.560141,0.4652123,355.7642,270.6387,359.2983,Head
12/22/2016 2:30:44 PM:508,-0.178349,1.560189,0.4654596,355.631,270.6913,359.3897,Head
12/22/2016 2:30:44 PM:561,-0.1782205,1.559913,0.4657436,355.6019,270.7293,359.323,Head
12/22/2016 2:30:44 PM:628,-0.1788738,1.560622,0.4659363,355.174,270.5159,359.3083,Head
12/22/2016 2:30:44 PM:680,-0.1789926,1.560042,0.4662626,355.6764,270.6415,359.4125,Head
12/22/2016 2:30:44 PM:726,-0.1795331,1.559915,0.4666101,355.7537,270.812,359.6144,Head
12/22/2016 2:30:44 PM:784,-0.1795371,1.559868,0.4674634,355.84,270.9765,359.4636,Head
12/22/2016 2:30:44 PM:838,-0.1791265,1.559778,0.4683383,355.808,271.0819,359.4342,Head
12/22/2016 2:30:44 PM:882,-0.1786133,1.559773,0.4694635,355.8069,271.3589,359.4671,Head
12/22/2016 2:30:44 PM:940,-0.1767016,1.559428,0.4716194,355.7242,271.8799,359.5459,Head
12/22/2016 2:30:45 PM:7,-0.1744949,1.55931,0.473971,355.317,272.5924,359.328,Head
12/22/2016 2:30:45 PM:65,-0.1734439,1.559008,0.4760432,355.3169,273.2703,359.1494,Head
12/22/2016 2:30:45 PM:109,-0.1734942,1.558556,0.4766627,355.4783,273.8997,358.9648,Head
12/22/2016 2:30:45 PM:164,-0.1730615,1.557658,0.4778403,355.6616,274.6768,358.972,Head
12/22/2016 2:30:45 PM:231,-0.172754,1.556922,0.4784669,355.9256,275.1998,358.9652,Head
12/22/2016 2:30:45 PM:286,-0.1725443,1.556574,0.478808,355.9718,275.4355,358.8948,Head
12/22/2016 2:30:45 PM:328,-0.1723552,1.556377,0.4790249,356.0594,275.6588,358.9629,Head
12/22/2016 2:30:45 PM:388,-0.1726077,1.555557,0.4794029,356.4904,275.8115,358.8843,Head
12/22/2016 2:30:45 PM:440,-0.1717079,1.554634,0.4795961,357.1133,276.144,358.7041,Head
12/22/2016 2:30:45 PM:478,-0.1714781,1.55435,0.4795822,357.2033,276.3216,358.6288,Head
12/22/2016 2:30:45 PM:518,-0.1721759,1.554256,0.479806,357.1861,276.3781,358.5692,Head
12/22/2016 2:30:45 PM:577,-0.1727869,1.553821,0.4798892,357.4708,276.1181,358.9049,Head
12/22/2016 2:30:45 PM:644,-0.1727432,1.55349,0.4806467,357.8215,275.8163,358.9775,Head
12/22/2016 2:30:45 PM:700,-0.1727856,1.553197,0.4815475,357.786,275.7756,359.0934,Head
12/22/2016 2:30:45 PM:744,-0.1722724,1.553323,0.4820967,357.9484,275.8209,359.053,Head
12/22/2016 2:30:45 PM:800,-0.1715728,1.553255,0.4829351,357.9656,276.1646,359.006,Head
12/22/2016 2:30:45 PM:868,-0.1707086,1.553359,0.483111,357.895,276.3764,359.0172,Head
12/22/2016 2:30:45 PM:923,-0.1698101,1.55325,0.482944,357.9484,276.3399,359.0315,Head
12/22/2016 2:30:45 PM:969,-0.1689634,1.553152,0.482681,357.8864,276.2325,358.9586,Head
12/22/2016 2:30:46 PM:23,-0.1679649,1.553194,0.4822723,357.7913,275.8603,359.0184,Head
12/22/2016 2:30:46 PM:90,-0.1665712,1.552668,0.4822015,358.1154,275.8155,358.9602,Head
12/22/2016 2:30:46 PM:158,-0.1666774,1.553197,0.482227,357.7966,275.1084,359.1992,Head
12/22/2016 2:30:46 PM:213,-0.1662003,1.552294,0.4824474,358.4034,274.8007,359.1097,Head
12/22/2016 2:30:46 PM:258,-0.1661518,1.552254,0.4829249,358.4421,274.5975,359.2296,Head
12/22/2016 2:30:46 PM:314,-0.1658322,1.552377,0.4840382,358.4241,274.2908,359.3942,Head
12/22/2016 2:30:46 PM:381,-0.1657273,1.552723,0.4854082,358.1321,274.3455,359.1453,Head
12/22/2016 2:30:46 PM:441,-0.1655019,1.553216,0.4860866,358.0199,274.2182,359.0264,Head
12/22/2016 2:30:46 PM:485,-0.1655499,1.553484,0.4866116,358.0005,274.0631,358.7948,Head
12/22/2016 2:30:46 PM:549,-0.1659918,1.553403,0.4875467,357.9896,273.7682,358.9467,Head
12/22/2016 2:30:46 PM:616,-0.1657772,1.552994,0.4884945,358.3635,273.6087,358.7825,Head
12/22/2016 2:30:46 PM:671,-0.1650499,1.552719,0.4889238,358.4349,273.6777,358.7029,Head
12/22/2016 2:30:46 PM:716,-0.1646889,1.552655,0.4892449,358.362,273.7707,358.7332,Head
12/22/2016 2:30:46 PM:772,-0.1632535,1.552439,0.4893233,358.3535,273.8047,358.7686,Head
12/22/2016 2:30:46 PM:839,-0.1623012,1.552392,0.4893711,358.2629,273.7332,358.741,Head
12/22/2016 2:30:46 PM:896,-0.1616565,1.552116,0.4893493,358.3872,273.9081,358.7544,Head
12/22/2016 2:30:46 PM:941,-0.1611129,1.551793,0.4895243,358.5672,274.0141,358.7597,Head
12/22/2016 2:30:46 PM:995,-0.1608626,1.551693,0.4895115,358.7063,274.1036,358.7664,Head
12/22/2016 2:30:47 PM:62,-0.1619737,1.551617,0.489281,358.8258,273.8973,358.6855,Head
12/22/2016 2:30:47 PM:121,-0.162517,1.551235,0.4894104,359.088,273.9232,358.6891,Head
12/22/2016 2:30:47 PM:165,-0.1625854,1.551137,0.4896773,359.225,274.0284,358.7878,Head
12/22/2016 2:30:47 PM:218,-0.1623812,1.550906,0.4897863,359.4871,274.1895,358.7319,Head
12/22/2016 2:30:47 PM:285,-0.1627681,1.551122,0.4895444,359.3356,274.0266,358.6695,Head
12/22/2016 2:30:47 PM:342,-0.1629458,1.550844,0.4892163,359.5106,274.0039,358.7324,Head
12/22/2016 2:30:47 PM:385,-0.1631872,1.550972,0.4888892,359.5145,274.0213,358.857,Head
12/22/2016 2:30:47 PM:442,-0.1632375,1.550667,0.4881665,359.6009,274.0311,359.0269,Head
12/22/2016 2:30:47 PM:509,-0.1635547,1.550775,0.4876053,359.559,273.8046,358.9459,Head
12/22/2016 2:30:47 PM:566,-0.1634574,1.551093,0.4871798,359.5068,273.7291,359.0284,Head
12/22/2016 2:30:47 PM:610,-0.1633658,1.551108,0.4866591,359.448,273.7475,359.1089,Head
12/22/2016 2:30:47 PM:665,-0.1635305,1.551455,0.4858468,359.3233,273.6247,359.1743,Head
12/22/2016 2:30:47 PM:733,-0.1637255,1.551423,0.4848972,359.2903,273.2377,359.1891,Head
12/22/2016 2:30:47 PM:799,-0.1636566,1.551366,0.4843572,359.3486,273.1643,359.1744,Head
12/22/2016 2:30:47 PM:858,-0.1638815,1.551529,0.4843546,359.3253,273.2917,359.1042,Head
12/22/2016 2:30:47 PM:905,-0.164463,1.551715,0.4842658,359.261,273.2201,359.0224,Head
12/22/2016 2:30:47 PM:956,-0.1650548,1.551502,0.4842833,359.3974,273.0517,359.013,Head
12/22/2016 2:30:48 PM:23,-0.1654299,1.551426,0.4843646,359.505,273.1414,359.127,Head
12/22/2016 2:30:48 PM:90,-0.1657356,1.551321,0.4846982,359.5963,273.2847,359.0991,Head
12/22/2016 2:30:48 PM:156,-0.1662838,1.551487,0.4846959,359.4697,273.3095,358.9947,Head
12/22/2016 2:30:48 PM:215,-0.1666066,1.551369,0.4846057,359.5695,273.1911,358.9547,Head
12/22/2016 2:30:48 PM:263,-0.1671938,1.551327,0.4844729,359.5194,273.0507,359.0157,Head
12/22/2016 2:30:48 PM:313,-0.1678227,1.551127,0.4844292,359.7062,272.9815,359.1091,Head
12/22/2016 2:30:48 PM:380,-0.1682849,1.550985,0.4848122,359.798,273.0876,359.1183,Head
12/22/2016 2:30:48 PM:447,-0.1684324,1.551057,0.4852074,359.8742,273.0981,359.1192,Head
12/22/2016 2:30:48 PM:503,-0.1684912,1.550993,0.4852524,359.8242,273.1084,359.1426,Head
12/22/2016 2:30:48 PM:552,-0.169739,1.551305,0.4847631,359.8719,273.1578,359.1552,Head
12/22/2016 2:30:48 PM:614,-0.1707451,1.551135,0.4847641,0.02535051,273.223,359.2172,Head
12/22/2016 2:30:48 PM:681,-0.1702761,1.550778,0.4857135,0.14945,273.1993,359.2522,Head
12/22/2016 2:30:48 PM:748,-0.171116,1.550672,0.4860574,0.2428011,273.2574,359.2522,Head
12/22/2016 2:30:48 PM:815,-0.171793,1.550489,0.4865397,0.3882833,273.3304,359.271,Head
12/22/2016 2:30:48 PM:871,-0.1718947,1.550354,0.4870528,0.5116761,273.4747,359.207,Head
12/22/2016 2:30:48 PM:920,-0.1721635,1.550249,0.4874405,0.5353553,273.6955,359.1128,Head
12/22/2016 2:30:48 PM:972,-0.1724663,1.55021,0.4880093,0.6350067,273.9529,359.0681,Head
12/22/2016 2:30:49 PM:39,-0.1721636,1.550142,0.4883693,0.7599149,274.2299,359.0537,Head
12/22/2016 2:30:49 PM:106,-0.1720998,1.550158,0.4885703,0.7049381,274.5068,359.0327,Head
12/22/2016 2:30:49 PM:163,-0.1720689,1.550334,0.4887443,0.6503735,274.6143,359.0292,Head
12/22/2016 2:30:49 PM:217,-0.1718833,1.550678,0.4887314,0.6174781,274.6901,359.0169,Head
12/22/2016 2:30:49 PM:285,-0.1713258,1.55095,0.4885386,0.5104519,274.5421,359.0968,Head
12/22/2016 2:30:49 PM:342,-0.1707238,1.551181,0.4883419,0.3272245,274.3738,358.9762,Head
12/22/2016 2:30:49 PM:389,-0.1705299,1.551411,0.4883275,0.1621962,274.329,358.9222,Head
12/22/2016 2:30:49 PM:452,-0.169989,1.551778,0.488328,0.05277731,274.3749,358.8206,Head
12/22/2016 2:30:49 PM:519,-0.169468,1.551798,0.4884267,359.9367,274.5226,358.7088,Head
12/22/2016 2:30:49 PM:576,-0.1688301,1.551655,0.4884393,359.9622,274.4451,358.6778,Head
12/22/2016 2:30:49 PM:623,-0.1684754,1.551577,0.4883978,359.9712,274.3208,358.6449,Head
12/22/2016 2:30:49 PM:686,-0.1675595,1.551448,0.4882001,359.955,274.0764,358.7103,Head
12/22/2016 2:30:49 PM:753,-0.166761,1.551669,0.4880883,359.8357,273.8052,358.7793,Head
12/22/2016 2:30:49 PM:820,-0.1662063,1.552342,0.4882821,359.488,273.8596,358.8081,Head
12/22/2016 2:30:49 PM:887,-0.1660984,1.552814,0.4880086,359.1342,274.045,358.9131,Head
12/22/2016 2:30:49 PM:954,-0.1661884,1.553131,0.487354,358.91,274.0991,359.1019,Head
12/22/2016 2:30:50 PM:21,-0.1663505,1.553646,0.4865504,358.6822,273.9499,359.2145,Head
12/22/2016 2:30:50 PM:104,-0.1665613,1.554248,0.4862505,358.2556,273.7152,359.5024,Head
12/22/2016 2:30:50 PM:211,-0.1675887,1.554396,0.4885595,358.0819,274.1021,359.759,Head
12/22/2016 2:30:50 PM:278,-0.1687249,1.554543,0.4911034,357.9383,274.3266,359.6861,Head
12/22/2016 2:30:50 PM:345,-0.1696093,1.554527,0.4938879,357.917,274.5362,359.5433,Head
12/22/2016 2:30:50 PM:412,-0.1707069,1.554508,0.4968601,357.9286,274.7049,359.4103,Head
12/22/2016 2:30:50 PM:490,-0.171701,1.554402,0.5000409,357.947,274.7083,359.1816,Head
12/22/2016 2:30:50 PM:569,-0.172584,1.554102,0.502845,357.9985,274.3457,359.192,Head
12/22/2016 2:30:50 PM:669,-0.1742158,1.553844,0.5059434,358.089,273.733,359.2579,Head
12/22/2016 2:30:50 PM:736,-0.1751458,1.553988,0.508038,357.981,273.4688,359.2266,Head
12/22/2016 2:30:50 PM:803,-0.1758102,1.554101,0.5102107,358.064,273.3572,359.2744,Head
12/22/2016 2:30:50 PM:870,-0.1768573,1.554091,0.5123691,358.2405,273.3779,359.3392,Head
12/22/2016 2:30:50 PM:970,-0.1782496,1.553507,0.5152963,358.556,273.3963,359.5547,Head
12/22/2016 2:30:51 PM:38,-0.1785393,1.552947,0.5174087,359.0124,273.4724,359.7624,Head
12/22/2016 2:30:51 PM:104,-0.1789014,1.552684,0.5192874,358.8604,273.6709,359.9932,Head
12/22/2016 2:30:51 PM:188,-0.1793399,1.550727,0.5198958,358.7401,273.8986,359.5842,Head
12/22/2016 2:30:51 PM:260,-0.1797166,1.549137,0.5175564,359.3738,274.4978,359.0222,Head
12/22/2016 2:30:51 PM:328,-0.1791733,1.549122,0.5135651,359.2278,275.1532,359.1977,Head
12/22/2016 2:30:51 PM:395,-0.179627,1.551796,0.5080831,358.8049,275.4952,359.0582,Head
12/22/2016 2:30:51 PM:462,-0.1813992,1.554348,0.5022324,358.2443,275.9028,359.0318,Head
12/22/2016 2:30:51 PM:529,-0.1843222,1.554432,0.4969232,358.2496,276.3636,358.9359,Head
12/22/2016 2:30:51 PM:596,-0.1872756,1.553306,0.4919965,359.1022,276.4522,358.5624,Head
12/22/2016 2:30:51 PM:663,-0.1894437,1.552455,0.487638,359.9626,276.812,358.5427,Head
12/22/2016 2:30:51 PM:730,-0.1911735,1.552904,0.4834321,359.8267,277.1404,358.6807,Head
12/22/2016 2:30:51 PM:796,-0.19235,1.553256,0.4792519,359.86,277.0296,358.6537,Head
12/22/2016 2:30:51 PM:864,-0.1932449,1.553369,0.475544,359.8598,276.7581,358.7351,Head
12/22/2016 2:30:51 PM:931,-0.1943366,1.553881,0.4722331,359.9297,276.433,358.765,Head
12/22/2016 2:30:52 PM:1,-0.1948805,1.554179,0.4698008,0.1125824,276.287,358.8602,Head
12/22/2016 2:30:52 PM:98,-0.1945178,1.553587,0.466787,0.6360258,275.8645,359.0642,Head
12/22/2016 2:30:52 PM:176,-0.1932666,1.553899,0.4649734,0.4036255,275.1979,359.1432,Head
12/22/2016 2:30:52 PM:243,-0.1927859,1.554457,0.4636829,0.07272734,274.5815,359.312,Head
12/22/2016 2:30:52 PM:310,-0.1925125,1.55459,0.4626735,0.01161647,274.017,359.4277,Head
12/22/2016 2:30:52 PM:377,-0.1923546,1.554974,0.4621774,359.8016,273.6827,359.4051,Head
12/22/2016 2:30:52 PM:432,-0.1921773,1.555344,0.4622816,359.6276,273.6133,359.3847,Head
12/22/2016 2:30:52 PM:476,-0.192297,1.555548,0.4623792,359.51,273.6439,359.3518,Head
12/22/2016 2:30:52 PM:534,-0.1925428,1.555733,0.4626794,359.4564,273.695,359.381,Head
12/22/2016 2:30:52 PM:601,-0.1929687,1.555669,0.4629342,359.4889,273.5623,359.2839,Head
12/22/2016 2:30:52 PM:665,-0.1932361,1.555722,0.4631347,359.4404,273.4106,359.3742,Head
12/22/2016 2:30:52 PM:720,-0.1936863,1.555608,0.4638176,359.5036,273.1751,359.5356,Head
12/22/2016 2:30:52 PM:779,-0.1938567,1.555177,0.4647815,359.7401,273.1761,359.4729,Head
12/22/2016 2:30:52 PM:846,-0.193386,1.554158,0.4658794,0.3586689,273.6142,359.3719,Head
12/22/2016 2:30:52 PM:914,-0.1927334,1.551744,0.4667467,1.887973,274.1503,359.2595,Head
12/22/2016 2:30:52 PM:986,-0.1922299,1.54723,0.4672161,4.653464,274.5383,359.5624,Head
12/22/2016 2:30:53 PM:47,-0.1914432,1.540664,0.4675831,8.581127,275.2214,359.4379,Head
12/22/2016 2:30:53 PM:116,-0.1913196,1.533441,0.4690563,12.79475,276.4036,358.1773,Head
12/22/2016 2:30:53 PM:181,-0.1913262,1.529458,0.4715404,15.40825,277.974,359.0328,Head
12/22/2016 2:30:53 PM:244,-0.1920838,1.529836,0.4729586,14.86416,278.5573,359.2678,Head
12/22/2016 2:30:53 PM:304,-0.1912606,1.53037,0.4754591,14.6302,279.1448,359.1445,Head
12/22/2016 2:30:53 PM:371,-0.1900462,1.531553,0.4771193,14.05624,279.7272,358.8257,Head
12/22/2016 2:30:53 PM:438,-0.1890862,1.533423,0.4793513,13.19636,281.0665,358.7577,Head
12/22/2016 2:30:53 PM:505,-0.1871831,1.534616,0.4820898,12.56073,283.2891,358.7148,Head
12/22/2016 2:30:53 PM:567,-0.1855567,1.535221,0.484633,12.24671,285.3774,358.7382,Head
12/22/2016 2:30:53 PM:627,-0.1828791,1.534649,0.4868932,12.36348,288.0244,358.5923,Head
12/22/2016 2:30:53 PM:683,-0.1791353,1.534046,0.4894722,12.37626,291.0306,358.7333,Head
12/22/2016 2:30:53 PM:751,-0.1764207,1.533457,0.4906774,12.5507,292.2543,358.7542,Head
12/22/2016 2:30:53 PM:810,-0.1739108,1.532383,0.4904258,13.03382,292.4745,358.7488,Head
12/22/2016 2:30:53 PM:859,-0.1724055,1.530429,0.4907132,13.92941,292.6225,358.7551,Head
12/22/2016 2:30:53 PM:919,-0.170667,1.52657,0.4908932,15.90741,292.6134,359.3286,Head
12/22/2016 2:30:53 PM:985,-0.1697161,1.523893,0.4908625,17.5266,292.4927,0.002684222,Head
12/22/2016 2:30:54 PM:43,-0.169188,1.52312,0.4911844,17.97433,292.4489,0.3722049,Head
12/22/2016 2:30:54 PM:93,-0.1686272,1.522425,0.4918382,18.35079,292.5814,0.6224303,Head
12/22/2016 2:30:54 PM:153,-0.1671013,1.521708,0.4930459,18.79157,293.2471,1.011451,Head
12/22/2016 2:30:54 PM:222,-0.1655114,1.521954,0.4944227,18.68842,294.296,1.316622,Head
12/22/2016 2:30:54 PM:286,-0.1636995,1.523576,0.4957356,18.09569,295.4503,1.737039,Head
12/22/2016 2:30:54 PM:354,-0.162115,1.525064,0.4956729,17.54493,295.8152,1.843907,Head
12/22/2016 2:30:54 PM:420,-0.1604238,1.52582,0.4942057,17.32927,295.1801,1.621552,Head
12/22/2016 2:30:54 PM:487,-0.1590928,1.525976,0.4923618,17.36747,294.7272,1.644684,Head
12/22/2016 2:30:54 PM:555,-0.1574088,1.52596,0.4909237,17.57979,294.5314,1.702616,Head
12/22/2016 2:30:54 PM:614,-0.1566365,1.526481,0.4901783,17.52889,294.7058,1.418171,Head
12/22/2016 2:30:54 PM:668,-0.1560707,1.526524,0.4895665,17.51878,295.1203,1.289472,Head
12/22/2016 2:30:54 PM:733,-0.1556896,1.526726,0.4894086,17.52808,295.9046,1.342548,Head
12/22/2016 2:30:54 PM:800,-0.1554622,1.52659,0.4900245,17.71116,296.4775,1.545837,Head
12/22/2016 2:30:54 PM:858,-0.1550157,1.525882,0.4908691,18.18437,297.1634,1.716092,Head
12/22/2016 2:30:54 PM:906,-0.1545317,1.524676,0.4921749,18.73691,298.1369,1.720745,Head
12/22/2016 2:30:54 PM:968,-0.153073,1.522536,0.4950726,19.78066,300.1553,1.809352,Head
12/22/2016 2:30:55 PM:35,-0.1515105,1.520318,0.4979564,20.73405,302.1709,1.781454,Head
12/22/2016 2:30:55 PM:94,-0.1499199,1.518963,0.4998323,21.38023,303.7009,1.900292,Head
12/22/2016 2:30:55 PM:148,-0.1477518,1.517524,0.5016846,22.00171,305.3823,1.772272,Head
12/22/2016 2:30:55 PM:202,-0.1462792,1.516437,0.5040486,22.26861,307.3624,1.848285,Head
12/22/2016 2:30:55 PM:269,-0.1444506,1.514412,0.5049827,23.12107,308.5018,1.92436,Head
12/22/2016 2:30:55 PM:330,-0.144137,1.513273,0.5053095,23.55339,308.7733,2.095947,Head
12/22/2016 2:30:55 PM:388,-0.1435483,1.512314,0.5049627,24.13509,308.9552,2.201589,Head
12/22/2016 2:30:55 PM:448,-0.1429513,1.512067,0.5040307,24.28052,308.7132,2.44803,Head
12/22/2016 2:30:55 PM:515,-0.1434119,1.512485,0.5025978,24.27917,308.1516,2.578463,Head
12/22/2016 2:30:55 PM:582,-0.1440971,1.513154,0.5008484,24.21617,307.2618,2.674061,Head
12/22/2016 2:30:55 PM:649,-0.1447284,1.514693,0.4993799,23.73342,306.2956,2.678595,Head
12/22/2016 2:30:55 PM:716,-0.145885,1.518293,0.4977283,22.46089,304.5199,1.793544,Head
12/22/2016 2:30:55 PM:783,-0.1475285,1.525322,0.4952639,19.3979,301.3216,0.2889448,Head
12/22/2016 2:30:55 PM:850,-0.1492255,1.535596,0.4921333,14.35134,296.4291,358.4763,Head
12/22/2016 2:30:55 PM:938,-0.149625,1.548669,0.4879586,7.387413,291.356,356.9694,Head
12/22/2016 2:30:56 PM:19,-0.1476255,1.564521,0.4807017,359.2763,285.1889,356.8633,Head
12/22/2016 2:30:56 PM:103,-0.1454463,1.571522,0.4724655,355.6987,280.3376,357.4397,Head
12/22/2016 2:30:56 PM:188,-0.1450189,1.573666,0.4652503,354.5693,276.0204,357.8458,Head
12/22/2016 2:30:56 PM:275,-0.1456216,1.575903,0.4571882,353.1344,271.3659,358.5511,Head
12/22/2016 2:30:56 PM:341,-0.1461248,1.577291,0.4532285,352.4231,269.3393,358.8762,Head
12/22/2016 2:30:56 PM:408,-0.1466074,1.578096,0.4503213,352.1092,267.8986,358.7777,Head
12/22/2016 2:30:56 PM:475,-0.1474082,1.578903,0.4487983,351.7627,266.9478,358.8213,Head
12/22/2016 2:30:56 PM:542,-0.1483754,1.579921,0.447293,351.3699,266.1064,358.8286,Head
12/22/2016 2:30:56 PM:609,-0.1509604,1.581925,0.445249,350.8821,265.1379,358.8051,Head
12/22/2016 2:30:56 PM:676,-0.1518541,1.583105,0.4429578,350.2797,264.309,358.8162,Head
12/22/2016 2:30:56 PM:743,-0.1517846,1.58399,0.4412888,349.6166,263.8409,358.8821,Head
12/22/2016 2:30:56 PM:810,-0.1508745,1.584486,0.4405356,349.1932,263.6731,358.8654,Head
12/22/2016 2:30:56 PM:877,-0.1500601,1.584294,0.4410612,349.2796,264.8329,358.7432,Head
12/22/2016 2:30:56 PM:944,-0.1490532,1.584547,0.4421754,349.1427,266.2605,358.4757,Head
12/22/2016 2:30:57 PM:11,-0.1479405,1.584605,0.4425856,348.8662,266.1568,358.021,Head
12/22/2016 2:30:57 PM:78,-0.1474321,1.584786,0.4425442,348.7475,265.6574,357.9965,Head
12/22/2016 2:30:57 PM:179,-0.1477013,1.584247,0.4420174,349.1309,264.9057,358.0263,Head
12/22/2016 2:30:57 PM:249,-0.1480963,1.584397,0.4417164,349.1347,264.5165,357.8884,Head
12/22/2016 2:30:57 PM:323,-0.1485463,1.584651,0.4411158,348.9538,263.8597,357.8644,Head
12/22/2016 2:30:57 PM:391,-0.1492185,1.58544,0.4391783,348.5039,262.0468,357.6798,Head
12/22/2016 2:30:57 PM:458,-0.150252,1.586628,0.4364581,347.6774,259.7419,357.1612,Head
12/22/2016 2:30:57 PM:525,-0.1506916,1.587345,0.433722,347.2714,258.1921,357.4861,Head
12/22/2016 2:30:57 PM:592,-0.1515225,1.587974,0.4312559,347.0703,257.4249,358.0298,Head
12/22/2016 2:30:57 PM:659,-0.1523371,1.588261,0.4296227,347.0318,257.1431,358.4146,Head
12/22/2016 2:30:57 PM:726,-0.1528631,1.588297,0.4287263,346.9478,257.0224,358.4979,Head
12/22/2016 2:30:57 PM:793,-0.1533606,1.588489,0.4283626,346.9989,257.0515,358.4602,Head
12/22/2016 2:30:57 PM:860,-0.1535205,1.588648,0.4281849,347.0463,257.258,358.5488,Head
12/22/2016 2:30:57 PM:927,-0.1536663,1.588829,0.4277194,346.9728,257.2535,358.5975,Head
12/22/2016 2:30:58 PM:37,-0.1537428,1.590664,0.4265689,345.6212,256.3354,357.8245,Head
12/22/2016 2:30:58 PM:128,-0.153322,1.593605,0.4240158,343.3733,254.2375,357.1194,Head
12/22/2016 2:30:58 PM:194,-0.1537135,1.594826,0.4226619,342.5844,253.8379,357.4426,Head
12/22/2016 2:30:58 PM:262,-0.1535478,1.595519,0.4216744,342.2292,253.7659,357.5875,Head
12/22/2016 2:30:58 PM:329,-0.1531934,1.595879,0.4214963,341.9751,253.9208,357.5776,Head
12/22/2016 2:30:58 PM:395,-0.1522001,1.596108,0.4219289,341.6222,254.1637,357.5363,Head
12/22/2016 2:30:58 PM:463,-0.1512398,1.596368,0.4218442,341.4864,254.3555,357.6649,Head
12/22/2016 2:30:58 PM:529,-0.1508174,1.596422,0.4215794,341.5761,254.3468,357.847,Head
12/22/2016 2:30:58 PM:597,-0.150311,1.596214,0.4209457,341.7994,254.2111,358.0891,Head
12/22/2016 2:30:58 PM:675,-0.1500037,1.595797,0.420284,342.1685,253.7471,358.4915,Head
12/22/2016 2:30:58 PM:742,-0.1498447,1.595457,0.4196683,342.506,253.5273,358.6984,Head
12/22/2016 2:30:58 PM:809,-0.1496795,1.59524,0.4194298,342.7379,253.6654,358.697,Head
12/22/2016 2:30:58 PM:876,-0.1494642,1.594983,0.4190478,343.0076,253.9782,358.6856,Head
12/22/2016 2:30:58 PM:943,-0.1491215,1.594952,0.4189161,343.1344,254.1248,358.7584,Head
12/22/2016 2:30:59 PM:10,-0.1490863,1.594826,0.4184847,343.2926,254.0389,358.9599,Head
12/22/2016 2:30:59 PM:77,-0.1492243,1.594775,0.417885,343.4253,253.882,359.1086,Head
12/22/2016 2:30:59 PM:144,-0.1493036,1.594721,0.417423,343.6815,253.877,359.1019,Head
12/22/2016 2:30:59 PM:211,-0.1494006,1.594404,0.4173451,344.0207,253.9377,359.0822,Head
12/22/2016 2:30:59 PM:278,-0.1490532,1.594266,0.4176988,344.2631,254.0036,359.0987,Head
12/22/2016 2:30:59 PM:345,-0.1488623,1.59392,0.4181051,344.5481,254.0858,359.0586,Head
12/22/2016 2:30:59 PM:412,-0.1486471,1.59383,0.4185164,344.8601,254.4327,359.0107,Head
12/22/2016 2:30:59 PM:479,-0.1483102,1.593488,0.4187314,345.1152,254.8812,358.9642,Head
12/22/2016 2:30:59 PM:546,-0.14793,1.593363,0.419069,345.2614,255.2172,358.948,Head
12/22/2016 2:30:59 PM:613,-0.147123,1.593228,0.4191535,345.4545,255.3884,358.8794,Head
12/22/2016 2:30:59 PM:679,-0.1466542,1.593207,0.4192265,345.6066,255.321,358.9963,Head
12/22/2016 2:30:59 PM:746,-0.1463957,1.592907,0.4191675,345.7416,255.1654,359.0788,Head
12/22/2016 2:30:59 PM:825,-0.1461931,1.592575,0.4193031,346.133,255.018,359.069,Head
12/22/2016 2:30:59 PM:882,-0.1459176,1.592146,0.4195868,346.422,255.0038,358.9422,Head
12/22/2016 2:30:59 PM:948,-0.1452599,1.592094,0.419932,346.6718,255.0604,358.8667,Head
12/22/2016 2:31:00 PM:15,-0.1448118,1.591864,0.420229,346.8466,255.0181,358.8805,Head
12/22/2016 2:31:00 PM:82,-0.1446261,1.591856,0.420466,346.9856,254.8531,358.9044,Head
12/22/2016 2:31:00 PM:149,-0.1443784,1.591653,0.4205328,347.2565,254.7719,358.9438,Head
12/22/2016 2:31:00 PM:216,-0.1438233,1.591421,0.4208127,347.4507,254.7544,358.9554,Head
12/22/2016 2:31:00 PM:283,-0.1436196,1.591208,0.4211358,347.764,254.7271,358.9521,Head
12/22/2016 2:31:00 PM:339,-0.1434553,1.590838,0.4210516,348.1334,254.6646,358.9969,Head
12/22/2016 2:31:00 PM:391,-0.1429968,1.590326,0.421155,348.5856,254.5973,359.0349,Head
12/22/2016 2:31:00 PM:450,-0.142365,1.589447,0.4209179,349.2097,254.6064,359.0506,Head
12/22/2016 2:31:00 PM:517,-0.1413666,1.58916,0.4204452,349.3751,254.4537,359.0345,Head
12/22/2016 2:31:00 PM:584,-0.1407717,1.588792,0.4197437,349.8395,253.7924,359.4996,Head
12/22/2016 2:31:00 PM:651,-0.1402182,1.587533,0.4195353,350.7006,253.6474,359.6077,Head
12/22/2016 2:31:00 PM:707,-0.1397005,1.587212,0.419506,351.0298,253.6495,359.7702,Head
12/22/2016 2:31:00 PM:759,-0.1391524,1.58645,0.4194912,351.5378,253.6547,359.9058,Head
12/22/2016 2:31:00 PM:819,-0.1386515,1.585846,0.4197337,352.0546,253.8622,359.9491,Head
12/22/2016 2:31:00 PM:886,-0.1377681,1.585698,0.4200308,352.167,254.2378,359.8745,Head
12/22/2016 2:31:00 PM:952,-0.1361247,1.585494,0.4205104,352.2251,254.6297,359.8047,Head
12/22/2016 2:31:01 PM:30,-0.1347782,1.58556,0.4205229,352.1148,254.9537,359.8527,Head
12/22/2016 2:31:01 PM:98,-0.1337562,1.585783,0.4204671,352.0851,255.1756,359.8321,Head
12/22/2016 2:31:01 PM:165,-0.1327451,1.585814,0.4206089,351.9543,255.3494,359.8586,Head
12/22/2016 2:31:01 PM:232,-0.1323417,1.586059,0.4207572,351.8129,255.4929,-0.002093875,Head
12/22/2016 2:31:01 PM:299,-0.1321245,1.586057,0.420686,351.8275,255.2985,0.2334754,Head
12/22/2016 2:31:01 PM:382,-0.1321616,1.586038,0.4213111,351.8001,255.1775,0.1495388,Head
12/22/2016 2:31:01 PM:446,-0.13238,1.586137,0.421821,351.8248,255.1601,0.01307393,Head
12/22/2016 2:31:01 PM:522,-0.1326889,1.586241,0.4222968,351.9354,255.3321,359.8294,Head
12/22/2016 2:31:01 PM:589,-0.132564,1.586311,0.4229495,351.9476,255.5526,359.7066,Head
12/22/2016 2:31:01 PM:656,-0.1326678,1.586516,0.4230142,351.7899,255.4281,359.7711,Head
12/22/2016 2:31:01 PM:723,-0.1324632,1.586549,0.4231253,351.8984,255.1848,359.7571,Head
12/22/2016 2:31:01 PM:791,-0.131891,1.586077,0.4235154,352.1635,255.2961,359.7221,Head
12/22/2016 2:31:01 PM:857,-0.1308069,1.586101,0.4239219,352.1402,255.6584,359.6017,Head
12/22/2016 2:31:01 PM:924,-0.131157,1.586916,0.4240448,351.6282,255.1551,359.8029,Head
12/22/2016 2:31:01 PM:991,-0.131642,1.587056,0.4244725,351.6669,254.5076,359.7691,Head
12/22/2016 2:31:02 PM:58,-0.1318604,1.587683,0.4243298,351.4784,254.0962,0.1072026,Head
12/22/2016 2:31:02 PM:158,-0.1312655,1.588432,0.4249225,350.9119,254.0682,0.3357001,Head
12/22/2016 2:31:02 PM:226,-0.1312193,1.588654,0.4258826,350.7283,253.8868,0.3900296,Head
12/22/2016 2:31:02 PM:293,-0.1314,1.588547,0.4271192,350.8896,253.8466,0.0190658,Head
12/22/2016 2:31:02 PM:360,-0.1313059,1.588369,0.4276489,351.041,253.8726,359.8442,Head
12/22/2016 2:31:02 PM:427,-0.1304959,1.588396,0.4277193,350.9951,253.6248,359.774,Head
12/22/2016 2:31:02 PM:494,-0.1302022,1.588841,0.4275689,350.6306,253.1385,359.8755,Head
12/22/2016 2:31:02 PM:561,-0.1307161,1.58914,0.4270297,350.5436,252.5515,359.9192,Head
12/22/2016 2:31:02 PM:628,-0.1314848,1.589147,0.4266693,350.5939,252.1134,359.9459,Head
12/22/2016 2:31:02 PM:695,-0.1313844,1.589638,0.4259164,350.4293,251.6608,0.5084239,Head
12/22/2016 2:31:02 PM:762,-0.1308579,1.590388,0.4256624,350.1374,251.3274,0.7531593,Head
12/22/2016 2:31:02 PM:829,-0.1307595,1.591113,0.4258045,349.764,251.2333,0.5594434,Head
12/22/2016 2:31:02 PM:896,-0.1305402,1.591335,0.4262778,349.6954,251.3134,0.2305216,Head
12/22/2016 2:31:02 PM:963,-0.1301187,1.591095,0.4266409,349.7024,251.3815,-0.002293466,Head
12/22/2016 2:31:03 PM:30,-0.12967,1.591209,0.4269843,349.775,251.505,359.8419,Head
12/22/2016 2:31:03 PM:96,-0.1290862,1.591254,0.4273642,349.7628,251.7603,359.7341,Head
12/22/2016 2:31:03 PM:164,-0.1287979,1.591415,0.4276748,349.7709,252.1093,359.5423,Head
12/22/2016 2:31:03 PM:230,-0.1282337,1.591542,0.4276633,349.6543,252.4258,359.4958,Head
12/22/2016 2:31:03 PM:297,-0.1274893,1.59171,0.4274365,349.5995,252.7057,359.4606,Head
12/22/2016 2:31:03 PM:364,-0.1270377,1.59181,0.4266139,349.549,252.886,359.6117,Head
12/22/2016 2:31:03 PM:432,-0.1269982,1.591853,0.4256533,349.6638,252.8383,359.6883,Head
12/22/2016 2:31:03 PM:499,-0.1264848,1.591605,0.4247113,349.8399,252.718,359.8004,Head
12/22/2016 2:31:03 PM:566,-0.1263686,1.591562,0.4241814,349.8875,252.7388,359.8413,Head
12/22/2016 2:31:03 PM:633,-0.1254597,1.591632,0.4240055,349.8601,252.9373,359.7975,Head
12/22/2016 2:31:03 PM:700,-0.1247582,1.591776,0.4241716,349.7753,253.304,359.6113,Head
12/22/2016 2:31:03 PM:767,-0.1244203,1.591551,0.4246455,349.7931,253.7177,359.5628,Head
12/22/2016 2:31:03 PM:825,-0.1240534,1.591671,0.4249046,349.8054,253.9428,359.5997,Head
12/22/2016 2:31:03 PM:872,-0.1237014,1.591582,0.4251226,349.8287,254.1242,359.6255,Head
12/22/2016 2:31:03 PM:923,-0.1228095,1.591649,0.4256053,349.8419,254.2958,359.5782,Head
12/22/2016 2:31:03 PM:990,-0.1220429,1.591517,0.4261022,349.76,254.6118,359.4652,Head
12/22/2016 2:31:04 PM:49,-0.1218154,1.591473,0.4266169,349.7346,254.8722,359.3514,Head
12/22/2016 2:31:04 PM:94,-0.1214148,1.591511,0.4270608,349.7258,255.0927,359.2415,Head
12/22/2016 2:31:04 PM:158,-0.1209055,1.591568,0.4274498,349.7327,255.4455,359.095,Head
12/22/2016 2:31:04 PM:224,-0.1203474,1.591559,0.4277794,349.7218,255.6164,358.9728,Head
12/22/2016 2:31:04 PM:284,-0.119962,1.591522,0.4278876,349.6755,255.6508,358.954,Head
12/22/2016 2:31:04 PM:329,-0.1195705,1.591619,0.4278148,349.6646,255.6468,358.8654,Head
12/22/2016 2:31:04 PM:380,-0.1188976,1.591483,0.4278259,349.6514,255.6512,358.8898,Head
12/22/2016 2:31:04 PM:453,-0.1179068,1.591326,0.4275938,349.7289,255.5433,358.9685,Head
12/22/2016 2:31:04 PM:515,-0.1173514,1.591046,0.427143,349.9,255.3962,359.0459,Head
12/22/2016 2:31:04 PM:581,-0.1165946,1.591218,0.427075,349.8596,255.3301,359.1036,Head
12/22/2016 2:31:04 PM:641,-0.1162649,1.591292,0.4271954,349.8366,255.403,359.0267,Head
12/22/2016 2:31:04 PM:701,-0.1157981,1.591384,0.4273452,349.8261,255.569,358.9128,Head
12/22/2016 2:31:04 PM:761,-0.1153009,1.5914,0.4274601,349.9125,255.7905,358.7902,Head
12/22/2016 2:31:04 PM:827,-0.114496,1.591108,0.4273068,349.9979,255.9054,358.8906,Head
12/22/2016 2:31:04 PM:889,-0.1140658,1.590785,0.4271299,350.0805,256.0461,358.9198,Head
12/22/2016 2:31:04 PM:963,-0.1142721,1.590703,0.4268969,350.2214,256.2714,358.8167,Head
12/22/2016 2:31:05 PM:25,-0.1143751,1.590432,0.4265534,350.5201,256.4727,358.6328,Head
12/22/2016 2:31:05 PM:91,-0.1143374,1.590324,0.4261771,350.7456,256.6636,358.671,Head
12/22/2016 2:31:05 PM:166,-0.1143496,1.590223,0.4256666,350.9324,256.6476,358.7718,Head
12/22/2016 2:31:05 PM:235,-0.1142473,1.590365,0.4251485,350.999,256.4971,358.8224,Head
12/22/2016 2:31:05 PM:296,-0.1144257,1.59056,0.4248023,351.01,256.4538,358.804,Head
12/22/2016 2:31:05 PM:365,-0.1148981,1.590384,0.4244016,351.1929,256.5224,358.7223,Head
12/22/2016 2:31:05 PM:436,-0.1156207,1.589878,0.4243619,351.613,256.5979,358.663,Head
12/22/2016 2:31:05 PM:499,-0.1161254,1.589687,0.4243214,351.7339,256.6504,358.7288,Head
12/22/2016 2:31:05 PM:564,-0.1168204,1.58969,0.424068,351.7227,256.5696,358.7213,Head
12/22/2016 2:31:05 PM:631,-0.1173245,1.589577,0.4238219,351.7982,256.5514,358.6421,Head
12/22/2016 2:31:05 PM:698,-0.1182393,1.589665,0.4235407,351.7271,256.6054,358.5481,Head
12/22/2016 2:31:05 PM:765,-0.1192825,1.589727,0.4229583,351.7938,256.5905,358.6067,Head
12/22/2016 2:31:05 PM:832,-0.1203567,1.589865,0.4222317,351.7684,256.5367,358.6429,Head
12/22/2016 2:31:05 PM:900,-0.1211477,1.589908,0.4216893,351.8072,256.4437,358.7338,Head
12/22/2016 2:31:05 PM:966,-0.1225082,1.589847,0.4212483,351.8241,256.3398,358.7731,Head
12/22/2016 2:31:06 PM:34,-0.1235634,1.589849,0.4206995,351.8986,256.2612,358.8438,Head
12/22/2016 2:31:06 PM:101,-0.1241853,1.589865,0.4204302,351.9529,256.2592,358.9197,Head
12/22/2016 2:31:06 PM:167,-0.1251352,1.589919,0.4203189,351.9144,256.2377,359.0047,Head
12/22/2016 2:31:06 PM:234,-0.1256964,1.590039,0.4200777,351.881,256.1844,359.0727,Head
12/22/2016 2:31:06 PM:302,-0.1261251,1.589971,0.4201205,351.899,256.2012,359.1713,Head
12/22/2016 2:31:06 PM:369,-0.126606,1.589974,0.4201342,351.8684,256.2486,359.1725,Head
12/22/2016 2:31:06 PM:435,-0.1268483,1.590117,0.4202843,351.7856,256.2652,359.161,Head
12/22/2016 2:31:06 PM:502,-0.1266391,1.590283,0.4204022,351.7322,256.26,359.1671,Head
12/22/2016 2:31:06 PM:569,-0.1263659,1.590315,0.4206432,351.6396,256.2348,359.1382,Head
12/22/2016 2:31:06 PM:647,-0.1259945,1.590427,0.421073,351.5486,256.2191,359.0296,Head
12/22/2016 2:31:06 PM:714,-0.1259677,1.59028,0.4213849,351.59,256.2639,358.9747,Head
12/22/2016 2:31:06 PM:770,-0.1257978,1.590243,0.4213711,351.6664,256.2473,358.9354,Head
12/22/2016 2:31:06 PM:837,-0.1254239,1.59017,0.4213297,351.6892,256.2196,358.9513,Head
12/22/2016 2:31:06 PM:904,-0.1253381,1.590289,0.4214117,351.6186,256.2925,358.917,Head
12/22/2016 2:31:06 PM:971,-0.1253315,1.590188,0.4216614,351.697,256.459,358.884,Head
12/22/2016 2:31:07 PM:38,-0.1248398,1.590292,0.4219637,351.6788,256.6619,358.9034,Head
12/22/2016 2:31:07 PM:106,-0.1245361,1.589936,0.4219504,351.7217,256.7378,358.9525,Head
12/22/2016 2:31:07 PM:173,-0.1234732,1.590194,0.4217519,351.6792,256.8012,359.0038,Head
12/22/2016 2:31:07 PM:239,-0.1225438,1.590272,0.4217857,351.5945,256.7943,359.132,Head
12/22/2016 2:31:07 PM:307,-0.1215157,1.59029,0.4215864,351.5299,256.724,359.2245,Head
12/22/2016 2:31:07 PM:373,-0.1205643,1.590182,0.4215904,351.5555,256.7744,359.2374,Head
12/22/2016 2:31:07 PM:440,-0.1195474,1.590268,0.4217898,351.4962,256.8233,359.2454,Head
12/22/2016 2:31:07 PM:507,-0.1185829,1.590382,0.4219557,351.4238,256.8193,359.2622,Head
12/22/2016 2:31:07 PM:574,-0.1179447,1.590327,0.422024,351.4333,256.8335,359.2608,Head
12/22/2016 2:31:07 PM:642,-0.1175055,1.590227,0.4220983,351.5045,256.9133,359.2538,Head
12/22/2016 2:31:07 PM:727,-0.1167947,1.589946,0.4220263,351.5091,257.0177,359.2137,Head
12/22/2016 2:31:07 PM:786,-0.1158815,1.589946,0.421447,351.5143,256.9412,359.2717,Head
12/22/2016 2:31:07 PM:853,-0.1150153,1.589883,0.4207921,351.5504,256.7607,359.3536,Head
12/22/2016 2:31:07 PM:921,-0.1142779,1.589889,0.4203929,351.513,256.6967,359.3976,Head
12/22/2016 2:31:07 PM:987,-0.113727,1.590127,0.420128,351.4577,256.7985,359.3438,Head
12/22/2016 2:31:08 PM:70,-0.1130083,1.59015,0.4199116,351.4056,256.8983,359.309,Head
12/22/2016 2:31:08 PM:151,-0.1124479,1.589994,0.4197793,351.42,257.0297,359.2395,Head
12/22/2016 2:31:08 PM:227,-0.1113386,1.59029,0.4197842,351.3994,257.1044,359.2206,Head
12/22/2016 2:31:08 PM:351,-0.1105331,1.590371,0.4196372,351.2861,257.3358,359.1404,Head
12/22/2016 2:31:08 PM:430,-0.1102061,1.590546,0.419681,351.2559,257.47,359.0905,Head
12/22/2016 2:31:08 PM:508,-0.1099658,1.590458,0.4193277,351.3286,257.649,359.0652,Head
12/22/2016 2:31:08 PM:593,-0.1098486,1.59065,0.4188197,351.159,257.6156,359.1854,Head
12/22/2016 2:31:08 PM:676,-0.1098412,1.590723,0.4181398,351.0799,257.3997,359.3459,Head
12/22/2016 2:31:08 PM:780,-0.1108375,1.590708,0.417686,351.1519,257.4905,359.4707,Head
12/22/2016 2:31:08 PM:866,-0.1112137,1.590723,0.4175113,351.1586,257.5529,359.5307,Head
12/22/2016 2:31:08 PM:964,-0.1117827,1.590712,0.4176404,351.158,257.522,359.6633,Head
12/22/2016 2:31:09 PM:44,-0.1127145,1.59081,0.417832,351.2111,257.5866,359.7017,Head
12/22/2016 2:31:09 PM:123,-0.1135561,1.590755,0.4184644,351.2306,257.793,359.5384,Head
12/22/2016 2:31:09 PM:205,-0.1146307,1.590636,0.4195087,351.3431,258.0728,359.4345,Head
12/22/2016 2:31:09 PM:284,-0.1153164,1.590493,0.4208174,351.4126,258.4606,359.3185,Head
12/22/2016 2:31:09 PM:370,-0.1159002,1.590418,0.422077,351.4013,258.8272,359.1632,Head
12/22/2016 2:31:09 PM:447,-0.1168432,1.590358,0.4234883,351.474,259.2824,358.9275,Head
12/22/2016 2:31:09 PM:531,-0.1172364,1.590308,0.4249453,351.5471,259.8168,358.5938,Head
12/22/2016 2:31:09 PM:612,-0.1177747,1.590336,0.4262117,351.4596,260.2158,358.3998,Head
12/22/2016 2:31:09 PM:689,-0.1187924,1.590456,0.4269234,351.4559,260.3033,358.3039,Head
12/22/2016 2:31:09 PM:769,-0.1199534,1.590192,0.4272507,351.6147,260.2947,358.2551,Head
12/22/2016 2:31:09 PM:846,-0.1208077,1.589968,0.4274122,351.7895,260.3451,358.2281,Head
12/22/2016 2:31:09 PM:926,-0.1211134,1.589876,0.4275124,351.9334,260.3007,358.3347,Head
12/22/2016 2:31:10 PM:5,-0.1218313,1.589892,0.4275617,352.0071,260.2186,358.3792,Head
12/22/2016 2:31:10 PM:83,-0.1220665,1.589779,0.4275697,351.9902,260.2068,358.4586,Head
12/22/2016 2:31:10 PM:182,-0.1225362,1.589815,0.4274248,352.024,260.2702,358.493,Head
12/22/2016 2:31:10 PM:263,-0.1226609,1.58992,0.4272557,351.9966,260.1686,358.553,Head
12/22/2016 2:31:10 PM:354,-0.1231674,1.589977,0.4272474,351.9969,260.1118,358.6084,Head
12/22/2016 2:31:10 PM:437,-0.1239642,1.589915,0.4274555,352.0218,260.0702,358.543,Head
12/22/2016 2:31:10 PM:525,-0.1238472,1.589646,0.4277204,352.0271,260.0184,358.4729,Head
12/22/2016 2:31:10 PM:602,-0.1238355,1.589714,0.4277377,352.0325,259.7939,358.4083,Head
12/22/2016 2:31:10 PM:686,-0.123384,1.589826,0.427765,352.0631,259.6664,358.4514,Head
12/22/2016 2:31:10 PM:757,-0.1227395,1.589916,0.4278492,351.9678,259.5704,358.4423,Head
12/22/2016 2:31:10 PM:836,-0.1222037,1.589985,0.4278695,351.843,259.5223,358.4398,Head
12/22/2016 2:31:10 PM:911,-0.1215794,1.590114,0.42796,351.7568,259.6281,358.4453,Head
12/22/2016 2:31:10 PM:986,-0.1210592,1.590329,0.4282712,351.6915,260.1852,358.5595,Head
12/22/2016 2:31:11 PM:84,-0.1205657,1.59041,0.429044,351.6181,261.2251,358.6276,Head
12/22/2016 2:31:11 PM:177,-0.120392,1.590277,0.4302459,351.5236,262.5816,358.6008,Head
12/22/2016 2:31:11 PM:254,-0.1201502,1.590255,0.4305775,351.5623,263.0302,358.6007,Head
12/22/2016 2:31:11 PM:333,-0.1205154,1.590102,0.430259,351.6252,263.1697,358.5647,Head
12/22/2016 2:31:11 PM:415,-0.1209823,1.590066,0.429502,351.7123,263.0219,358.59,Head
12/22/2016 2:31:11 PM:502,-0.1218532,1.589855,0.4286596,351.7902,262.769,358.7015,Head
12/22/2016 2:31:11 PM:597,-0.1225867,1.58992,0.4275829,351.7704,262.6806,358.7301,Head
12/22/2016 2:31:11 PM:727,-0.1233101,1.590024,0.4267898,351.8036,262.6998,358.7812,Head
12/22/2016 2:31:11 PM:814,-0.1247261,1.590163,0.4257383,351.8134,262.7217,358.9088,Head
12/22/2016 2:31:11 PM:893,-0.1259079,1.590136,0.4250724,351.837,262.7121,358.9549,Head
12/22/2016 2:31:11 PM:991,-0.1270142,1.590014,0.4251744,351.9685,262.9604,358.932,Head
12/22/2016 2:31:12 PM:95,-0.128153,1.589723,0.4247182,352.1964,263.1529,358.9796,Head
12/22/2016 2:31:12 PM:180,-0.128112,1.589644,0.4243463,352.3017,263.241,359.0097,Head
12/22/2016 2:31:12 PM:262,-0.1279444,1.589513,0.4239175,352.2857,263.084,359.0232,Head
12/22/2016 2:31:12 PM:351,-0.1281237,1.589955,0.4238856,351.9783,262.7238,358.9173,Head
12/22/2016 2:31:12 PM:451,-0.1293965,1.590068,0.4235978,352.1357,262.4386,359.0154,Head
12/22/2016 2:31:12 PM:532,-0.1298041,1.589495,0.4240589,352.4128,262.5427,358.9436,Head
12/22/2016 2:31:12 PM:618,-0.1294129,1.589077,0.4258495,352.5887,262.9269,358.9433,Head
12/22/2016 2:31:12 PM:696,-0.1287176,1.588785,0.4275483,352.7115,263.5084,358.5575,Head
12/22/2016 2:31:12 PM:792,-0.1273329,1.58844,0.4289076,352.7727,264.155,358.4779,Head
12/22/2016 2:31:12 PM:876,-0.1268214,1.587818,0.4290459,352.8682,264.2024,358.4774,Head
12/22/2016 2:31:12 PM:962,-0.1256296,1.587526,0.4302654,353.0022,264.0921,358.5433,Head
12/22/2016 2:31:13 PM:41,-0.1251395,1.587287,0.4309571,353.1721,264.3505,358.5259,Head
12/22/2016 2:31:13 PM:110,-0.1259266,1.587311,0.4308955,353.1219,264.5052,358.4616,Head
12/22/2016 2:31:13 PM:202,-0.1270568,1.587327,0.4310166,353.227,264.3591,358.5185,Head
12/22/2016 2:31:13 PM:297,-0.128422,1.586593,0.4313605,353.6748,264.7402,358.3674,Head
12/22/2016 2:31:13 PM:402,-0.1292441,1.586862,0.4315844,353.5524,264.9067,358.2969,Head
12/22/2016 2:31:13 PM:492,-0.1306209,1.586962,0.4318166,353.5165,264.7921,358.3312,Head
12/22/2016 2:31:13 PM:587,-0.1314441,1.586691,0.4323174,353.6773,264.8109,358.3608,Head
12/22/2016 2:31:13 PM:670,-0.1317669,1.586854,0.4328728,353.6315,265.0653,358.1241,Head
12/22/2016 2:31:13 PM:784,-0.1311893,1.587319,0.4327998,353.3133,265.1949,358.2142,Head
12/22/2016 2:31:13 PM:871,-0.1312042,1.58757,0.4321369,353.1095,265.0349,358.3802,Head
12/22/2016 2:31:13 PM:965,-0.1305608,1.587802,0.43124,353.0948,264.7517,358.6594,Head
12/22/2016 2:31:14 PM:64,-0.1301264,1.588069,0.4311904,352.8069,264.6268,358.7546,Head
12/22/2016 2:31:14 PM:150,-0.1296401,1.588034,0.4315706,352.8189,264.8375,358.7544,Head
12/22/2016 2:31:14 PM:233,-0.1296802,1.588428,0.4314306,352.5389,264.7074,358.6253,Head
12/22/2016 2:31:14 PM:323,-0.1297818,1.588527,0.4315354,352.4525,264.4007,358.6767,Head
12/22/2016 2:31:14 PM:415,-0.130011,1.588089,0.4323046,352.7676,264.615,358.6428,Head
12/22/2016 2:31:14 PM:500,-0.1300066,1.588274,0.4332203,352.669,264.9981,358.3813,Head
12/22/2016 2:31:14 PM:587,-0.129728,1.588147,0.4340433,352.6939,265.3955,358.2856,Head
12/22/2016 2:31:14 PM:671,-0.1294687,1.588251,0.4345536,352.6828,265.2494,358.1172,Head
12/22/2016 2:31:14 PM:748,-0.1287663,1.588322,0.4342935,352.5842,265.0306,358.1798,Head
12/22/2016 2:31:14 PM:850,-0.1283357,1.588415,0.4339246,352.4125,264.8507,358.2603,Head
12/22/2016 2:31:14 PM:933,-0.1280886,1.588353,0.432959,352.3268,264.6705,358.4873,Head
12/22/2016 2:31:15 PM:10,-0.1277672,1.588157,0.4328945,352.4665,264.8263,358.6141,Head
12/22/2016 2:31:15 PM:108,-0.1276038,1.588143,0.4328837,352.4995,265.1041,358.6188,Head
12/22/2016 2:31:15 PM:195,-0.1275457,1.588131,0.4329751,352.4371,265.1792,358.5891,Head
12/22/2016 2:31:15 PM:290,-0.1273541,1.588024,0.4334686,352.5735,265.3495,358.4975,Head
12/22/2016 2:31:15 PM:373,-0.1270877,1.587839,0.4335508,352.5976,265.2776,358.4572,Head
12/22/2016 2:31:15 PM:456,-0.1264264,1.587765,0.4333444,352.5309,265.1822,358.4774,Head
12/22/2016 2:31:15 PM:531,-0.1259899,1.587921,0.4332605,352.4692,265.0392,358.5105,Head
12/22/2016 2:31:15 PM:677,-0.1259925,1.587984,0.4331139,352.4773,265.1422,358.4328,Head
12/22/2016 2:31:15 PM:822,-0.1260721,1.588531,0.4326441,352.0836,264.93,358.5119,Head
12/22/2016 2:31:15 PM:965,-0.1264707,1.588167,0.4335043,352.5826,265.5193,358.2418,Head
12/22/2016 2:31:16 PM:111,-0.1261047,1.588243,0.4329357,352.4267,266.0468,358.2942,Head
12/22/2016 2:31:16 PM:256,-0.126531,1.587993,0.4311904,352.3188,265.2808,358.5706,Head
12/22/2016 2:31:16 PM:401,-0.1276511,1.588399,0.4306579,352.1554,265.3054,358.6451,Head
12/22/2016 2:31:16 PM:548,-0.1291803,1.588308,0.4304319,352.2879,265.3763,358.6373,Head
12/22/2016 2:31:16 PM:692,-0.1304329,1.588167,0.4308818,352.3785,265.3535,358.5551,Head
12/22/2016 2:31:16 PM:840,-0.131247,1.587918,0.4316351,352.531,265.3115,358.4775,Head
12/22/2016 2:31:16 PM:959,-0.1310416,1.588132,0.4326607,352.5016,265.5305,358.3133,Head
12/22/2016 2:31:17 PM:82,-0.130889,1.588217,0.4336894,352.3382,265.5343,358.2114,Head
12/22/2016 2:31:17 PM:160,-0.1308569,1.588158,0.4346265,352.302,265.5211,358.1193,Head
12/22/2016 2:31:17 PM:238,-0.1310101,1.588127,0.4350246,352.1573,265.3511,358.0809,Head
12/22/2016 2:31:17 PM:315,-0.1315101,1.587988,0.4353784,352.2986,265.347,357.9917,Head
12/22/2016 2:31:17 PM:396,-0.1322061,1.587677,0.4359961,352.4889,265.573,357.9113,Head
12/22/2016 2:31:17 PM:474,-0.132619,1.587676,0.4363508,352.5486,265.7261,357.8299,Head
12/22/2016 2:31:17 PM:553,-0.1332704,1.587478,0.4361592,352.5878,265.8125,357.8746,Head
12/22/2016 2:31:17 PM:629,-0.1332896,1.58748,0.4359255,352.6591,265.7814,357.9485,Head
12/22/2016 2:31:17 PM:710,-0.1330435,1.58754,0.4357405,352.6217,265.6776,357.9866,Head
12/22/2016 2:31:17 PM:790,-0.1327487,1.587501,0.4354446,352.577,265.6402,358.0239,Head
12/22/2016 2:31:17 PM:876,-0.1329955,1.587503,0.4353694,352.564,265.6438,358.0564,Head
12/22/2016 2:31:17 PM:953,-0.1334616,1.587282,0.4347776,352.6516,265.6185,358.0369,Head
12/22/2016 2:31:18 PM:31,-0.1336122,1.587284,0.4344274,352.7876,265.6458,358.0953,Head
12/22/2016 2:31:18 PM:109,-0.1340781,1.587136,0.4342399,352.9532,265.6283,358.3095,Head
12/22/2016 2:31:18 PM:193,-0.1345893,1.586943,0.4344451,353.1543,265.9076,358.4433,Head
12/22/2016 2:31:18 PM:277,-0.135054,1.586789,0.4345996,353.2377,266.037,358.2618,Head
12/22/2016 2:31:18 PM:359,-0.1347802,1.586553,0.434575,353.326,266.1192,358.2885,Head
12/22/2016 2:31:18 PM:434,-0.1343964,1.586563,0.4348476,353.3365,266.1122,358.3188,Head
12/22/2016 2:31:18 PM:513,-0.1336008,1.586663,0.4354124,353.2391,266.1446,358.2535,Head
12/22/2016 2:31:18 PM:596,-0.1331338,1.586804,0.4359349,353.1348,266.2031,358.1144,Head
12/22/2016 2:31:18 PM:683,-0.132681,1.586896,0.4367647,353.0875,266.3238,357.9593,Head
12/22/2016 2:31:18 PM:765,-0.132228,1.586825,0.4372404,353.0724,266.3937,357.8827,Head
12/22/2016 2:31:18 PM:841,-0.1326661,1.587266,0.4348871,353.0712,266.3446,357.8641,Head
12/22/2016 2:31:18 PM:931,-0.1317989,1.587381,0.4346217,352.9527,266.2457,357.92,Head
12/22/2016 2:31:19 PM:0,-0.1312989,1.587574,0.4345084,352.8593,266.1744,357.9464,Head
12/22/2016 2:31:19 PM:69,-0.1310958,1.587558,0.4342351,352.9353,266.1118,357.9913,Head
12/22/2016 2:31:19 PM:150,-0.1307694,1.58744,0.4341688,352.9992,266.0127,358.0211,Head
12/22/2016 2:31:19 PM:235,-0.1308131,1.587264,0.4340359,353.0739,265.9827,358.0835,Head
12/22/2016 2:31:19 PM:329,-0.1302717,1.587296,0.4342264,353.1293,265.9372,358.0568,Head
12/22/2016 2:31:19 PM:435,-0.1304482,1.587293,0.4343168,353.1507,266.0155,357.9166,Head
12/22/2016 2:31:19 PM:515,-0.1302946,1.587534,0.4346006,353.1777,266.0653,357.9621,Head
12/22/2016 2:31:19 PM:599,-0.1302969,1.587545,0.4344865,353.2017,265.9247,357.9668,Head
12/22/2016 2:31:19 PM:715,-0.1295778,1.587627,0.4344054,353.1701,265.8143,358.0136,Head
12/22/2016 2:31:19 PM:795,-0.1287177,1.587728,0.4341593,353.1264,265.7914,358.0017,Head
12/22/2016 2:31:19 PM:876,-0.1286815,1.587658,0.4339217,353.1581,265.7514,358.0436,Head
12/22/2016 2:31:19 PM:952,-0.1286136,1.587592,0.4335195,353.1831,265.6559,358.1138,Head
12/22/2016 2:31:20 PM:30,-0.1285234,1.587709,0.4332747,353.189,265.5913,358.1938,Head
12/22/2016 2:31:20 PM:140,-0.1287749,1.587852,0.4332692,353.2069,265.6028,358.2152,Head
12/22/2016 2:31:20 PM:237,-0.1288341,1.587693,0.4333977,353.3175,265.695,358.0653,Head
12/22/2016 2:31:20 PM:328,-0.1294864,1.58779,0.4333788,353.2232,265.2859,357.8789,Head
12/22/2016 2:31:20 PM:413,-0.1301871,1.587858,0.4333338,353.2448,265.123,357.9463,Head
12/22/2016 2:31:20 PM:489,-0.1312024,1.587871,0.4332993,353.2741,265.037,357.8441,Head
12/22/2016 2:31:20 PM:568,-0.1322204,1.587787,0.4332823,353.3739,264.9771,357.7896,Head
12/22/2016 2:31:20 PM:654,-0.1325906,1.587381,0.4332476,353.6237,265.1862,357.8013,Head
12/22/2016 2:31:20 PM:732,-0.1329,1.587384,0.4335755,353.526,264.9846,357.5718,Head
12/22/2016 2:31:20 PM:814,-0.1329931,1.587414,0.4341553,353.4176,264.8206,357.5598,Head
12/22/2016 2:31:20 PM:891,-0.1330076,1.587754,0.4347554,353.2124,264.2713,357.524,Head
12/22/2016 2:31:20 PM:990,-0.1336758,1.588649,0.4351019,352.6347,263.4741,357.1952,Head
12/22/2016 2:31:21 PM:67,-0.1350173,1.588533,0.4349937,352.7139,263.4506,357.2877,Head
12/22/2016 2:31:21 PM:150,-0.1358828,1.588004,0.434065,353.1293,263.664,357.4752,Head
12/22/2016 2:31:21 PM:231,-0.1366128,1.587715,0.4334792,353.3673,263.6626,357.538,Head
12/22/2016 2:31:21 PM:332,-0.1373321,1.587424,0.4331474,353.5582,264.0933,357.6389,Head
12/22/2016 2:31:21 PM:422,-0.1376262,1.587159,0.4329421,353.768,264.5178,357.64,Head
12/22/2016 2:31:21 PM:514,-0.137705,1.587127,0.4333191,353.9437,265.0226,357.6235,Head
12/22/2016 2:31:21 PM:595,-0.1374165,1.586837,0.433431,353.977,265.2376,357.7017,Head
12/22/2016 2:31:21 PM:707,-0.1367402,1.586868,0.4331525,353.9036,264.7784,357.912,Head
12/22/2016 2:31:21 PM:804,-0.1360176,1.586586,0.434027,354.0011,264.3097,357.6876,Head
12/22/2016 2:31:21 PM:948,-0.1340205,1.586885,0.4358546,353.847,264.7771,357.3983,Head
12/22/2016 2:31:22 PM:51,-0.1312871,1.587382,0.4366866,353.5457,265.1076,357.4448,Head
12/22/2016 2:31:22 PM:150,-0.1301091,1.588087,0.4366794,353.0702,264.9024,357.367,Head
12/22/2016 2:31:22 PM:263,-0.1298036,1.588613,0.4360799,352.8276,264.4848,357.4462,Head
12/22/2016 2:31:22 PM:358,-0.1296407,1.588255,0.4364709,353.0229,264.848,357.4034,Head
12/22/2016 2:31:22 PM:491,-0.1293736,1.588452,0.4379339,352.9293,265.1189,357.2674,Head
12/22/2016 2:31:22 PM:605,-0.1285274,1.58845,0.4392703,352.8829,265.5687,357.0458,Head
12/22/2016 2:31:22 PM:705,-0.1271837,1.588467,0.4394674,352.8471,265.9083,356.9974,Head
12/22/2016 2:31:22 PM:797,-0.1255562,1.588543,0.4388731,352.7429,265.8274,357.222,Head
12/22/2016 2:31:22 PM:898,-0.1239038,1.588733,0.4376241,352.4921,265.3934,357.5051,Head
12/22/2016 2:31:22 PM:988,-0.1232338,1.589009,0.4364154,352.4059,265.0036,357.6968,Head
12/22/2016 2:31:23 PM:78,-0.1228783,1.588541,0.4362161,352.7394,265.0147,357.742,Head
12/22/2016 2:31:23 PM:168,-0.1230242,1.588634,0.4358596,352.5352,264.6368,357.792,Head
12/22/2016 2:31:23 PM:243,-0.123386,1.588722,0.435912,352.5573,264.5804,357.8101,Head
12/22/2016 2:31:23 PM:311,-0.1235819,1.588346,0.4363611,352.8733,264.9488,357.715,Head
12/22/2016 2:31:23 PM:386,-0.1243567,1.58813,0.4372419,352.8604,265.2948,357.54,Head
12/22/2016 2:31:23 PM:458,-0.1244323,1.588032,0.4378626,352.9816,265.483,357.4325,Head
12/22/2016 2:31:23 PM:555,-0.1237137,1.587859,0.438014,353.0401,265.6732,357.2593,Head
12/22/2016 2:31:23 PM:610,-0.1227475,1.587883,0.4374771,352.9303,265.5228,357.2626,Head
12/22/2016 2:31:23 PM:676,-0.1217759,1.588373,0.4366832,352.6291,265.2986,357.3921,Head
12/22/2016 2:31:23 PM:769,-0.1208499,1.588352,0.435642,352.5281,265.1494,357.6232,Head
12/22/2016 2:31:23 PM:846,-0.1198791,1.588923,0.4345056,352.1319,264.8782,357.5208,Head
12/22/2016 2:31:23 PM:924,-0.1192062,1.589676,0.4335684,351.6705,264.3453,357.5008,Head
12/22/2016 2:31:24 PM:1,-0.1198026,1.590156,0.4328856,351.558,264.5597,357.5705,Head
12/22/2016 2:31:24 PM:80,-0.120674,1.590413,0.4326535,351.3687,264.4128,357.5277,Head
12/22/2016 2:31:24 PM:172,-0.1217782,1.590246,0.4327838,351.4803,264.5432,357.5405,Head
12/22/2016 2:31:24 PM:259,-0.1230016,1.589779,0.4332904,351.9421,265.1331,357.4733,Head
12/22/2016 2:31:24 PM:336,-0.1235399,1.589537,0.4335698,352.1439,265.3526,357.4383,Head
12/22/2016 2:31:24 PM:405,-0.1235077,1.589632,0.4338837,352.0953,265.4953,357.3964,Head
12/22/2016 2:31:24 PM:482,-0.1231603,1.589472,0.433957,352.0215,265.59,357.318,Head
12/22/2016 2:31:24 PM:555,-0.122638,1.58962,0.433489,351.8845,265.4489,357.2865,Head
12/22/2016 2:31:24 PM:642,-0.1219068,1.589672,0.4320472,351.6956,264.8535,357.5437,Head
12/22/2016 2:31:24 PM:718,-0.1214911,1.590156,0.4307498,351.5555,264.561,357.9246,Head
12/22/2016 2:31:24 PM:814,-0.1204204,1.590619,0.4301715,351.3086,264.4278,357.9257,Head
12/22/2016 2:31:24 PM:893,-0.1201895,1.591211,0.4295387,350.7135,263.9809,357.9937,Head
12/22/2016 2:31:24 PM:958,-0.1219318,1.59186,0.4262249,350.6409,263.6892,358.1358,Head
12/22/2016 2:31:25 PM:38,-0.1226958,1.591403,0.4259027,350.9623,263.8567,358.0785,Head
12/22/2016 2:31:25 PM:115,-0.1231686,1.590881,0.4266239,351.2925,264.2773,358.0002,Head
12/22/2016 2:31:25 PM:196,-0.1231172,1.591081,0.4274922,351.154,264.4813,357.6599,Head
12/22/2016 2:31:25 PM:277,-0.1227623,1.591033,0.4280586,351.1378,264.5043,357.6924,Head
12/22/2016 2:31:25 PM:384,-0.1213637,1.590751,0.4295474,351.2723,264.7159,357.6561,Head
12/22/2016 2:31:25 PM:477,-0.1203618,1.590876,0.4298262,351.1984,264.6717,357.681,Head
12/22/2016 2:31:25 PM:572,-0.1200902,1.591107,0.430432,351.1401,264.7204,357.5437,Head
12/22/2016 2:31:25 PM:646,-0.1200307,1.590972,0.4310516,351.171,264.7054,357.5011,Head
12/22/2016 2:31:25 PM:743,-0.1206325,1.590636,0.4315604,351.3788,264.8002,357.551,Head
12/22/2016 2:31:25 PM:846,-0.1211743,1.59048,0.4317363,351.534,264.8732,357.4311,Head
12/22/2016 2:31:25 PM:923,-0.1218165,1.590456,0.4316464,351.4901,264.808,357.4433,Head
12/22/2016 2:31:26 PM:25,-0.1226159,1.590337,0.4322634,351.5855,264.8035,357.3914,Head
12/22/2016 2:31:26 PM:104,-0.1229793,1.590054,0.4324982,351.8633,264.9708,357.3439,Head
12/22/2016 2:31:26 PM:214,-0.1231721,1.590175,0.4322168,351.8332,264.9066,357.3441,Head
12/22/2016 2:31:26 PM:304,-0.1230276,1.590615,0.432112,351.6598,264.6887,357.6217,Head
12/22/2016 2:31:26 PM:404,-0.1233821,1.590893,0.4315107,351.4574,264.3482,357.685,Head
12/22/2016 2:31:26 PM:480,-0.1236984,1.590511,0.4316114,351.5031,264.4294,357.7788,Head
12/22/2016 2:31:26 PM:562,-0.1236983,1.590634,0.431863,351.515,264.5709,357.7025,Head
12/22/2016 2:31:26 PM:635,-0.1241328,1.590787,0.4319213,351.4164,264.6234,357.5939,Head
12/22/2016 2:31:26 PM:715,-0.1242742,1.590684,0.4319027,351.4021,264.6774,357.5653,Head
12/22/2016 2:31:26 PM:795,-0.1245221,1.590907,0.4321326,351.3561,264.576,357.6049,Head
12/22/2016 2:31:26 PM:902,-0.1247092,1.590822,0.4325355,351.4118,264.4538,357.66,Head
12/22/2016 2:31:27 PM:14,-0.1254862,1.590732,0.4323248,351.5341,264.3694,357.6642,Head
12/22/2016 2:31:27 PM:104,-0.1258447,1.590621,0.432344,351.7341,264.3625,357.6594,Head
12/22/2016 2:31:27 PM:204,-0.126674,1.590673,0.4317865,351.886,264.2073,357.7596,Head
12/22/2016 2:31:27 PM:314,-0.1264856,1.590664,0.4317415,351.9595,264.0892,357.8413,Head
12/22/2016 2:31:27 PM:416,-0.1256492,1.590691,0.4318109,351.9637,264.0775,357.8622,Head
12/22/2016 2:31:27 PM:534,-0.1239791,1.590105,0.4324374,352.0268,264.0967,357.8781,Head
12/22/2016 2:31:27 PM:634,-0.1221394,1.590147,0.4330738,351.8916,264.0786,357.8542,Head
12/22/2016 2:31:27 PM:745,-0.1213471,1.590607,0.4333061,351.7902,264.2208,357.7866,Head
12/22/2016 2:31:27 PM:882,-0.1207266,1.591025,0.4335438,351.4855,263.9175,357.7208,Head
12/22/2016 2:31:28 PM:12,-0.1202319,1.590326,0.4342249,351.9467,264.5709,357.7489,Head
12/22/2016 2:31:28 PM:157,-0.1181482,1.59133,0.4332461,351.407,264.8638,357.7882,Head
12/22/2016 2:31:28 PM:281,-0.1174015,1.591054,0.4305928,351.4379,263.8689,358.4955,Head
12/22/2016 2:31:28 PM:404,-0.1161339,1.591316,0.4302887,351.2375,263.7613,358.8228,Head
12/22/2016 2:31:28 PM:535,-0.1158033,1.591709,0.4304025,350.7587,263.5983,358.7245,Head
12/22/2016 2:31:28 PM:658,-0.1172501,1.591605,0.4272189,351.1155,263.618,358.6832,Head
12/22/2016 2:31:28 PM:804,-0.1169505,1.591391,0.4292591,351.263,264.3015,358.3176,Head
12/22/2016 2:31:28 PM:891,-0.1166826,1.591323,0.4302903,351.3765,264.1618,358.2594,Head
12/22/2016 2:31:28 PM:976,-0.1156624,1.590931,0.4315177,351.5988,264.4699,357.9991,Head
12/22/2016 2:31:29 PM:75,-0.1134819,1.59114,0.4326802,351.3915,264.7557,357.6856,Head
12/22/2016 2:31:29 PM:178,-0.1114192,1.591415,0.4326316,351.1398,264.4087,357.7416,Head
12/22/2016 2:31:29 PM:272,-0.1100167,1.591185,0.4327039,351.1449,264.1447,357.887,Head
12/22/2016 2:31:29 PM:354,-0.1091919,1.591149,0.4324843,351.1838,264.2474,357.8887,Head
12/22/2016 2:31:29 PM:430,-0.1081326,1.591269,0.4323923,351.1299,264.2011,357.8792,Head
12/22/2016 2:31:29 PM:506,-0.1074186,1.591616,0.4319693,350.8874,264.068,357.9035,Head
12/22/2016 2:31:29 PM:586,-0.1082103,1.591854,0.4309345,350.888,263.571,358.0454,Head
12/22/2016 2:31:29 PM:681,-0.108287,1.59126,0.431106,351.3936,263.836,358.0383,Head
12/22/2016 2:31:29 PM:762,-0.108166,1.591235,0.431842,351.4768,264.3449,357.9286,Head
12/22/2016 2:31:29 PM:853,-0.108263,1.591304,0.432181,351.341,264.5072,357.8604,Head
12/22/2016 2:31:29 PM:945,-0.1081759,1.591266,0.4327803,351.4131,264.5611,357.7884,Head
12/22/2016 2:31:30 PM:36,-0.1074803,1.591296,0.4333271,351.3141,264.679,357.5753,Head
12/22/2016 2:31:30 PM:158,-0.1065304,1.591624,0.4322655,351.1083,264.2993,357.8529,Head
12/22/2016 2:31:30 PM:250,-0.1052753,1.591935,0.4313255,350.8893,264.06,358.0559,Head
12/22/2016 2:31:30 PM:338,-0.105095,1.592441,0.4299927,350.5553,263.832,358.1527,Head
12/22/2016 2:31:30 PM:433,-0.1049418,1.593086,0.4293618,350.2336,263.793,358.3336,Head
12/22/2016 2:31:30 PM:509,-0.1054655,1.593273,0.4290666,349.9973,263.6891,358.3555,Head
12/22/2016 2:31:30 PM:586,-0.1061184,1.59301,0.4291261,350.2362,263.6114,358.3844,Head
12/22/2016 2:31:30 PM:667,-0.1067486,1.592491,0.4301721,350.6502,263.9587,358.3284,Head
12/22/2016 2:31:30 PM:761,-0.1078852,1.592088,0.4318821,351.0207,264.6683,357.998,Head
12/22/2016 2:31:30 PM:837,-0.1081833,1.591924,0.4324756,351.2271,265.1123,357.7346,Head
12/22/2016 2:31:30 PM:907,-0.1081551,1.591808,0.4322514,351.2723,265.2854,357.7002,Head
12/22/2016 2:31:30 PM:989,-0.1075555,1.592255,0.4315624,350.9929,264.7961,357.7625,Head
12/22/2016 2:31:31 PM:69,-0.106461,1.592397,0.4302188,350.8214,264.2755,358.1367,Head
12/22/2016 2:31:31 PM:162,-0.1051956,1.592542,0.4290144,350.7403,264.2169,358.3459,Head
12/22/2016 2:31:31 PM:240,-0.1045837,1.59306,0.4285246,350.362,264.3695,358.4012,Head
12/22/2016 2:31:31 PM:307,-0.104663,1.59333,0.428021,350.2791,264.126,358.4479,Head
12/22/2016 2:31:31 PM:402,-0.1050427,1.593354,0.4277336,350.3302,264.0714,358.5399,Head
12/22/2016 2:31:31 PM:513,-0.1060393,1.592635,0.4280993,350.8309,264.3127,358.4686,Head
12/22/2016 2:31:31 PM:588,-0.1063524,1.592241,0.428643,351.0522,264.4995,358.2433,Head
12/22/2016 2:31:31 PM:671,-0.1060505,1.592333,0.4286397,351.0914,264.5434,358.2379,Head
12/22/2016 2:31:31 PM:745,-0.10581,1.592315,0.4283658,351.118,264.5152,358.3115,Head
12/22/2016 2:31:31 PM:812,-0.1058424,1.592413,0.427885,351.0461,264.1807,358.3126,Head
12/22/2016 2:31:31 PM:879,-0.1056787,1.592521,0.4278815,351.0259,264.0401,358.3007,Head
12/22/2016 2:31:31 PM:984,-0.1051589,1.592582,0.4282304,350.9544,264.0968,358.2861,Head
12/22/2016 2:31:32 PM:83,-0.1045753,1.593013,0.4283777,350.7882,264.1556,358.285,Head
12/22/2016 2:31:32 PM:186,-0.1038863,1.593364,0.4285242,350.7251,264.3868,358.2853,Head
12/22/2016 2:31:32 PM:282,-0.1032719,1.593295,0.4288477,350.6246,264.3949,358.35,Head
12/22/2016 2:31:32 PM:364,-0.1026055,1.593353,0.428836,350.6658,264.43,358.3065,Head
12/22/2016 2:31:32 PM:440,-0.1023385,1.593276,0.4288578,350.7766,264.3662,358.36,Head
12/22/2016 2:31:32 PM:518,-0.1018834,1.593123,0.4287977,350.8649,264.2416,358.414,Head
12/22/2016 2:31:32 PM:598,-0.1010888,1.593195,0.4287874,350.937,264.1708,358.4261,Head
12/22/2016 2:31:32 PM:679,-0.1007168,1.593238,0.428858,350.9904,264.2913,358.3704,Head
12/22/2016 2:31:32 PM:772,-0.1008707,1.592999,0.4291575,351.0045,264.4128,358.3122,Head
12/22/2016 2:31:32 PM:855,-0.1007915,1.593103,0.4291344,350.971,264.4969,358.4033,Head
12/22/2016 2:31:32 PM:960,-0.1012587,1.592912,0.4286478,351.1182,264.7193,358.4128,Head
12/22/2016 2:31:33 PM:35,-0.101663,1.592953,0.4285157,351.1776,264.8924,358.462,Head
12/22/2016 2:31:33 PM:128,-0.1030817,1.592888,0.4278607,351.3333,265.1331,358.4825,Head
12/22/2016 2:31:33 PM:210,-0.104637,1.59264,0.4267837,351.4797,265.1186,358.6235,Head
12/22/2016 2:31:33 PM:287,-0.1054642,1.592648,0.4259159,351.5145,265.0223,358.7349,Head
12/22/2016 2:31:33 PM:385,-0.1075977,1.592651,0.4257112,351.563,264.7983,358.8516,Head
12/22/2016 2:31:33 PM:465,-0.1089436,1.59191,0.4265234,352.0809,265.1062,358.7544,Head
12/22/2016 2:31:33 PM:549,-0.1095349,1.591617,0.4277115,352.1726,266.1035,358.5193,Head
12/22/2016 2:31:33 PM:647,-0.1090653,1.591612,0.4287099,351.8948,266.4836,358.4684,Head
12/22/2016 2:31:33 PM:725,-0.1092886,1.591799,0.4284307,351.7021,266.026,358.6428,Head
12/22/2016 2:31:33 PM:796,-0.1101172,1.591737,0.428063,351.8413,265.5474,358.7971,Head
12/22/2016 2:31:33 PM:880,-0.1109949,1.591795,0.4278417,351.9238,265.5951,358.8225,Head
12/22/2016 2:31:33 PM:977,-0.1127983,1.592264,0.4276973,351.7852,265.0372,358.8635,Head
12/22/2016 2:31:34 PM:61,-0.1146318,1.59213,0.4274966,351.8546,265.0286,358.9807,Head
12/22/2016 2:31:34 PM:152,-0.1171432,1.592072,0.4272623,351.9401,264.7609,358.9859,Head
12/22/2016 2:31:34 PM:219,-0.1187454,1.591841,0.4276296,352.1794,264.5017,358.9374,Head
12/22/2016 2:31:34 PM:285,-0.1205727,1.591903,0.4280936,352.3171,264.5162,358.8812,Head
12/22/2016 2:31:34 PM:354,-0.1220762,1.591913,0.428997,352.409,264.7753,358.6711,Head
12/22/2016 2:31:34 PM:419,-0.1231993,1.591806,0.429919,352.5026,265.299,358.4329,Head
12/22/2016 2:31:34 PM:487,-0.1227504,1.591662,0.4311164,352.6665,265.7881,358.2737,Head
12/22/2016 2:31:34 PM:554,-0.1227841,1.591673,0.4309478,352.5915,265.9467,358.1655,Head
12/22/2016 2:31:34 PM:630,-0.1222382,1.591924,0.4304561,352.3946,265.7255,358.3861,Head
12/22/2016 2:31:34 PM:718,-0.1209538,1.592201,0.4294047,352.253,265.1689,358.6873,Head
12/22/2016 2:31:34 PM:795,-0.1196982,1.592601,0.4288018,351.9234,264.7612,358.8122,Head
12/22/2016 2:31:34 PM:867,-0.1184946,1.592721,0.4286386,351.7531,264.4545,358.7884,Head
12/22/2016 2:31:34 PM:940,-0.117728,1.592957,0.4289846,351.6055,264.5079,358.8288,Head
12/22/2016 2:31:35 PM:16,-0.1167059,1.592735,0.4294315,351.7232,264.7672,358.7227,Head
12/22/2016 2:31:35 PM:112,-0.115347,1.592393,0.4300264,351.9926,265.0169,358.6613,Head
12/22/2016 2:31:35 PM:211,-0.1133968,1.59225,0.4314646,352.0072,265.6573,358.3492,Head
12/22/2016 2:31:35 PM:290,-0.1115696,1.592182,0.4322881,351.9458,266.093,358.0884,Head
12/22/2016 2:31:35 PM:366,-0.1088486,1.592257,0.4328868,351.768,266.5695,357.9507,Head
12/22/2016 2:31:35 PM:444,-0.1068835,1.592384,0.4320034,351.4948,266.762,358.1772,Head
12/22/2016 2:31:35 PM:551,-0.1046162,1.592652,0.4296899,351.1598,266.0811,358.4963,Head
12/22/2016 2:31:35 PM:627,-0.1032833,1.59291,0.4284214,350.8994,266.0677,358.2309,Head
12/22/2016 2:31:35 PM:698,-0.102824,1.593661,0.4273521,350.5328,266.3114,358.2152,Head
12/22/2016 2:31:35 PM:811,-0.1024458,1.594098,0.4265269,350.3286,266.676,358.1694,Head
12/22/2016 2:31:35 PM:887,-0.1034139,1.594138,0.4259979,350.2047,266.6046,358.1855,Head
12/22/2016 2:31:35 PM:985,-0.1048515,1.593333,0.4256647,350.7432,266.8057,358.3902,Head
12/22/2016 2:31:36 PM:78,-0.1061648,1.593048,0.4262455,351.0515,267.3759,358.2141,Head
12/22/2016 2:31:36 PM:177,-0.1072926,1.592725,0.4266257,351.2524,267.3718,358.1362,Head
12/22/2016 2:31:36 PM:256,-0.1073195,1.592586,0.4268508,351.2695,267.6103,358.1313,Head
12/22/2016 2:31:36 PM:326,-0.1069731,1.592739,0.4266696,351.24,267.699,358.0847,Head
12/22/2016 2:31:36 PM:401,-0.1058657,1.592895,0.4261512,350.9821,267.6098,358.2077,Head
12/22/2016 2:31:36 PM:487,-0.1054712,1.593131,0.42543,350.768,267.0363,358.4558,Head
12/22/2016 2:31:36 PM:593,-0.1053368,1.593192,0.4254534,350.8669,267.193,358.7375,Head
12/22/2016 2:31:36 PM:667,-0.1062313,1.593292,0.4257581,350.8287,267.114,358.6205,Head
12/22/2016 2:31:36 PM:748,-0.1077133,1.59332,0.4258389,350.8632,266.6553,358.5998,Head
12/22/2016 2:31:36 PM:856,-0.1092578,1.592681,0.4265117,351.4686,266.4276,358.737,Head
12/22/2016 2:31:36 PM:923,-0.1091901,1.591823,0.4281437,352.0627,266.7993,358.5134,Head
12/22/2016 2:31:37 PM:3,-0.108799,1.592054,0.4298509,351.881,267.282,358.2247,Head
12/22/2016 2:31:37 PM:82,-0.1081325,1.592214,0.4311619,351.7167,267.4301,358.1607,Head
12/22/2016 2:31:37 PM:189,-0.1074074,1.592392,0.4317437,351.6409,267.1217,358.1621,Head
12/22/2016 2:31:37 PM:270,-0.1070467,1.592802,0.4323465,351.4867,266.9078,358.0926,Head
12/22/2016 2:31:37 PM:365,-0.1072834,1.593042,0.4333491,351.3746,267.0181,357.9331,Head
12/22/2016 2:31:37 PM:461,-0.1074904,1.593019,0.4342408,351.4598,267.1803,357.7555,Head
12/22/2016 2:31:37 PM:542,-0.1075704,1.592758,0.4347388,351.5581,267.4219,357.735,Head
12/22/2016 2:31:37 PM:639,-0.1073457,1.592724,0.4353348,351.5241,267.571,357.7301,Head
12/22/2016 2:31:37 PM:729,-0.1072446,1.592878,0.4354578,351.5135,267.5631,357.7683,Head
12/22/2016 2:31:37 PM:833,-0.1078396,1.592749,0.4355316,351.6101,267.6743,357.8097,Head
12/22/2016 2:31:37 PM:898,-0.108313,1.592797,0.4352058,351.6333,267.5533,357.8754,Head
12/22/2016 2:31:37 PM:978,-0.1087189,1.592899,0.4348114,351.6177,267.3728,357.9676,Head
12/22/2016 2:31:38 PM:79,-0.1099902,1.592836,0.434184,351.6956,267.2797,358.0663,Head
12/22/2016 2:31:38 PM:156,-0.1108768,1.592856,0.4335546,351.7466,267.23,358.0927,Head
12/22/2016 2:31:38 PM:231,-0.1117547,1.592903,0.4333266,351.8517,267.3062,358.1201,Head
12/22/2016 2:31:38 PM:315,-0.1119999,1.592815,0.4330587,351.8244,267.2303,358.2775,Head
12/22/2016 2:31:38 PM:388,-0.1120425,1.593167,0.4328738,351.5838,267.1085,358.3992,Head
12/22/2016 2:31:38 PM:468,-0.1126794,1.593121,0.4329073,351.6111,267.3191,358.3517,Head
12/22/2016 2:31:38 PM:564,-0.1129122,1.5931,0.4333416,351.6996,267.694,358.2007,Head
12/22/2016 2:31:38 PM:647,-0.1132474,1.59339,0.433564,351.5761,267.9776,358.2314,Head
12/22/2016 2:31:38 PM:753,-0.1127191,1.593814,0.433623,351.226,268.1507,358.2103,Head
12/22/2016 2:31:38 PM:825,-0.1121616,1.594069,0.4332417,351.1397,268.2325,358.1422,Head
12/22/2016 2:31:38 PM:901,-0.1121066,1.59378,0.4329985,351.27,268.167,358.1848,Head
12/22/2016 2:31:39 PM:11,-0.1113875,1.593746,0.432584,351.2284,268.0881,358.1915,Head
12/22/2016 2:31:39 PM:92,-0.1106455,1.593896,0.4324027,351.0981,267.981,358.1721,Head
12/22/2016 2:31:39 PM:185,-0.1089542,1.594163,0.4324234,350.8918,267.832,358.1642,Head
12/22/2016 2:31:39 PM:262,-0.1080175,1.594509,0.432468,350.7102,267.8024,358.1051,Head
12/22/2016 2:31:39 PM:342,-0.1071267,1.594516,0.432462,350.6616,267.9004,358.0922,Head
12/22/2016 2:31:39 PM:416,-0.106262,1.594432,0.4327765,350.7262,268.0334,358.1028,Head
12/22/2016 2:31:39 PM:515,-0.1052316,1.594286,0.4331542,350.838,268.1832,358.0293,Head
12/22/2016 2:31:39 PM:588,-0.1040008,1.593907,0.4336882,350.8558,268.3703,357.8868,Head
12/22/2016 2:31:39 PM:687,-0.1032092,1.593891,0.4340572,350.7751,268.6401,357.8274,Head
12/22/2016 2:31:39 PM:762,-0.1028378,1.59358,0.4338564,350.7866,268.7391,357.8327,Head
12/22/2016 2:31:39 PM:840,-0.1024467,1.593221,0.4331784,350.8241,268.6506,357.9169,Head
12/22/2016 2:31:39 PM:918,-0.1021776,1.593407,0.43253,350.7705,268.5091,358.0656,Head
12/22/2016 2:31:40 PM:4,-0.1027322,1.593536,0.4318231,350.7374,268.3602,358.1536,Head
12/22/2016 2:31:40 PM:87,-0.1033171,1.593473,0.4312039,350.8394,268.1714,358.2784,Head
12/22/2016 2:31:40 PM:164,-0.1038564,1.593297,0.4308285,350.9889,267.9367,358.3983,Head
12/22/2016 2:31:40 PM:244,-0.1041454,1.593256,0.4310751,350.996,267.8449,358.4158,Head
12/22/2016 2:31:40 PM:319,-0.1046908,1.593394,0.4315115,350.9044,267.9299,358.2794,Head
12/22/2016 2:31:40 PM:402,-0.1052148,1.593722,0.4321393,350.6996,267.9128,358.0275,Head
12/22/2016 2:31:40 PM:483,-0.105672,1.594073,0.4327321,350.603,268.0004,357.9439,Head
12/22/2016 2:31:40 PM:571,-0.1068905,1.594098,0.4335052,350.6775,268.0203,357.7836,Head
12/22/2016 2:31:40 PM:647,-0.1075146,1.594081,0.4338819,350.7418,267.9954,357.7177,Head
12/22/2016 2:31:40 PM:732,-0.1083465,1.593964,0.4345602,350.7232,267.9941,357.6244,Head
12/22/2016 2:31:40 PM:825,-0.1097677,1.593837,0.4351066,350.7823,267.9095,357.5193,Head
12/22/2016 2:31:40 PM:897,-0.1111624,1.593923,0.4354598,350.8937,267.5546,357.5283,Head
12/22/2016 2:31:40 PM:978,-0.1117175,1.593567,0.4360232,351.2644,267.66,357.5632,Head
12/22/2016 2:31:41 PM:49,-0.1120441,1.593629,0.4364306,351.2618,267.8594,357.4791,Head
12/22/2016 2:31:41 PM:127,-0.1124658,1.593798,0.4367729,351.1445,267.5841,357.546,Head
12/22/2016 2:31:41 PM:195,-0.1132555,1.593844,0.4367462,351.1018,267.0507,357.6417,Head
12/22/2016 2:31:41 PM:267,-0.1143618,1.593631,0.4372707,351.3721,267.0262,357.7007,Head
12/22/2016 2:31:41 PM:346,-0.1148529,1.59328,0.4386251,351.6009,267.4243,357.5308,Head
12/22/2016 2:31:41 PM:412,-0.1152138,1.593253,0.4398631,351.5737,267.5924,357.3631,Head
12/22/2016 2:31:41 PM:484,-0.115495,1.593373,0.4408116,351.5867,267.5969,357.2704,Head
12/22/2016 2:31:41 PM:559,-0.1154796,1.593119,0.441821,351.7103,267.6211,357.2292,Head
12/22/2016 2:31:41 PM:645,-0.115141,1.593029,0.4424741,351.7971,267.5244,357.19,Head
12/22/2016 2:31:41 PM:723,-0.1146143,1.592975,0.4430993,351.8554,267.4014,357.1383,Head
12/22/2016 2:31:41 PM:792,-0.1143133,1.592789,0.4433549,352.0005,267.2239,357.1813,Head
