12/22/2016 2:42:38 PM:809,-0.08005608,1.590983,0.1736823,349.1561,91.80283,358.3727,Head
12/22/2016 2:42:39 PM:86,-0.0316041,1.585299,0.1398263,356.1715,94.72054,357.9373,Head
12/22/2016 2:42:39 PM:118,-0.03036341,1.585629,0.1459531,356.4261,95.87527,358.0194,Head
12/22/2016 2:42:39 PM:181,-0.03027786,1.585536,0.1471297,356.5758,96.01452,357.9549,Head
12/22/2016 2:42:39 PM:232,-0.02982397,1.585485,0.147679,356.6471,96.08668,357.9355,Head
12/22/2016 2:42:39 PM:265,-0.02949391,1.585329,0.1480435,356.7492,96.14469,357.954,Head
12/22/2016 2:42:39 PM:300,-0.02900172,1.585113,0.1484441,356.8303,96.1902,357.9095,Head
12/22/2016 2:42:39 PM:334,-0.02841859,1.584838,0.1490508,357.0003,96.23079,357.8866,Head
12/22/2016 2:42:39 PM:395,-0.02785422,1.584428,0.1498764,357.2396,96.32475,357.9651,Head
12/22/2016 2:42:39 PM:451,-0.02721355,1.584435,0.150324,357.2595,96.49796,357.9539,Head
12/22/2016 2:42:39 PM:484,-0.02676645,1.584372,0.1505775,357.3725,96.61012,357.9723,Head
12/22/2016 2:42:39 PM:517,-0.02648248,1.584207,0.1509023,357.4687,96.65565,358.0269,Head
12/22/2016 2:42:39 PM:549,-0.02620742,1.583955,0.1512155,357.5135,96.65446,358.0532,Head
12/22/2016 2:42:39 PM:585,-0.02593494,1.583742,0.1517936,357.5886,96.56203,358.1103,Head
12/22/2016 2:42:39 PM:632,-0.02577148,1.583923,0.1523326,357.6617,96.48934,358.1369,Head
12/22/2016 2:42:39 PM:689,-0.02577502,1.583888,0.1525502,357.7193,96.56702,358.1692,Head
12/22/2016 2:42:39 PM:760,-0.02555694,1.583667,0.1525138,357.7776,96.75693,358.2056,Head
12/22/2016 2:42:39 PM:799,-0.02593847,1.583597,0.1523973,357.8934,97.07128,358.2138,Head
12/22/2016 2:42:39 PM:863,-0.0270173,1.583013,0.1519209,358.1318,97.56525,358.1382,Head
12/22/2016 2:42:39 PM:911,-0.02729862,1.58285,0.1514655,358.2821,97.885,358.0706,Head
12/22/2016 2:42:39 PM:954,-0.02782773,1.58265,0.1510585,358.4351,98.35294,358.0459,Head
12/22/2016 2:42:40 PM:9,-0.02924811,1.582215,0.1502031,358.4549,99.07482,358.0909,Head
12/22/2016 2:42:40 PM:67,-0.03033671,1.582284,0.1495758,358.3756,99.49676,358.0398,Head
12/22/2016 2:42:40 PM:96,-0.03092787,1.582446,0.1491122,358.3936,99.77999,357.9952,Head
12/22/2016 2:42:40 PM:133,-0.03163073,1.582479,0.1487461,358.4303,100.0711,357.9846,Head
12/22/2016 2:42:40 PM:164,-0.03239009,1.582427,0.1485042,358.4454,100.3408,357.9918,Head
12/22/2016 2:42:40 PM:199,-0.03344563,1.582268,0.1479778,358.4663,100.6081,358.0096,Head
12/22/2016 2:42:40 PM:233,-0.03427571,1.582282,0.1475072,358.4883,100.8675,358.0142,Head
12/22/2016 2:42:40 PM:272,-0.03508751,1.582296,0.1471934,358.4557,101.1022,358.0447,Head
12/22/2016 2:42:40 PM:304,-0.03638616,1.582338,0.1465658,358.4233,101.3832,358.0744,Head
12/22/2016 2:42:40 PM:365,-0.03852139,1.58234,0.1456949,358.3522,101.7066,358.0634,Head
12/22/2016 2:42:40 PM:421,-0.03958679,1.582456,0.1453298,358.3253,101.8163,358.0676,Head
12/22/2016 2:42:40 PM:455,-0.0411607,1.582238,0.1448638,358.3183,102.0031,358.0934,Head
12/22/2016 2:42:40 PM:521,-0.04323599,1.582375,0.1444419,358.3069,102.1305,358.1138,Head
12/22/2016 2:42:40 PM:567,-0.04435422,1.582179,0.1443639,358.3474,102.17,358.1134,Head
12/22/2016 2:42:40 PM:602,-0.04526563,1.581966,0.1442055,358.414,102.1884,358.1267,Head
12/22/2016 2:42:40 PM:633,-0.0461994,1.582005,0.1440483,358.4244,102.2221,358.1279,Head
12/22/2016 2:42:40 PM:668,-0.04702181,1.5819,0.1438506,358.4167,102.2535,358.1559,Head
12/22/2016 2:42:40 PM:708,-0.0479328,1.581837,0.1436469,358.4524,102.271,358.1507,Head
12/22/2016 2:42:40 PM:739,-0.04879247,1.581903,0.1434512,358.4679,102.2741,358.2397,Head
12/22/2016 2:42:40 PM:800,-0.0503219,1.581782,0.1433183,358.4596,102.312,358.1861,Head
12/22/2016 2:42:40 PM:846,-0.05096924,1.581746,0.1430159,358.4793,102.3947,358.1992,Head
12/22/2016 2:42:40 PM:880,-0.05152387,1.5818,0.1427733,358.4958,102.4675,358.1978,Head
12/22/2016 2:42:40 PM:916,-0.05230111,1.581809,0.1427104,358.4919,102.5386,358.2424,Head
12/22/2016 2:42:40 PM:951,-0.0530795,1.581914,0.1426825,358.4831,102.5887,358.2702,Head
12/22/2016 2:42:40 PM:985,-0.0537548,1.581886,0.1426048,358.4935,102.6382,358.2999,Head
12/22/2016 2:42:41 PM:20,-0.05453147,1.581803,0.1425192,358.4828,102.6804,358.3376,Head
12/22/2016 2:42:41 PM:70,-0.05616585,1.58183,0.1423214,358.4172,102.7342,358.3763,Head
12/22/2016 2:42:41 PM:125,-0.05759573,1.581854,0.1420893,358.3911,102.8325,358.3569,Head
12/22/2016 2:42:41 PM:192,-0.05876406,1.581992,0.1416401,358.3623,102.9501,358.3755,Head
12/22/2016 2:42:41 PM:242,-0.05929775,1.581998,0.1415625,358.3903,102.9476,358.3865,Head
12/22/2016 2:42:41 PM:276,-0.05993979,1.581903,0.1414185,358.3938,102.9279,358.4051,Head
12/22/2016 2:42:41 PM:321,-0.06044388,1.581921,0.1413223,358.4261,102.8408,358.4273,Head
12/22/2016 2:42:41 PM:370,-0.06113072,1.581987,0.14109,358.4313,102.6606,358.4389,Head
12/22/2016 2:42:41 PM:432,-0.06176021,1.581958,0.1411133,358.4669,102.5427,358.4745,Head
12/22/2016 2:42:41 PM:471,-0.06206372,1.581917,0.1409348,358.4822,102.4981,358.4808,Head
12/22/2016 2:42:41 PM:514,-0.06284809,1.581975,0.1408349,358.4935,102.4071,358.5699,Head
12/22/2016 2:42:41 PM:571,-0.06357531,1.582045,0.1407379,358.4256,102.33,358.513,Head
12/22/2016 2:42:41 PM:639,-0.06387327,1.581904,0.1407119,358.4077,102.3544,358.5051,Head
12/22/2016 2:42:41 PM:687,-0.06390794,1.582031,0.1408103,358.3823,102.328,358.4893,Head
12/22/2016 2:42:41 PM:722,-0.06421041,1.582047,0.1409059,358.369,102.3108,358.4543,Head
12/22/2016 2:42:41 PM:754,-0.0642557,1.582105,0.1411252,358.3243,102.2664,358.4738,Head
12/22/2016 2:42:41 PM:790,-0.06434938,1.582234,0.1411559,358.2345,102.233,358.4477,Head
12/22/2016 2:42:41 PM:831,-0.06427839,1.582299,0.1412838,358.1872,102.1775,358.433,Head
12/22/2016 2:42:41 PM:870,-0.06427407,1.582382,0.1416952,358.116,102.098,358.41,Head
12/22/2016 2:42:41 PM:929,-0.06398322,1.58246,0.1419752,358.06,102.0672,358.4062,Head
12/22/2016 2:42:41 PM:975,-0.06374233,1.582428,0.1420696,358.0473,102.0406,358.4115,Head
12/22/2016 2:42:42 PM:9,-0.06315316,1.582448,0.1422127,358.0518,101.972,358.4193,Head
12/22/2016 2:42:42 PM:44,-0.06291756,1.582439,0.1424675,358.0542,101.8761,358.4193,Head
12/22/2016 2:42:42 PM:77,-0.06258016,1.582358,0.1425998,358.0401,101.8257,358.4194,Head
12/22/2016 2:42:42 PM:110,-0.06213951,1.58234,0.1427008,358.0398,101.7776,358.4551,Head
12/22/2016 2:42:42 PM:143,-0.06186309,1.582391,0.1429033,358.0093,101.7384,358.4388,Head
12/22/2016 2:42:42 PM:177,-0.06174322,1.582352,0.1431022,357.9936,101.708,358.4691,Head
12/22/2016 2:42:42 PM:213,-0.06150643,1.582479,0.1433297,357.993,101.74,358.4385,Head
12/22/2016 2:42:42 PM:246,-0.06129166,1.582571,0.143578,357.9349,101.6932,358.4895,Head
12/22/2016 2:42:42 PM:285,-0.06100895,1.582533,0.1436735,357.9711,101.685,358.4041,Head
12/22/2016 2:42:42 PM:325,-0.0608763,1.582504,0.1440192,357.977,101.7862,358.2396,Head
12/22/2016 2:42:42 PM:387,-0.06096014,1.582243,0.1440204,358.0672,102.2403,358.2062,Head
12/22/2016 2:42:42 PM:434,-0.06136734,1.582356,0.1440921,358.1237,102.4874,358.2223,Head
12/22/2016 2:42:42 PM:470,-0.06130889,1.582429,0.144226,358.2176,102.6814,358.2869,Head
12/22/2016 2:42:42 PM:504,-0.06116826,1.582542,0.1442696,358.2535,102.83,358.358,Head
12/22/2016 2:42:42 PM:542,-0.06104241,1.582499,0.1443411,358.2622,102.9001,358.3542,Head
12/22/2016 2:42:42 PM:582,-0.06064992,1.582555,0.144604,358.365,102.8489,358.3531,Head
12/22/2016 2:42:42 PM:644,-0.0603005,1.582397,0.1453891,358.4152,102.626,358.471,Head
12/22/2016 2:42:42 PM:694,-0.05975061,1.582222,0.1460949,358.4501,102.3328,358.5244,Head
12/22/2016 2:42:42 PM:727,-0.0592812,1.582036,0.1466796,358.5112,101.9675,358.5382,Head
12/22/2016 2:42:42 PM:760,-0.05878544,1.581908,0.1473076,358.5825,101.5804,358.6109,Head
12/22/2016 2:42:42 PM:797,-0.05834354,1.581657,0.1479369,358.6416,101.1694,358.7055,Head
12/22/2016 2:42:42 PM:837,-0.05805002,1.581403,0.1490404,358.6577,100.3369,358.9388,Head
12/22/2016 2:42:42 PM:900,-0.05849791,1.581377,0.1501023,358.7956,99.30494,358.9818,Head
12/22/2016 2:42:42 PM:947,-0.05879315,1.581302,0.150488,358.7348,98.79674,359.05,Head
12/22/2016 2:42:42 PM:984,-0.05928358,1.581308,0.1508153,358.7452,98.36456,359.0341,Head
12/22/2016 2:42:43 PM:20,-0.05952237,1.581429,0.1511363,358.6946,97.95524,359.0861,Head
12/22/2016 2:42:43 PM:63,-0.05968431,1.581438,0.1510839,358.6229,97.47328,359.1171,Head
12/22/2016 2:42:43 PM:126,-0.05913014,1.581276,0.1510686,358.7131,96.88,359.1638,Head
12/22/2016 2:42:43 PM:177,-0.05907244,1.581201,0.151242,358.7866,96.43813,359.0831,Head
12/22/2016 2:42:43 PM:220,-0.05898871,1.58116,0.1512357,358.8035,95.86495,359.1111,Head
12/22/2016 2:42:43 PM:283,-0.05883147,1.581277,0.1511802,358.6917,95.25238,359.1134,Head
12/22/2016 2:42:43 PM:334,-0.05872482,1.581553,0.1511577,358.5923,95.02599,359.1133,Head
12/22/2016 2:42:43 PM:388,-0.05863435,1.581567,0.151123,358.6077,94.8555,359.1336,Head
12/22/2016 2:42:43 PM:439,-0.05839729,1.581406,0.1509243,358.6379,94.91001,359.2341,Head
12/22/2016 2:42:43 PM:504,-0.05861299,1.580688,0.150663,359.0477,95.14199,359.2356,Head
12/22/2016 2:42:43 PM:567,-0.05881671,1.580984,0.1501952,358.9996,95.42544,359.2202,Head
12/22/2016 2:42:43 PM:616,-0.05906212,1.581024,0.1496931,358.9677,95.69874,359.2009,Head
12/22/2016 2:42:43 PM:681,-0.05950207,1.581361,0.1487456,358.8897,96.14954,359.0473,Head
12/22/2016 2:42:43 PM:738,-0.05966156,1.581303,0.1479951,358.9185,96.50227,358.844,Head
12/22/2016 2:42:43 PM:805,-0.0598822,1.580975,0.147375,359.0868,96.80686,358.8423,Head
12/22/2016 2:42:43 PM:855,-0.05985617,1.580901,0.1472367,359.131,96.96584,358.8,Head
12/22/2016 2:42:43 PM:894,-0.05998804,1.581046,0.1470114,359.1064,97.10315,358.7559,Head
12/22/2016 2:42:43 PM:935,-0.06058005,1.58107,0.1468374,359.0366,97.21812,358.7367,Head
12/22/2016 2:42:43 PM:995,-0.06175101,1.581188,0.1470497,358.9776,97.28687,358.8017,Head
12/22/2016 2:42:44 PM:48,-0.06256072,1.581315,0.1471207,358.92,97.31305,358.858,Head
12/22/2016 2:42:44 PM:93,-0.06424071,1.581429,0.1470418,358.8089,97.32187,358.8023,Head
12/22/2016 2:42:44 PM:152,-0.06654097,1.582034,0.1472152,358.6104,97.3586,358.5114,Head
12/22/2016 2:42:44 PM:201,-0.06804751,1.582032,0.1471044,358.5405,97.3174,358.4615,Head
12/22/2016 2:42:44 PM:238,-0.06948631,1.58211,0.1469668,358.5002,97.24615,358.4218,Head
12/22/2016 2:42:44 PM:278,-0.07127542,1.582431,0.1467369,358.2452,96.94402,358.4973,Head
12/22/2016 2:42:44 PM:341,-0.07367984,1.582725,0.1464004,358.0714,96.4115,358.511,Head
12/22/2016 2:42:44 PM:401,-0.0746863,1.583054,0.1462445,357.8176,95.88972,358.6479,Head
12/22/2016 2:42:44 PM:441,-0.07537553,1.583315,0.1462095,357.6509,95.39804,358.8819,Head
12/22/2016 2:42:44 PM:484,-0.07649507,1.583556,0.1460291,357.3671,94.47495,359.3338,Head
12/22/2016 2:42:44 PM:544,-0.07757202,1.583766,0.1456513,356.8764,92.88206,0.5679199,Head
12/22/2016 2:42:44 PM:618,-0.07697445,1.585513,0.1461053,355.4893,90.9946,1.081324,Head
12/22/2016 2:42:44 PM:681,-0.0766145,1.586283,0.1468563,354.9898,89.57902,1.803115,Head
12/22/2016 2:42:44 PM:755,-0.07675707,1.585896,0.1481328,355.2309,88.77934,2.619146,Head
12/22/2016 2:42:44 PM:810,-0.07722723,1.585809,0.1499256,355.2518,88.16545,2.67249,Head
12/22/2016 2:42:44 PM:878,-0.07715373,1.585495,0.1514561,355.7105,88.22476,2.072844,Head
12/22/2016 2:42:44 PM:925,-0.0769091,1.585276,0.1521935,355.9344,88.31582,1.843484,Head
12/22/2016 2:42:44 PM:961,-0.07681949,1.58505,0.1529619,356.182,88.33176,1.55961,Head
12/22/2016 2:42:44 PM:997,-0.076591,1.584987,0.1537078,356.2874,88.33277,1.19645,Head
12/22/2016 2:42:45 PM:31,-0.07600737,1.585026,0.1548386,356.3704,88.27734,0.7605883,Head
12/22/2016 2:42:45 PM:91,-0.07545373,1.584836,0.1560596,356.3997,88.10025,0.3582299,Head
12/22/2016 2:42:45 PM:156,-0.07478134,1.584963,0.1576179,356.5788,87.67437,359.8905,Head
12/22/2016 2:42:45 PM:206,-0.07467045,1.585351,0.1583819,356.3032,87.43133,359.7375,Head
12/22/2016 2:42:45 PM:240,-0.07440722,1.585653,0.1588555,356.1994,87.28027,359.6921,Head
12/22/2016 2:42:45 PM:280,-0.07397118,1.586016,0.1593588,356.0682,87.31618,359.54,Head
12/22/2016 2:42:45 PM:317,-0.07324557,1.586366,0.1598865,355.9418,87.50247,359.2238,Head
12/22/2016 2:42:45 PM:380,-0.07249631,1.585966,0.1603153,356.1211,87.83307,359.0511,Head
12/22/2016 2:42:45 PM:428,-0.07208718,1.585893,0.1605714,356.1139,87.97035,359.0316,Head
12/22/2016 2:42:45 PM:464,-0.07156102,1.585764,0.1608455,356.215,88.01474,359.0582,Head
12/22/2016 2:42:45 PM:497,-0.07106575,1.585466,0.1611418,356.2982,87.85589,359.1957,Head
12/22/2016 2:42:45 PM:532,-0.07042946,1.585389,0.1615506,356.287,87.43416,359.4026,Head
12/22/2016 2:42:45 PM:567,-0.06966382,1.585344,0.1622539,356.2393,86.67284,359.6927,Head
12/22/2016 2:42:45 PM:612,-0.06896914,1.585434,0.1635004,356.1263,85.27528,359.6598,Head
12/22/2016 2:42:45 PM:671,-0.06835188,1.585561,0.1640908,356.1158,84.21675,0.07984734,Head
12/22/2016 2:42:45 PM:733,-0.06826372,1.585448,0.1640827,356.1371,83.87089,0.1469273,Head
12/22/2016 2:42:45 PM:771,-0.06796753,1.585494,0.1641277,356.0905,83.64546,0.1434625,Head
12/22/2016 2:42:45 PM:814,-0.06772974,1.585546,0.1638715,356.1245,83.37967,0.06115544,Head
12/22/2016 2:42:45 PM:871,-0.0673542,1.585118,0.1632992,356.353,83.27377,359.9568,Head
12/22/2016 2:42:45 PM:938,-0.06692635,1.585126,0.1622145,356.2384,83.45966,359.917,Head
12/22/2016 2:42:45 PM:988,-0.06704503,1.585114,0.1616426,356.1818,83.53087,359.9134,Head
12/22/2016 2:42:46 PM:27,-0.06712773,1.585059,0.1612972,356.1892,83.54189,359.8393,Head
12/22/2016 2:42:46 PM:69,-0.06645499,1.584827,0.1605016,356.2285,83.57837,359.6849,Head
12/22/2016 2:42:46 PM:333,-0.06571309,1.584848,0.1594882,356.2579,83.80387,359.6063,Head
12/22/2016 2:42:46 PM:369,-0.06410212,1.58452,0.1578779,356.6761,84.60799,359.2106,Head
12/22/2016 2:42:46 PM:430,-0.063394,1.584347,0.1578836,356.6667,84.74052,359.2276,Head
12/22/2016 2:42:46 PM:493,-0.06297857,1.584268,0.1580679,356.6761,84.72045,359.2376,Head
12/22/2016 2:42:46 PM:530,-0.06242804,1.584167,0.1581674,356.7552,84.72013,359.2192,Head
12/22/2016 2:42:46 PM:587,-0.06169879,1.584196,0.1583895,356.8078,84.70087,359.2548,Head
12/22/2016 2:42:46 PM:656,-0.06090835,1.583967,0.1586911,356.8853,84.6423,359.3147,Head
12/22/2016 2:42:46 PM:707,-0.06039012,1.584064,0.1586925,356.8963,84.59072,359.3333,Head
12/22/2016 2:42:46 PM:749,-0.06018801,1.583956,0.1588512,356.9086,84.58656,359.3224,Head
12/22/2016 2:42:46 PM:810,-0.05939499,1.584025,0.158638,356.9406,84.61549,359.2667,Head
12/22/2016 2:42:46 PM:858,-0.05896045,1.584158,0.1585051,356.9612,84.66614,359.2241,Head
12/22/2016 2:42:46 PM:899,-0.05850096,1.584065,0.158319,356.9823,84.69102,359.2794,Head
12/22/2016 2:42:46 PM:939,-0.05802225,1.584182,0.1581212,356.9558,84.75744,359.2194,Head
12/22/2016 2:42:47 PM:0,-0.05731387,1.583927,0.1579244,357.0109,84.86517,359.1852,Head
12/22/2016 2:42:47 PM:48,-0.0570703,1.583918,0.1579895,357.0752,84.93441,359.2084,Head
12/22/2016 2:42:47 PM:86,-0.05676575,1.583844,0.1579767,357.1104,84.98268,359.2417,Head
12/22/2016 2:42:47 PM:133,-0.05602285,1.583805,0.1581266,357.1678,84.98199,359.3157,Head
12/22/2016 2:42:47 PM:200,-0.05590153,1.583739,0.1584774,357.1114,84.8811,359.3783,Head
12/22/2016 2:42:47 PM:266,-0.0555089,1.583879,0.1587008,357.1409,84.80548,359.4067,Head
12/22/2016 2:42:47 PM:306,-0.05516327,1.583873,0.1587266,357.1476,84.79532,359.4655,Head
12/22/2016 2:42:47 PM:376,-0.05495773,1.583806,0.1588903,357.1476,84.80451,359.5114,Head
12/22/2016 2:42:47 PM:449,-0.05493847,1.583797,0.1587681,357.133,84.75423,359.5278,Head
12/22/2016 2:42:47 PM:511,-0.0548745,1.583902,0.1587204,357.1729,84.74944,359.5355,Head
12/22/2016 2:42:47 PM:569,-0.05511537,1.58393,0.1583007,357.1165,84.83348,359.4343,Head
12/22/2016 2:42:47 PM:636,-0.05489193,1.583825,0.1577168,357.1132,85.06107,359.3891,Head
12/22/2016 2:42:47 PM:683,-0.05491219,1.583854,0.1575081,357.1456,85.14912,359.3964,Head
12/22/2016 2:42:47 PM:719,-0.05482014,1.583928,0.1575428,357.1312,85.19986,359.3156,Head
12/22/2016 2:42:47 PM:753,-0.05475056,1.583784,0.1574047,357.1534,85.25407,359.269,Head
12/22/2016 2:42:47 PM:799,-0.05494567,1.583865,0.1571247,357.1776,85.34378,359.2329,Head
12/22/2016 2:42:47 PM:848,-0.05526345,1.583902,0.1569665,357.1856,85.46232,359.2451,Head
12/22/2016 2:42:47 PM:918,-0.05582463,1.583967,0.1569992,357.2123,85.46634,359.2777,Head
12/22/2016 2:42:47 PM:977,-0.05599905,1.5838,0.1570533,357.1978,85.44701,359.3131,Head
12/22/2016 2:42:48 PM:17,-0.05649898,1.583899,0.1571966,357.193,85.41414,359.3452,Head
12/22/2016 2:42:48 PM:71,-0.05731071,1.584,0.1575207,357.1773,85.37424,359.3838,Head
12/22/2016 2:42:48 PM:134,-0.05780964,1.583874,0.1578279,357.1718,85.3067,359.4301,Head
12/22/2016 2:42:48 PM:176,-0.05833452,1.583782,0.1580845,357.1619,85.24047,359.4612,Head
12/22/2016 2:42:48 PM:228,-0.0594908,1.583775,0.1585738,357.1091,85.17158,359.5286,Head
12/22/2016 2:42:48 PM:289,-0.06004718,1.583705,0.1588552,357.0977,85.08829,359.5694,Head
12/22/2016 2:42:48 PM:332,-0.06046712,1.583768,0.159338,357.0682,85.06717,359.6053,Head
12/22/2016 2:42:48 PM:384,-0.06126258,1.583838,0.1597241,356.9821,85.05957,359.6673,Head
12/22/2016 2:42:48 PM:445,-0.06184168,1.583914,0.1600759,356.981,84.97542,359.7349,Head
12/22/2016 2:42:48 PM:485,-0.06221793,1.583934,0.1604412,356.9172,84.92177,359.7163,Head
12/22/2016 2:42:48 PM:544,-0.06266528,1.583862,0.1609771,356.9182,84.94482,359.8106,Head
12/22/2016 2:42:48 PM:611,-0.06268775,1.583892,0.1614252,356.9238,84.94434,359.8478,Head
12/22/2016 2:42:48 PM:659,-0.0628828,1.583898,0.1618625,356.9213,84.91585,359.8352,Head
12/22/2016 2:42:48 PM:720,-0.06325927,1.58379,0.1621489,356.9153,84.94054,359.8859,Head
12/22/2016 2:42:48 PM:780,-0.06324548,1.583606,0.1624188,356.9112,84.9341,359.9141,Head
12/22/2016 2:42:48 PM:818,-0.06321003,1.583675,0.1626248,356.9089,84.89741,359.9261,Head
12/22/2016 2:42:48 PM:876,-0.06275824,1.58382,0.1628991,356.9272,84.88755,0.003547941,Head
12/22/2016 2:42:48 PM:943,-0.0622414,1.583697,0.1632964,356.9865,84.95688,0.06483357,Head
12/22/2016 2:42:48 PM:991,-0.06201907,1.583696,0.1633369,356.9981,84.98604,0.06844833,Head
12/22/2016 2:42:49 PM:30,-0.0619897,1.583745,0.1634043,356.9828,85.02486,0.0595062,Head
12/22/2016 2:42:49 PM:70,-0.06177751,1.583935,0.1634724,356.9362,85.0958,0.05436138,Head
12/22/2016 2:42:49 PM:133,-0.06184968,1.583903,0.1635551,356.9546,85.16721,0.02951449,Head
12/22/2016 2:42:49 PM:190,-0.06209702,1.58374,0.1634896,356.9469,85.1874,0.0240075,Head
12/22/2016 2:42:49 PM:227,-0.06227813,1.583602,0.1635271,356.9909,85.21038,359.9643,Head
12/22/2016 2:42:49 PM:297,-0.06252714,1.583731,0.1634592,357.0089,85.30254,359.9217,Head
12/22/2016 2:42:49 PM:356,-0.06286529,1.583588,0.1638075,357.0392,85.33134,359.9647,Head
12/22/2016 2:42:49 PM:423,-0.06379934,1.583764,0.164055,357.0222,85.31664,359.9662,Head
12/22/2016 2:42:49 PM:474,-0.06402686,1.583873,0.1641973,357.0205,85.30973,359.9821,Head
12/22/2016 2:42:49 PM:518,-0.06484185,1.583848,0.164347,356.9613,85.34011,359.9936,Head
12/22/2016 2:42:49 PM:570,-0.06613205,1.584002,0.1646462,356.9046,85.37191,359.9882,Head
12/22/2016 2:42:49 PM:636,-0.06787822,1.583924,0.164732,356.8432,85.49377,0.01146138,Head
12/22/2016 2:42:49 PM:697,-0.06895971,1.583812,0.1648796,356.794,85.5416,0.05841367,Head
12/22/2016 2:42:49 PM:740,-0.06986442,1.583899,0.1650901,356.7584,85.57465,0.07115082,Head
12/22/2016 2:42:49 PM:793,-0.07194918,1.583993,0.1653674,356.6473,85.70821,0.07296662,Head
12/22/2016 2:42:49 PM:871,-0.0734721,1.584184,0.1656028,356.4434,85.78244,0.09036673,Head
12/22/2016 2:42:49 PM:939,-0.07484674,1.58444,0.1658474,356.2832,85.8171,0.06877613,Head
12/22/2016 2:42:49 PM:998,-0.07572041,1.584474,0.1659685,356.2821,85.89893,0.133305,Head
12/22/2016 2:42:50 PM:75,-0.07603078,1.584408,0.1657765,356.3325,85.96625,0.01355559,Head
12/22/2016 2:42:50 PM:127,-0.07714594,1.58459,0.1657251,356.2432,86.20264,359.8294,Head
12/22/2016 2:42:50 PM:194,-0.07851025,1.58474,0.1658225,356.1975,86.62015,359.6163,Head
12/22/2016 2:42:50 PM:257,-0.07969044,1.584534,0.166087,356.1909,86.93774,359.6817,Head
12/22/2016 2:42:50 PM:298,-0.08157352,1.584359,0.1664285,356.1487,87.19227,359.7622,Head
12/22/2016 2:42:50 PM:362,-0.08396449,1.584498,0.1661092,355.9207,87.06043,359.8802,Head
12/22/2016 2:42:50 PM:423,-0.08472057,1.584951,0.1652465,355.6737,86.80582,0.1046332,Head
12/22/2016 2:42:50 PM:463,-0.08456378,1.585504,0.1642458,355.3657,86.53474,0.2787166,Head
12/22/2016 2:42:50 PM:518,-0.08304653,1.586434,0.1629068,354.9617,86.4819,359.7555,Head
12/22/2016 2:42:50 PM:587,-0.08161235,1.5863,0.1619746,355.0199,86.91159,359.5345,Head
12/22/2016 2:42:50 PM:626,-0.08020644,1.585212,0.1606084,355.688,87.84683,359.4805,Head
12/22/2016 2:42:50 PM:685,-0.07831529,1.584429,0.1594976,356.2157,88.65639,358.9527,Head
12/22/2016 2:42:51 PM:148,-0.07700146,1.584446,0.1589517,356.2899,89.02131,358.6068,Head
12/22/2016 2:42:51 PM:198,-0.06696786,1.582833,0.1545322,357.3572,90.65245,359.0919,Head
12/22/2016 2:42:51 PM:255,-0.06707457,1.583017,0.1536272,357.3128,90.73988,358.877,Head
12/22/2016 2:42:51 PM:322,-0.06783276,1.583013,0.152872,357.2647,91.27887,358.7432,Head
12/22/2016 2:42:51 PM:371,-0.06781225,1.583031,0.1526922,357.2514,91.40919,358.6812,Head
12/22/2016 2:42:51 PM:408,-0.06781343,1.583236,0.1525849,357.1578,91.37235,358.6615,Head
12/22/2016 2:42:51 PM:456,-0.06776243,1.583202,0.1524917,357.261,91.30947,358.484,Head
12/22/2016 2:42:51 PM:523,-0.06749307,1.582947,0.1521398,357.3214,91.18073,358.6123,Head
12/22/2016 2:42:51 PM:583,-0.06730834,1.58282,0.1521039,357.3803,90.9234,358.4709,Head
12/22/2016 2:42:51 PM:625,-0.06690208,1.582893,0.1519497,357.3404,90.80096,358.4629,Head
12/22/2016 2:42:51 PM:679,-0.06591845,1.582897,0.151725,357.3972,90.6171,358.4285,Head
12/22/2016 2:42:51 PM:748,-0.0655665,1.582644,0.1514931,357.574,90.87731,358.6003,Head
12/22/2016 2:42:51 PM:798,-0.06543176,1.58253,0.1516559,357.6478,91.01552,358.5975,Head
12/22/2016 2:42:51 PM:849,-0.06519239,1.582653,0.1517088,357.6573,91.08568,358.5677,Head
12/22/2016 2:42:51 PM:903,-0.06465819,1.582571,0.1517866,357.7011,91.11153,358.6353,Head
12/22/2016 2:42:51 PM:970,-0.0644472,1.582144,0.1512759,357.9371,91.43156,358.7527,Head
12/22/2016 2:42:52 PM:16,-0.06442817,1.582146,0.1509484,358.0077,91.62219,358.7419,Head
12/22/2016 2:42:52 PM:51,-0.06436011,1.582075,0.1506546,358.0334,91.75906,358.758,Head
12/22/2016 2:42:52 PM:84,-0.06450613,1.582031,0.1503475,358.0715,91.87349,358.784,Head
12/22/2016 2:42:52 PM:119,-0.06445364,1.582145,0.1502282,358.0773,91.93842,358.7836,Head
12/22/2016 2:42:52 PM:155,-0.0643886,1.582194,0.1500703,358.0553,91.964,358.7491,Head
12/22/2016 2:42:52 PM:199,-0.06470606,1.582295,0.1499726,358.0086,92.00977,358.7599,Head
12/22/2016 2:42:52 PM:250,-0.06508418,1.58227,0.149922,357.9673,92.0974,358.7826,Head
12/22/2016 2:42:52 PM:306,-0.06544074,1.582259,0.1502328,357.904,92.14541,358.788,Head
12/22/2016 2:42:52 PM:341,-0.06594181,1.582335,0.1504513,357.8158,92.11588,358.7951,Head
12/22/2016 2:42:52 PM:378,-0.06615734,1.582388,0.1507745,357.7939,92.04257,358.8335,Head
12/22/2016 2:42:52 PM:413,-0.06701602,1.582218,0.1510067,357.7861,92.01974,358.8498,Head
12/22/2016 2:42:52 PM:473,-0.06830544,1.58249,0.1513208,357.6695,91.95885,358.8584,Head
12/22/2016 2:42:52 PM:530,-0.06935327,1.582455,0.1515115,357.6243,92.03882,358.8723,Head
12/22/2016 2:42:52 PM:566,-0.07007512,1.582651,0.1518644,357.4714,92.04186,358.8486,Head
12/22/2016 2:42:52 PM:600,-0.07061143,1.5828,0.15209,357.4207,92.01913,358.8174,Head
12/22/2016 2:42:52 PM:634,-0.07102716,1.582948,0.15233,357.3668,91.98323,358.7726,Head
12/22/2016 2:42:52 PM:686,-0.07205139,1.582675,0.1526943,357.465,92.27492,358.8959,Head
12/22/2016 2:42:52 PM:752,-0.07292262,1.582848,0.1532076,357.3872,92.53555,358.9403,Head
12/22/2016 2:42:52 PM:810,-0.0729406,1.583081,0.1535711,357.225,92.39209,358.8184,Head
12/22/2016 2:42:52 PM:843,-0.07287377,1.583096,0.1537202,357.1339,92.24191,358.7771,Head
12/22/2016 2:42:52 PM:878,-0.07276766,1.583031,0.1540066,357.2062,92.19457,358.7932,Head
12/22/2016 2:42:52 PM:933,-0.07252254,1.582942,0.1540469,357.2687,92.1805,358.9245,Head
12/22/2016 2:42:52 PM:970,-0.0719604,1.582854,0.1538423,357.4024,92.17022,358.9366,Head
12/22/2016 2:42:53 PM:31,-0.07156923,1.582965,0.1534948,357.362,92.37008,358.8853,Head
12/22/2016 2:42:53 PM:79,-0.07143733,1.582882,0.153322,357.418,92.5414,358.8198,Head
12/22/2016 2:42:53 PM:116,-0.07136746,1.582814,0.1530407,357.4471,92.70964,358.7903,Head
12/22/2016 2:42:53 PM:159,-0.07139523,1.582743,0.1527021,357.4601,92.97021,358.7344,Head
12/22/2016 2:42:53 PM:221,-0.0713122,1.582836,0.1526553,357.3569,93.05963,358.6426,Head
12/22/2016 2:42:53 PM:280,-0.07118277,1.582813,0.1527716,357.2899,93.01505,358.6278,Head
12/22/2016 2:42:53 PM:324,-0.07072876,1.582951,0.1530384,357.2975,92.93941,358.6468,Head
12/22/2016 2:42:53 PM:377,-0.07040438,1.582736,0.1531498,357.3517,92.83619,358.7358,Head
12/22/2016 2:42:53 PM:447,-0.07026847,1.582809,0.1530909,357.3385,92.78783,358.7863,Head
12/22/2016 2:42:53 PM:493,-0.07006398,1.582941,0.1529832,357.256,92.77679,358.7795,Head
12/22/2016 2:42:53 PM:547,-0.06967323,1.583096,0.1527672,357.1869,92.81965,358.782,Head
12/22/2016 2:42:53 PM:612,-0.0696225,1.583066,0.1524281,357.1449,92.97198,358.7755,Head
12/22/2016 2:42:53 PM:671,-0.06935126,1.58303,0.1524853,357.1684,93.02403,358.8132,Head
12/22/2016 2:42:53 PM:721,-0.06904174,1.582912,0.1523456,357.1887,93.04668,358.8637,Head
12/22/2016 2:42:53 PM:783,-0.06841065,1.582778,0.1520358,357.2249,93.0964,358.8914,Head
12/22/2016 2:42:53 PM:846,-0.06830407,1.582872,0.1516114,357.2346,93.23705,358.8976,Head
12/22/2016 2:42:53 PM:896,-0.06779666,1.582814,0.151525,357.2559,93.27471,358.8885,Head
12/22/2016 2:42:53 PM:941,-0.06739213,1.58276,0.1514355,357.2654,93.31038,358.869,Head
12/22/2016 2:42:53 PM:991,-0.0672148,1.58283,0.1514683,357.3727,93.36154,358.9288,Head
12/22/2016 2:42:54 PM:59,-0.06693797,1.582609,0.1516673,357.4525,93.39326,358.9085,Head
12/22/2016 2:42:54 PM:121,-0.06697068,1.582565,0.1516966,357.4826,93.44324,358.967,Head
12/22/2016 2:42:54 PM:159,-0.06675366,1.582719,0.1518996,357.482,93.43102,358.9834,Head
12/22/2016 2:42:54 PM:215,-0.06687073,1.582593,0.1521239,357.5381,93.48643,359.0235,Head
12/22/2016 2:42:54 PM:282,-0.06733489,1.582674,0.1522395,357.5043,93.56866,359.0935,Head
12/22/2016 2:42:54 PM:334,-0.0677502,1.582599,0.1523665,357.4701,93.58923,359.0929,Head
12/22/2016 2:42:54 PM:378,-0.06821641,1.58259,0.1524868,357.4397,93.66322,359.0932,Head
12/22/2016 2:42:54 PM:438,-0.06841215,1.582567,0.1528921,357.4199,93.74778,359.125,Head
12/22/2016 2:42:54 PM:502,-0.06858262,1.582561,0.1530015,357.425,93.82021,359.144,Head
12/22/2016 2:42:54 PM:546,-0.06887358,1.58251,0.1531104,357.4309,93.91371,359.1759,Head
12/22/2016 2:42:54 PM:610,-0.06969017,1.582919,0.1533825,357.287,94.00281,359.1838,Head
12/22/2016 2:42:54 PM:669,-0.0702019,1.58288,0.1534244,357.2268,94.02167,359.1727,Head
12/22/2016 2:42:54 PM:723,-0.07062764,1.582742,0.1534024,357.2571,94.07206,359.1653,Head
12/22/2016 2:42:54 PM:781,-0.07126734,1.58258,0.1534627,357.2478,94.07843,359.1715,Head
12/22/2016 2:42:54 PM:843,-0.07156996,1.582691,0.1536279,357.1685,94.13459,359.1129,Head
12/22/2016 2:42:54 PM:909,-0.07174813,1.582708,0.1538202,357.1634,94.15324,359.1587,Head
12/22/2016 2:42:54 PM:961,-0.07157993,1.582594,0.1539232,357.2053,94.09893,359.1903,Head
12/22/2016 2:42:55 PM:6,-0.0715843,1.582603,0.154072,357.2619,94.04362,359.2548,Head
12/22/2016 2:42:55 PM:65,-0.07169983,1.582602,0.1543209,357.2544,93.97876,359.2796,Head
12/22/2016 2:42:55 PM:131,-0.07206553,1.58255,0.1543915,357.2242,93.95933,359.264,Head
12/22/2016 2:42:55 PM:186,-0.0721588,1.582524,0.154297,357.2194,94.00588,359.2111,Head
12/22/2016 2:42:55 PM:227,-0.07184745,1.582583,0.1541978,357.2275,94.12582,359.196,Head
12/22/2016 2:42:55 PM:311,-0.07225384,1.582756,0.1540545,357.1517,94.30487,359.2767,Head
12/22/2016 2:42:55 PM:365,-0.07210773,1.582934,0.1539943,357.1176,94.34011,359.3184,Head
12/22/2016 2:42:55 PM:432,-0.07217859,1.58302,0.1538613,357.051,94.40101,359.2348,Head
12/22/2016 2:42:55 PM:485,-0.0718555,1.583042,0.1536283,357.0287,94.47068,359.2176,Head
12/22/2016 2:42:55 PM:528,-0.07154373,1.583085,0.1533661,357.0221,94.54344,359.1781,Head
12/22/2016 2:42:55 PM:589,-0.07108556,1.583082,0.1533476,357.0089,94.5659,359.0854,Head
12/22/2016 2:42:55 PM:653,-0.07085194,1.58315,0.1531278,357.0146,94.6025,359.0647,Head
12/22/2016 2:42:55 PM:699,-0.07059959,1.583111,0.1528616,357.0343,94.63122,359.0793,Head
12/22/2016 2:42:55 PM:756,-0.06980978,1.58308,0.1528096,357.0851,94.54668,359.0729,Head
12/22/2016 2:42:55 PM:823,-0.06937993,1.58312,0.1528277,357.0898,94.47904,359.1327,Head
12/22/2016 2:42:55 PM:873,-0.06903614,1.583146,0.1528827,357.0794,94.43692,359.1557,Head
12/22/2016 2:42:55 PM:911,-0.06885599,1.58306,0.1530186,357.088,94.42644,359.1595,Head
12/22/2016 2:42:55 PM:959,-0.06805357,1.583125,0.1529643,357.1131,94.4492,359.1496,Head
12/22/2016 2:42:56 PM:13,-0.06713314,1.582892,0.1528088,357.1984,94.50951,359.1761,Head
12/22/2016 2:42:56 PM:80,-0.06626153,1.582864,0.1525384,357.2653,94.50201,359.2114,Head
12/22/2016 2:42:56 PM:129,-0.06577729,1.582748,0.1525547,357.2939,94.49686,359.2455,Head
12/22/2016 2:42:56 PM:171,-0.06534904,1.582872,0.1524779,357.3319,94.48692,359.2839,Head
12/22/2016 2:42:56 PM:218,-0.06464676,1.582865,0.1523291,357.3583,94.48589,359.3242,Head
12/22/2016 2:42:56 PM:270,-0.06358999,1.582764,0.1521097,357.4351,94.5233,359.36,Head
12/22/2016 2:42:56 PM:354,-0.06271939,1.582673,0.1519657,357.5099,94.52574,359.3961,Head
12/22/2016 2:42:56 PM:409,-0.0615735,1.582736,0.1518059,357.5827,94.56718,359.3692,Head
12/22/2016 2:42:56 PM:471,-0.06110709,1.582422,0.1515726,357.6671,94.59118,359.4463,Head
12/22/2016 2:42:56 PM:520,-0.06092235,1.58237,0.1514531,357.6815,94.55103,359.4167,Head
12/22/2016 2:42:56 PM:557,-0.06102242,1.582306,0.1513316,357.7063,94.54383,359.4218,Head
12/22/2016 2:42:56 PM:599,-0.06096943,1.582264,0.1512226,357.74,94.54018,359.472,Head
12/22/2016 2:42:56 PM:661,-0.06105518,1.582422,0.1509772,357.6808,94.52624,359.482,Head
12/22/2016 2:42:56 PM:723,-0.06107096,1.582462,0.1509392,357.6477,94.51821,359.46,Head
12/22/2016 2:42:56 PM:760,-0.06120828,1.582478,0.1509819,357.6201,94.51612,359.459,Head
12/22/2016 2:42:56 PM:800,-0.06137909,1.582471,0.1508719,357.5905,94.53016,359.4499,Head
12/22/2016 2:42:56 PM:862,-0.06135507,1.582759,0.1511248,357.4485,94.33004,359.4398,Head
12/22/2016 2:42:56 PM:912,-0.06122274,1.58289,0.1509621,357.4509,94.18424,359.3352,Head
12/22/2016 2:42:56 PM:950,-0.06093748,1.582692,0.1505393,357.543,94.13234,359.3728,Head
12/22/2016 2:42:57 PM:7,-0.06025638,1.582515,0.1493533,357.8101,94.26387,359.1795,Head
12/22/2016 2:42:57 PM:74,-0.0598346,1.582193,0.1482805,358.0841,94.78223,359.2009,Head
12/22/2016 2:42:57 PM:127,-0.0596144,1.581974,0.1480095,358.1712,95.02425,359.2302,Head
12/22/2016 2:42:57 PM:171,-0.05945455,1.581814,0.1478271,358.2281,95.2225,359.1935,Head
12/22/2016 2:42:57 PM:230,-0.05997783,1.581669,0.1481271,358.2948,95.24618,359.2274,Head
12/22/2016 2:42:57 PM:279,-0.06038569,1.58179,0.1487426,358.1705,95.07525,359.2624,Head
12/22/2016 2:42:57 PM:316,-0.06029036,1.581975,0.1492626,358.0518,94.86043,359.2851,Head
12/22/2016 2:42:57 PM:353,-0.06059733,1.582288,0.1504071,357.9076,94.41982,359.4052,Head
12/22/2016 2:42:57 PM:420,-0.06130718,1.582184,0.1515236,357.9005,94.13136,359.6176,Head
12/22/2016 2:42:57 PM:481,-0.0617772,1.582422,0.1522653,357.7808,94.12667,359.7973,Head
12/22/2016 2:42:57 PM:518,-0.06237963,1.582472,0.1525754,357.7297,94.10195,359.8443,Head
12/22/2016 2:42:57 PM:560,-0.06369276,1.582454,0.1529031,357.7496,94.26685,359.8956,Head
12/22/2016 2:42:57 PM:621,-0.06497607,1.5828,0.1529856,357.5574,94.08893,359.9027,Head
12/22/2016 2:42:57 PM:672,-0.06577617,1.582658,0.1526281,357.5192,94.0159,359.8866,Head
12/22/2016 2:42:57 PM:721,-0.06663343,1.582702,0.1521043,357.4484,94.01588,359.8441,Head
12/22/2016 2:42:57 PM:777,-0.06870662,1.582737,0.1509604,357.45,93.96976,359.779,Head
12/22/2016 2:42:57 PM:846,-0.06922401,1.583144,0.1502618,357.2862,93.67807,359.6676,Head
12/22/2016 2:42:57 PM:895,-0.06931839,1.582953,0.14999,357.3889,93.62639,359.5446,Head
12/22/2016 2:42:57 PM:937,-0.06922551,1.582595,0.1494458,357.6232,93.87322,359.5312,Head
12/22/2016 2:42:58 PM:55,-0.07061587,1.582112,0.1474452,358.1162,95.07133,359.4831,Head
12/22/2016 2:42:58 PM:113,-0.07170595,1.58212,0.146061,358.0872,95.50442,359.2136,Head
12/22/2016 2:42:58 PM:181,-0.07277486,1.582258,0.1449034,357.9636,95.75507,359.1324,Head
12/22/2016 2:42:58 PM:230,-0.07331473,1.582391,0.1445134,357.9292,95.76701,359.0804,Head
12/22/2016 2:42:58 PM:267,-0.07374142,1.582374,0.144094,357.9006,95.81358,359.005,Head
12/22/2016 2:42:58 PM:309,-0.0740473,1.582344,0.1435725,357.9386,95.92583,358.8263,Head
12/22/2016 2:42:58 PM:370,-0.07435963,1.582409,0.1432624,357.9892,96.11636,358.5988,Head
12/22/2016 2:42:58 PM:419,-0.07445215,1.582271,0.1434859,358.046,96.11704,358.6594,Head
12/22/2016 2:42:58 PM:462,-0.07482453,1.582214,0.1438168,358.083,96.0787,358.7318,Head
12/22/2016 2:42:58 PM:499,-0.07535271,1.582164,0.1445391,358.0224,95.86282,358.9147,Head
12/22/2016 2:42:58 PM:559,-0.07662298,1.582331,0.1455674,357.93,95.45214,358.8807,Head
12/22/2016 2:42:58 PM:608,-0.07738832,1.582462,0.1458336,357.8381,95.41557,358.8072,Head
12/22/2016 2:42:58 PM:645,-0.07828912,1.58242,0.146361,357.7832,95.47767,358.9232,Head
12/22/2016 2:42:58 PM:692,-0.07927032,1.582684,0.1471678,357.6078,95.56152,358.8714,Head
12/22/2016 2:42:58 PM:750,-0.08082227,1.582808,0.1480969,357.5124,95.67492,358.8468,Head
12/22/2016 2:42:58 PM:818,-0.08227719,1.582753,0.1490332,357.3841,95.68788,358.9125,Head
12/22/2016 2:42:58 PM:869,-0.08256085,1.582868,0.1491603,357.3812,95.7439,359.0064,Head
12/22/2016 2:42:58 PM:906,-0.08278455,1.583212,0.1490957,357.2922,95.89846,359.4691,Head
12/22/2016 2:42:58 PM:973,-0.08293086,1.582993,0.1488259,357.4283,96.00593,0.08048929,Head
12/22/2016 2:42:59 PM:34,-0.08155754,1.583433,0.1482794,357.1689,95.85378,359.8781,Head
12/22/2016 2:42:59 PM:77,-0.08073634,1.583586,0.1479413,357.1577,95.77959,359.5846,Head
12/22/2016 2:42:59 PM:116,-0.07925303,1.583044,0.1471652,357.5632,96.02636,359.4046,Head
12/22/2016 2:42:59 PM:175,-0.07816485,1.58201,0.1458493,358.2404,96.81823,359.4315,Head
12/22/2016 2:42:59 PM:243,-0.07679984,1.581973,0.1445085,358.4787,97.22599,359.0643,Head
12/22/2016 2:42:59 PM:292,-0.07631542,1.581996,0.1438093,358.5282,97.42057,358.8278,Head
12/22/2016 2:42:59 PM:329,-0.07600796,1.581827,0.1431873,358.6388,97.66026,358.7392,Head
12/22/2016 2:42:59 PM:371,-0.07534539,1.581635,0.1423775,358.7325,97.98415,358.6853,Head
12/22/2016 2:42:59 PM:431,-0.07501955,1.581378,0.1415885,358.9301,98.07571,358.4882,Head
12/22/2016 2:42:59 PM:481,-0.0746811,1.581446,0.1414614,358.8161,97.98526,358.3257,Head
12/22/2016 2:42:59 PM:520,-0.07432055,1.581474,0.1414354,358.8397,97.9511,358.2892,Head
12/22/2016 2:42:59 PM:558,-0.07374205,1.581424,0.1416797,358.9124,98.00304,358.4601,Head
12/22/2016 2:42:59 PM:628,-0.07333721,1.581304,0.142261,358.8144,97.71598,358.5781,Head
12/22/2016 2:42:59 PM:713,-0.07343876,1.581508,0.1427436,358.7798,97.51162,358.6191,Head
12/22/2016 2:42:59 PM:789,-0.07452153,1.58147,0.1434015,358.6021,97.22836,358.8206,Head
12/22/2016 2:42:59 PM:857,-0.07659867,1.582036,0.1437807,358.2254,97.65382,358.7614,Head
12/22/2016 2:42:59 PM:931,-0.07771464,1.582721,0.1441491,357.7308,97.91838,358.7358,Head
12/22/2016 2:42:59 PM:979,-0.07833685,1.583034,0.1445154,357.5162,97.93537,358.6734,Head
12/22/2016 2:43:00 PM:82,-0.07867993,1.583169,0.1446434,357.3335,97.72176,358.7113,Head
12/22/2016 2:43:00 PM:183,-0.07794103,1.58287,0.1438762,357.478,97.77779,358.6888,Head
12/22/2016 2:43:00 PM:281,-0.07705446,1.582489,0.14244,357.8091,98.03194,358.3566,Head
12/22/2016 2:43:00 PM:336,-0.07641026,1.581903,0.1411617,358.1324,98.58345,358.336,Head
12/22/2016 2:43:00 PM:403,-0.07669093,1.581573,0.1407662,358.2175,98.72087,358.3053,Head
12/22/2016 2:43:00 PM:452,-0.07698965,1.581672,0.1405515,358.1868,98.75724,358.2693,Head
12/22/2016 2:43:00 PM:489,-0.07692449,1.581668,0.1404707,358.1815,98.80569,358.2452,Head
12/22/2016 2:43:00 PM:537,-0.07723764,1.581662,0.1403053,358.1423,98.90752,358.1776,Head
12/22/2016 2:43:00 PM:601,-0.07783749,1.581813,0.1405895,358.0212,98.79272,358.1145,Head
12/22/2016 2:43:00 PM:659,-0.07785571,1.581894,0.1410912,357.9198,98.45653,358.1146,Head
12/22/2016 2:43:00 PM:727,-0.0780452,1.581652,0.1414882,357.9656,98.19228,358.2015,Head
12/22/2016 2:43:00 PM:776,-0.07793804,1.581851,0.1416395,357.9522,98.10216,358.2053,Head
12/22/2016 2:43:00 PM:817,-0.07820255,1.581864,0.1419233,357.9202,98.06496,358.196,Head
12/22/2016 2:43:00 PM:854,-0.07811685,1.582055,0.1420048,357.8994,98.07551,358.2283,Head
12/22/2016 2:43:00 PM:916,-0.07851898,1.581793,0.1422264,357.9234,98.07755,358.3362,Head
12/22/2016 2:43:00 PM:967,-0.07829055,1.581934,0.1424746,357.8673,98.05048,358.3026,Head
12/22/2016 2:43:01 PM:20,-0.07827581,1.58196,0.1426993,357.8844,98.05369,358.3338,Head
12/22/2016 2:43:01 PM:84,-0.07808553,1.582031,0.1429579,357.916,98.06905,358.412,Head
12/22/2016 2:43:01 PM:140,-0.07849989,1.581819,0.1431525,357.9189,98.07038,358.4697,Head
12/22/2016 2:43:01 PM:211,-0.07826811,1.582052,0.1433903,357.8306,98.01561,358.5141,Head
12/22/2016 2:43:01 PM:257,-0.07804681,1.582119,0.1436071,357.8389,97.97315,358.5032,Head
12/22/2016 2:43:01 PM:294,-0.07785431,1.582063,0.1436228,357.8718,97.95826,358.5106,Head
12/22/2016 2:43:01 PM:334,-0.0777889,1.581972,0.1437283,357.8873,97.95831,358.5277,Head
12/22/2016 2:43:01 PM:404,-0.07747391,1.582153,0.1438351,357.8466,97.86884,358.5637,Head
12/22/2016 2:43:01 PM:447,-0.07724595,1.582175,0.1439497,357.8426,97.82185,358.6272,Head
12/22/2016 2:43:01 PM:487,-0.07724573,1.582108,0.1441853,357.8435,97.7951,358.6693,Head
12/22/2016 2:43:01 PM:544,-0.07640117,1.58208,0.1445922,357.8727,97.77159,358.7266,Head
12/22/2016 2:43:01 PM:609,-0.0761451,1.582191,0.1446298,357.8358,97.74157,358.7664,Head
12/22/2016 2:43:01 PM:670,-0.07629599,1.582174,0.1447012,357.8318,97.7278,358.756,Head
12/22/2016 2:43:01 PM:728,-0.0760081,1.582142,0.1447471,357.8551,97.73756,358.764,Head
12/22/2016 2:43:01 PM:776,-0.07581885,1.582211,0.1450495,357.8303,97.78989,358.8133,Head
12/22/2016 2:43:01 PM:851,-0.07569349,1.582192,0.1454343,357.868,97.78526,358.8248,Head
12/22/2016 2:43:01 PM:933,-0.07576223,1.582335,0.1453221,357.7894,97.72058,358.827,Head
12/22/2016 2:43:01 PM:989,-0.07580578,1.582121,0.14546,357.8,97.73965,358.8918,Head
12/22/2016 2:43:02 PM:56,-0.07541045,1.582279,0.1454976,357.7968,97.78009,358.8372,Head
12/22/2016 2:43:02 PM:110,-0.07520819,1.582247,0.1454597,357.8123,97.77312,358.8456,Head
12/22/2016 2:43:02 PM:153,-0.07519567,1.58199,0.1454734,357.8382,97.73667,358.8495,Head
12/22/2016 2:43:02 PM:213,-0.07506889,1.582062,0.1457294,357.8622,97.7144,358.9142,Head
12/22/2016 2:43:02 PM:281,-0.07477731,1.582023,0.1457862,357.8596,97.6866,358.915,Head
12/22/2016 2:43:02 PM:330,-0.07466619,1.582056,0.145914,357.8859,97.70101,358.9265,Head
12/22/2016 2:43:02 PM:373,-0.07455687,1.582086,0.1458843,357.9002,97.72872,358.9251,Head
12/22/2016 2:43:02 PM:424,-0.07398336,1.581992,0.1458515,357.9147,97.83017,358.8764,Head
12/22/2016 2:43:02 PM:491,-0.07373799,1.582036,0.1460312,357.9266,97.86067,358.9338,Head
12/22/2016 2:43:02 PM:542,-0.07356861,1.582029,0.1461717,357.9386,97.82001,358.9209,Head
12/22/2016 2:43:02 PM:579,-0.07342663,1.581956,0.1462127,357.9504,97.81303,358.9391,Head
12/22/2016 2:43:02 PM:640,-0.07363185,1.582043,0.1460212,357.8993,97.78105,358.9852,Head
12/22/2016 2:43:02 PM:709,-0.07350518,1.582049,0.1458762,357.8734,97.75584,358.9711,Head
12/22/2016 2:43:02 PM:753,-0.07336923,1.581977,0.1456519,357.899,97.77111,358.9356,Head
12/22/2016 2:43:02 PM:790,-0.07334731,1.582027,0.1455389,357.9108,97.78067,358.943,Head
12/22/2016 2:43:02 PM:833,-0.07326801,1.581864,0.1453915,357.9254,97.78184,358.9359,Head
12/22/2016 2:43:02 PM:893,-0.07299753,1.582074,0.145044,357.872,97.74358,358.9241,Head
12/22/2016 2:43:02 PM:950,-0.07278481,1.582149,0.1445635,357.8538,97.73322,358.892,Head
12/22/2016 2:43:02 PM:983,-0.0727216,1.582071,0.1442339,357.8581,97.74203,358.89,Head
12/22/2016 2:43:03 PM:17,-0.07252201,1.582057,0.1438723,357.8845,97.7905,358.8329,Head
12/22/2016 2:43:03 PM:63,-0.07234196,1.581976,0.1436576,357.9294,97.83736,358.8352,Head
12/22/2016 2:43:03 PM:111,-0.07211651,1.581887,0.1431026,357.9203,97.91222,358.6646,Head
12/22/2016 2:43:03 PM:172,-0.07230386,1.58211,0.1423204,357.7957,98.01845,358.511,Head
12/22/2016 2:43:03 PM:232,-0.07264432,1.582158,0.1419652,357.7505,98.08413,358.4986,Head
12/22/2016 2:43:03 PM:268,-0.07266209,1.58212,0.1417981,357.7647,98.10419,358.5285,Head
12/22/2016 2:43:03 PM:304,-0.07274638,1.58202,0.1417393,357.7804,98.09173,358.5438,Head
12/22/2016 2:43:03 PM:362,-0.0726923,1.582019,0.1416551,357.8204,97.9577,358.5742,Head
12/22/2016 2:43:03 PM:429,-0.07283986,1.582018,0.1414045,357.8042,97.93424,358.541,Head
12/22/2016 2:43:03 PM:478,-0.07274362,1.582062,0.1412404,357.8288,97.96525,358.4983,Head
12/22/2016 2:43:03 PM:514,-0.07264626,1.582118,0.1410765,357.8442,97.99132,358.4639,Head
12/22/2016 2:43:03 PM:550,-0.07273526,1.582057,0.1411353,357.8819,97.99303,358.4433,Head
12/22/2016 2:43:03 PM:608,-0.07285305,1.581933,0.1411056,357.9225,97.92419,358.3547,Head
12/22/2016 2:43:03 PM:679,-0.07346573,1.581946,0.1412326,357.9051,97.86122,358.3949,Head
12/22/2016 2:43:03 PM:723,-0.07371646,1.582045,0.1413856,357.8659,97.8467,358.4511,Head
12/22/2016 2:43:03 PM:759,-0.07398883,1.582146,0.1415466,357.8141,97.84355,358.4626,Head
12/22/2016 2:43:03 PM:796,-0.07420224,1.582136,0.1415572,357.8214,97.81104,358.506,Head
12/22/2016 2:43:03 PM:877,-0.07487239,1.582074,0.1420639,357.769,97.79775,358.4582,Head
12/22/2016 2:43:03 PM:952,-0.07573572,1.582241,0.1424755,357.6988,97.87076,358.4966,Head
12/22/2016 2:43:04 PM:32,-0.07649668,1.582337,0.1432459,357.6667,97.79642,358.5824,Head
12/22/2016 2:43:04 PM:100,-0.077626,1.582486,0.1438715,357.5042,97.68018,358.667,Head
12/22/2016 2:43:04 PM:156,-0.0780679,1.582715,0.1443206,357.4611,97.64912,358.6911,Head
12/22/2016 2:43:04 PM:222,-0.07867952,1.582567,0.1447373,357.4794,97.68037,358.6815,Head
12/22/2016 2:43:04 PM:274,-0.07888332,1.582587,0.1449525,357.488,97.66405,358.674,Head
12/22/2016 2:43:04 PM:311,-0.07913139,1.58262,0.1452757,357.4963,97.64976,358.6895,Head
12/22/2016 2:43:04 PM:373,-0.0799426,1.582537,0.1457684,357.4338,97.64658,358.7534,Head
12/22/2016 2:43:04 PM:452,-0.08076048,1.582721,0.146308,357.3763,97.58971,358.8157,Head
12/22/2016 2:43:04 PM:521,-0.0814601,1.582743,0.146689,357.413,97.54388,358.8814,Head
12/22/2016 2:43:04 PM:607,-0.08217992,1.582629,0.1470967,357.4118,97.57026,358.8402,Head
12/22/2016 2:43:04 PM:681,-0.08316991,1.58264,0.1482843,357.3753,97.55582,358.9779,Head
12/22/2016 2:43:04 PM:753,-0.08442722,1.582692,0.1488085,357.3106,97.45216,359.0328,Head
12/22/2016 2:43:04 PM:832,-0.08550994,1.582926,0.1492462,357.1946,97.39371,359.1054,Head
12/22/2016 2:43:04 PM:881,-0.08642766,1.582947,0.1495311,357.1036,97.38552,359.0847,Head
12/22/2016 2:43:04 PM:948,-0.0870629,1.582869,0.149913,357.0797,97.40891,359.0823,Head
12/22/2016 2:43:05 PM:2,-0.08752358,1.582763,0.1500409,357.0537,97.39707,359.075,Head
12/22/2016 2:43:05 PM:58,-0.08796445,1.582802,0.1499517,357.0112,97.42889,359.0471,Head
12/22/2016 2:43:05 PM:116,-0.08842348,1.583042,0.1500652,356.9164,97.56317,358.9908,Head
12/22/2016 2:43:05 PM:197,-0.08884437,1.583173,0.1500961,356.8421,97.66777,358.917,Head
12/22/2016 2:43:05 PM:259,-0.08886269,1.583086,0.1500889,356.8496,97.68587,358.8988,Head
12/22/2016 2:43:05 PM:364,-0.08904992,1.582897,0.1500425,356.9039,97.69186,358.9752,Head
12/22/2016 2:43:05 PM:426,-0.08942062,1.583044,0.1496379,356.7984,97.55389,358.9763,Head
12/22/2016 2:43:05 PM:493,-0.09001818,1.583179,0.1492132,356.6888,97.60778,358.8941,Head
12/22/2016 2:43:05 PM:563,-0.08999695,1.58319,0.148802,356.5512,97.63002,358.8268,Head
12/22/2016 2:43:05 PM:619,-0.09004277,1.583407,0.1487826,356.4866,97.59252,358.8039,Head
12/22/2016 2:43:05 PM:688,-0.08978096,1.583386,0.1484765,356.5121,97.59101,358.7939,Head
12/22/2016 2:43:05 PM:739,-0.08955906,1.58325,0.1482086,356.5222,97.5802,358.7694,Head
12/22/2016 2:43:05 PM:783,-0.08938652,1.583059,0.1480303,356.5337,97.5695,358.8256,Head
12/22/2016 2:43:05 PM:842,-0.088855,1.58323,0.1479785,356.624,97.48731,358.89,Head
12/22/2016 2:43:05 PM:912,-0.08818635,1.583152,0.1478312,356.6922,97.4157,359.0269,Head
12/22/2016 2:43:05 PM:965,-0.08803541,1.58301,0.1475785,356.7864,97.35143,359.1482,Head
12/22/2016 2:43:06 PM:5,-0.0878436,1.582828,0.147249,356.7798,97.30231,359.0938,Head
12/22/2016 2:43:06 PM:68,-0.08753091,1.583031,0.146646,356.7221,97.38034,359.0215,Head
12/22/2016 2:43:06 PM:124,-0.08736272,1.58307,0.1462238,356.7881,97.41225,358.99,Head
12/22/2016 2:43:06 PM:169,-0.08751924,1.582888,0.1457951,356.8506,97.41431,358.9421,Head
12/22/2016 2:43:06 PM:226,-0.08733213,1.582878,0.1453673,356.8418,97.37376,358.8522,Head
12/22/2016 2:43:06 PM:291,-0.08788002,1.582914,0.1451236,356.7538,97.33537,358.7887,Head
12/22/2016 2:43:06 PM:343,-0.08793329,1.582971,0.1448886,356.7306,97.35777,358.7555,Head
12/22/2016 2:43:06 PM:391,-0.08805273,1.582997,0.1445103,356.735,97.39524,358.733,Head
12/22/2016 2:43:06 PM:453,-0.08795539,1.5831,0.144532,356.7487,97.3608,358.7526,Head
12/22/2016 2:43:06 PM:522,-0.08798061,1.583131,0.1442655,356.7951,97.31155,358.7679,Head
12/22/2016 2:43:06 PM:598,-0.08782238,1.583183,0.1442995,356.7994,97.33945,358.7669,Head
12/22/2016 2:43:06 PM:667,-0.08762005,1.583086,0.1442946,356.8121,97.40632,358.7657,Head
12/22/2016 2:43:06 PM:724,-0.08760251,1.583068,0.1444971,356.8119,97.43132,358.7464,Head
12/22/2016 2:43:06 PM:791,-0.08751802,1.583037,0.144736,356.84,97.47393,358.7806,Head
12/22/2016 2:43:06 PM:840,-0.08765683,1.583176,0.1449306,356.8045,97.44368,358.817,Head
12/22/2016 2:43:06 PM:876,-0.08759905,1.58313,0.1450469,356.7933,97.4059,358.8206,Head
12/22/2016 2:43:06 PM:913,-0.08784133,1.583267,0.1453293,356.7703,97.38726,358.8534,Head
12/22/2016 2:43:06 PM:970,-0.08781452,1.583372,0.1458597,356.7262,97.27102,358.9272,Head
12/22/2016 2:43:07 PM:37,-0.08787404,1.583195,0.1460681,356.7428,97.30984,358.9691,Head
12/22/2016 2:43:07 PM:85,-0.08801344,1.583132,0.1462351,356.7847,97.34459,358.983,Head
12/22/2016 2:43:07 PM:123,-0.08798458,1.583158,0.1464893,356.8172,97.35896,358.9936,Head
12/22/2016 2:43:07 PM:168,-0.08784862,1.583186,0.1468032,356.8043,97.31254,359.0157,Head
12/22/2016 2:43:07 PM:227,-0.08747922,1.583246,0.1472299,356.7564,97.28709,359.0871,Head
12/22/2016 2:43:07 PM:294,-0.08704784,1.583195,0.1475578,356.7885,97.30357,359.1608,Head
12/22/2016 2:43:07 PM:342,-0.08676729,1.583114,0.1477231,356.8611,97.31128,359.151,Head
12/22/2016 2:43:07 PM:379,-0.08666354,1.583002,0.1479353,356.9011,97.32226,359.1838,Head
12/22/2016 2:43:07 PM:413,-0.08647293,1.582886,0.1479722,356.9537,97.36202,359.198,Head
12/22/2016 2:43:07 PM:473,-0.08593272,1.583018,0.1479617,356.9081,97.46202,359.1826,Head
12/22/2016 2:43:07 PM:576,-0.08564467,1.583019,0.1480298,356.8807,97.47283,359.2401,Head
12/22/2016 2:43:07 PM:679,-0.08532149,1.58312,0.1483577,356.9258,97.33961,359.2898,Head
12/22/2016 2:43:07 PM:743,-0.08529364,1.583142,0.1484459,356.8326,97.32718,359.3018,Head
12/22/2016 2:43:07 PM:810,-0.08534567,1.583045,0.1483952,356.7924,97.37247,359.2637,Head
12/22/2016 2:43:07 PM:860,-0.08541027,1.583058,0.1484234,356.7993,97.41128,359.2502,Head
12/22/2016 2:43:07 PM:897,-0.08562816,1.583022,0.1482967,356.7859,97.44854,359.2347,Head
12/22/2016 2:43:07 PM:971,-0.08574322,1.583069,0.1483127,356.7566,97.44572,359.2306,Head
12/22/2016 2:43:08 PM:31,-0.08576258,1.583235,0.1482369,356.7269,97.43133,359.2216,Head
12/22/2016 2:43:08 PM:71,-0.08596176,1.583284,0.1479579,356.6939,97.4493,359.1923,Head
12/22/2016 2:43:08 PM:140,-0.08634668,1.58316,0.1474868,356.7102,97.48817,359.1918,Head
12/22/2016 2:43:08 PM:198,-0.08645061,1.582989,0.1469259,356.7303,97.52538,359.0858,Head
12/22/2016 2:43:08 PM:266,-0.08646774,1.583118,0.1465703,356.7147,97.54726,359.1176,Head
12/22/2016 2:43:08 PM:317,-0.08675364,1.58304,0.146396,356.7103,97.50996,359.0896,Head
12/22/2016 2:43:08 PM:353,-0.08692937,1.582981,0.1461213,356.7003,97.4909,359.0648,Head
12/22/2016 2:43:08 PM:411,-0.08715771,1.58311,0.1460658,356.662,97.49689,359.0769,Head
12/22/2016 2:43:08 PM:477,-0.08766772,1.583196,0.1454899,356.6465,97.49617,359.0067,Head
12/22/2016 2:43:08 PM:525,-0.08811812,1.583249,0.1452045,356.6475,97.51661,358.9732,Head
12/22/2016 2:43:08 PM:561,-0.08840844,1.583296,0.1449424,356.6375,97.5423,358.966,Head
12/22/2016 2:43:08 PM:602,-0.0887657,1.583212,0.1447711,356.628,97.55587,358.9541,Head
12/22/2016 2:43:08 PM:639,-0.08931544,1.58325,0.1445039,356.6024,97.58747,358.9206,Head
12/22/2016 2:43:08 PM:712,-0.08984824,1.583312,0.1442538,356.5505,97.61442,358.8875,Head
12/22/2016 2:43:08 PM:782,-0.09079172,1.583191,0.1438852,356.506,97.61287,358.8558,Head
12/22/2016 2:43:08 PM:838,-0.09107246,1.583247,0.1434631,356.5372,97.5685,358.8852,Head
12/22/2016 2:43:08 PM:902,-0.09123405,1.583275,0.1432766,356.5489,97.51298,358.8464,Head
12/22/2016 2:43:08 PM:955,-0.09140238,1.583176,0.1431564,356.6216,97.49661,358.8814,Head
12/22/2016 2:43:09 PM:2,-0.09138018,1.583044,0.1430221,356.692,97.40971,358.9363,Head
12/22/2016 2:43:09 PM:62,-0.09122957,1.582947,0.1428591,356.771,97.29255,358.955,Head
12/22/2016 2:43:09 PM:125,-0.09145444,1.582942,0.1424586,356.7531,97.22572,358.9589,Head
12/22/2016 2:43:09 PM:179,-0.09127349,1.582935,0.1422225,356.7895,97.20525,358.9408,Head
12/22/2016 2:43:09 PM:220,-0.09125189,1.582983,0.1420312,356.8014,97.17096,358.9171,Head
12/22/2016 2:43:09 PM:279,-0.09128801,1.582851,0.1416089,356.88,97.19473,358.9069,Head
12/22/2016 2:43:09 PM:337,-0.09113657,1.582782,0.1413226,356.914,97.18131,358.8787,Head
12/22/2016 2:43:09 PM:390,-0.09069337,1.58293,0.1410403,356.942,97.10493,358.8676,Head
12/22/2016 2:43:09 PM:438,-0.0901489,1.582838,0.1407149,357.0039,96.87441,358.756,Head
12/22/2016 2:43:09 PM:505,-0.08970636,1.582634,0.1399969,357.1308,96.7453,358.5793,Head
12/22/2016 2:43:09 PM:565,-0.08948715,1.582523,0.1394113,357.2631,96.85683,358.5363,Head
12/22/2016 2:43:09 PM:602,-0.08936098,1.582479,0.1389899,357.2955,96.92433,358.4198,Head
12/22/2016 2:43:09 PM:641,-0.0895816,1.582693,0.1383076,357.2112,96.91864,358.1947,Head
12/22/2016 2:43:09 PM:695,-0.09020947,1.583256,0.1374107,356.822,96.55665,358.0657,Head
12/22/2016 2:43:09 PM:762,-0.09135845,1.583886,0.1363468,356.2314,95.92485,358.741,Head
12/22/2016 2:43:09 PM:811,-0.09173232,1.584174,0.1354448,355.8148,95.41016,359.6157,Head
12/22/2016 2:43:09 PM:855,-0.0918709,1.584749,0.1344751,355.3476,94.82032,0.4302529,Head
12/22/2016 2:43:09 PM:914,-0.09069395,1.587069,0.1332453,353.716,93.70286,1.126956,Head
12/22/2016 2:43:09 PM:963,-0.08845581,1.587792,0.1323943,353.0319,92.90549,1.282498,Head
12/22/2016 2:43:10 PM:30,-0.08644481,1.586621,0.1316955,354.0064,93.01863,1.457588,Head
12/22/2016 2:43:10 PM:93,-0.08495282,1.586066,0.1314086,354.6363,93.60734,0.6079288,Head
12/22/2016 2:43:10 PM:131,-0.0827983,1.585846,0.1315183,355.0294,94.15452,359.7599,Head
12/22/2016 2:43:10 PM:197,-0.08080373,1.585151,0.131831,355.5341,94.29459,359.5801,Head
12/22/2016 2:43:10 PM:260,-0.07906245,1.585114,0.1321381,355.7162,93.90776,359.5736,Head
12/22/2016 2:43:10 PM:303,-0.07769953,1.584947,0.1322804,355.8653,93.60748,359.5598,Head
12/22/2016 2:43:10 PM:349,-0.0760816,1.584846,0.1321569,356.1174,93.18266,359.5718,Head
12/22/2016 2:43:10 PM:406,-0.07420877,1.584374,0.1316653,356.5744,93.06831,359.4512,Head
12/22/2016 2:43:10 PM:472,-0.07222724,1.584341,0.1309065,356.6166,93.23177,359.3162,Head
12/22/2016 2:43:10 PM:518,-0.07146461,1.584224,0.130407,356.7246,93.35257,359.2483,Head
12/22/2016 2:43:10 PM:564,-0.07005048,1.583984,0.1298662,356.8336,93.59319,359.1676,Head
12/22/2016 2:43:10 PM:623,-0.06868535,1.583389,0.1292793,357.3317,93.84033,359.221,Head
12/22/2016 2:43:10 PM:696,-0.06780495,1.583865,0.1293048,357.0217,93.79838,359.0988,Head
12/22/2016 2:43:10 PM:738,-0.06750353,1.583951,0.1292645,356.9838,93.68729,359.1033,Head
12/22/2016 2:43:10 PM:778,-0.0674478,1.583793,0.1291372,357.0378,93.72809,359.1874,Head
12/22/2016 2:43:10 PM:822,-0.06725267,1.583954,0.1289971,356.9628,93.84017,359.1869,Head
12/22/2016 2:43:10 PM:892,-0.06800246,1.583921,0.1290326,357.0284,94.21496,359.0186,Head
12/22/2016 2:43:10 PM:949,-0.06969745,1.583625,0.1290453,357.0531,94.56194,358.7594,Head
12/22/2016 2:43:11 PM:28,-0.07096617,1.583943,0.1286625,356.8083,94.51897,358.7369,Head
12/22/2016 2:43:11 PM:81,-0.07168173,1.583857,0.1280279,356.6816,94.3279,358.7651,Head
12/22/2016 2:43:11 PM:153,-0.072444,1.583806,0.1273011,356.6353,94.10274,359.1172,Head
12/22/2016 2:43:11 PM:199,-0.07246138,1.58428,0.1270142,356.3728,93.86063,359.1122,Head
12/22/2016 2:43:11 PM:243,-0.07190245,1.58506,0.1270318,355.9606,93.82156,358.7198,Head
12/22/2016 2:43:11 PM:303,-0.07085995,1.585192,0.1281614,355.8776,94.42011,358.5841,Head
12/22/2016 2:43:11 PM:376,-0.07039784,1.584618,0.1292829,356.3815,94.89727,359.0392,Head
12/22/2016 2:43:11 PM:436,-0.07030801,1.583838,0.130423,356.9989,95.43152,359.068,Head
12/22/2016 2:43:11 PM:510,-0.07047188,1.58388,0.1309603,357.1106,96.11994,358.9514,Head
12/22/2016 2:43:11 PM:561,-0.07107222,1.583588,0.1304053,357.2841,96.87888,359.0737,Head
12/22/2016 2:43:11 PM:634,-0.07191423,1.583286,0.1297131,357.5726,97.70815,359.1578,Head
12/22/2016 2:43:11 PM:697,-0.07270386,1.58303,0.1296297,357.6786,98.10448,358.9938,Head
12/22/2016 2:43:11 PM:741,-0.07334551,1.582888,0.1296748,357.715,98.39221,358.8699,Head
12/22/2016 2:43:11 PM:801,-0.07424223,1.58283,0.1303289,357.6698,98.56496,359.0379,Head
12/22/2016 2:43:11 PM:862,-0.07536475,1.583011,0.1314135,357.5312,98.54967,359.1249,Head
12/22/2016 2:43:11 PM:917,-0.07584022,1.583215,0.1320298,357.4514,98.45046,359.1597,Head
12/22/2016 2:43:11 PM:958,-0.07633407,1.583447,0.132875,357.2875,98.22699,359.2104,Head
12/22/2016 2:43:12 PM:8,-0.07656625,1.583736,0.1342329,357.0564,97.65155,359.3229,Head
12/22/2016 2:43:12 PM:74,-0.07665371,1.58355,0.1352475,357.1108,97.30222,359.413,Head
12/22/2016 2:43:12 PM:143,-0.07669172,1.583299,0.1357274,357.2299,97.17939,359.459,Head
12/22/2016 2:43:12 PM:186,-0.07693641,1.582898,0.1363283,357.3989,97.08602,359.3967,Head
12/22/2016 2:43:12 PM:242,-0.0774016,1.58271,0.1365381,357.534,97.12546,359.3143,Head
12/22/2016 2:43:12 PM:311,-0.07816633,1.582592,0.1363941,357.4564,97.02041,359.3818,Head
12/22/2016 2:43:12 PM:362,-0.07831444,1.582418,0.1358758,357.3874,96.80391,359.5363,Head
12/22/2016 2:43:12 PM:403,-0.07828641,1.582517,0.1343204,357.1712,96.37778,0.06529871,Head
12/22/2016 2:43:12 PM:465,-0.07818352,1.58252,0.1319306,356.7955,95.81942,1.105748,Head
12/22/2016 2:43:12 PM:515,-0.07757823,1.583034,0.1309733,356.4843,95.4748,0.8879735,Head
12/22/2016 2:43:12 PM:559,-0.07669477,1.583504,0.1300799,356.2126,95.42297,0.622344,Head
12/22/2016 2:43:12 PM:599,-0.0750405,1.584041,0.1291253,356.0544,95.74986,0.550442,Head
12/22/2016 2:43:12 PM:656,-0.07361276,1.583203,0.1291449,356.6224,96.34704,0.8238779,Head
12/22/2016 2:43:12 PM:722,-0.07209376,1.582927,0.1295542,356.9827,96.58308,0.1849284,Head
12/22/2016 2:43:12 PM:773,-0.07116194,1.582885,0.1299644,357.0684,96.72584,359.7569,Head
12/22/2016 2:43:12 PM:816,-0.07047406,1.582899,0.1303305,357.1488,96.81538,359.4535,Head
12/22/2016 2:43:12 PM:871,-0.06926588,1.582951,0.1307452,357.387,97.04848,359.0888,Head
12/22/2016 2:43:12 PM:939,-0.06904393,1.58317,0.1308308,357.5147,97.07882,358.9574,Head
12/22/2016 2:43:12 PM:996,-0.06925112,1.583176,0.1314921,357.4798,96.95448,358.9907,Head
12/22/2016 2:43:13 PM:34,-0.06965537,1.583141,0.1320252,357.4173,96.79006,359.0046,Head
12/22/2016 2:43:13 PM:73,-0.07011962,1.583286,0.133253,357.2949,96.34908,359.0311,Head
12/22/2016 2:43:13 PM:135,-0.0705778,1.583739,0.134654,357.0534,95.63521,359.2361,Head
12/22/2016 2:43:13 PM:190,-0.07109195,1.583679,0.1351772,357.1208,95.28271,359.269,Head
12/22/2016 2:43:13 PM:237,-0.07193498,1.583624,0.1364246,357.0203,94.73391,359.3449,Head
12/22/2016 2:43:13 PM:295,-0.07276458,1.583658,0.1375867,356.9661,94.08551,359.1982,Head
12/22/2016 2:43:13 PM:363,-0.07329716,1.584001,0.1389785,356.7002,93.40236,359.1831,Head
12/22/2016 2:43:13 PM:424,-0.07307668,1.584387,0.139778,356.4406,93.12496,359.159,Head
12/22/2016 2:43:13 PM:468,-0.07291448,1.584953,0.1407264,356.1121,92.59284,359.1437,Head
12/22/2016 2:43:13 PM:527,-0.07236579,1.584852,0.1409482,356.1204,92.27002,359.2447,Head
12/22/2016 2:43:13 PM:594,-0.07168085,1.584866,0.1407564,356.211,92.2817,359.1849,Head
12/22/2016 2:43:13 PM:645,-0.07137845,1.584922,0.1405934,356.1689,92.39931,359.1154,Head
12/22/2016 2:43:13 PM:684,-0.07093737,1.58486,0.1403511,356.2202,92.64385,359.09,Head
12/22/2016 2:43:13 PM:738,-0.07068773,1.58483,0.1398605,356.2218,92.8383,359.022,Head
12/22/2016 2:43:13 PM:801,-0.07074098,1.584801,0.1396279,356.1696,92.79818,358.9807,Head
12/22/2016 2:43:13 PM:845,-0.07034327,1.58477,0.1396369,356.1473,92.76955,358.9158,Head
12/22/2016 2:43:13 PM:894,-0.07001019,1.584726,0.1393084,356.194,92.74064,358.9342,Head
12/22/2016 2:43:13 PM:958,-0.06987219,1.584788,0.1393309,356.1579,92.70544,358.8304,Head
12/22/2016 2:43:14 PM:1,-0.06965042,1.584821,0.1389922,356.0916,92.69076,358.7541,Head
12/22/2016 2:43:14 PM:62,-0.06927685,1.584689,0.1385949,356.1486,92.61417,358.6408,Head
12/22/2016 2:43:14 PM:124,-0.06879547,1.58456,0.1383449,356.179,92.57884,358.5614,Head
12/22/2016 2:43:14 PM:162,-0.06849109,1.584645,0.1381833,356.1688,92.53632,358.5936,Head
12/22/2016 2:43:14 PM:219,-0.06735782,1.584576,0.1376138,356.1448,92.35439,358.5444,Head
12/22/2016 2:43:14 PM:285,-0.0662664,1.584398,0.1372609,356.2744,92.46669,358.5339,Head
12/22/2016 2:43:14 PM:336,-0.06576762,1.584374,0.1369077,356.3334,92.57492,358.5123,Head
12/22/2016 2:43:14 PM:373,-0.06515931,1.584329,0.1366959,356.3672,92.65101,358.4822,Head
12/22/2016 2:43:14 PM:414,-0.06420554,1.58414,0.1363722,356.466,92.73132,358.4395,Head
12/22/2016 2:43:14 PM:478,-0.06254239,1.583774,0.136255,356.6241,92.67777,358.4454,Head
12/22/2016 2:43:14 PM:527,-0.06169302,1.583512,0.1360216,356.7437,92.71883,358.4229,Head
12/22/2016 2:43:14 PM:566,-0.06087033,1.583543,0.1359965,356.8188,92.8177,358.3875,Head
12/22/2016 2:43:14 PM:621,-0.0589384,1.583464,0.1356335,356.9774,92.95405,358.3188,Head
12/22/2016 2:43:14 PM:687,-0.05745551,1.583497,0.1355947,357.0768,93.01221,358.3234,Head
12/22/2016 2:43:14 PM:740,-0.05679448,1.583528,0.1355495,357.1294,92.98583,358.3845,Head
12/22/2016 2:43:14 PM:783,-0.05590206,1.58327,0.1355012,357.2004,92.89547,358.4023,Head
12/22/2016 2:43:14 PM:844,-0.05499404,1.583217,0.1354368,357.3354,92.75842,358.4507,Head
12/22/2016 2:43:14 PM:907,-0.05466441,1.583116,0.1351817,357.3406,92.6785,358.4283,Head
12/22/2016 2:43:14 PM:951,-0.05421488,1.583097,0.1350278,357.3967,92.62479,358.3933,Head
12/22/2016 2:43:15 PM:0,-0.05390723,1.58295,0.1348729,357.479,92.55208,358.4024,Head
12/22/2016 2:43:15 PM:62,-0.05397141,1.582915,0.1347908,357.4449,92.47232,358.4445,Head
12/22/2016 2:43:15 PM:108,-0.05398759,1.583033,0.1350556,357.4412,92.40721,358.4985,Head
12/22/2016 2:43:15 PM:157,-0.05386937,1.583039,0.1352039,357.4481,92.25419,358.585,Head
12/22/2016 2:43:15 PM:224,-0.05351498,1.582884,0.1357718,357.5313,92.14549,358.6449,Head
12/22/2016 2:43:15 PM:286,-0.05366792,1.582614,0.136091,357.6604,92.08316,358.6819,Head
12/22/2016 2:43:15 PM:325,-0.05350573,1.58268,0.1364047,357.6635,92.068,358.6475,Head
12/22/2016 2:43:15 PM:380,-0.05327411,1.582841,0.1366529,357.713,92.15953,358.7274,Head
12/22/2016 2:43:15 PM:447,-0.0530012,1.582816,0.1372816,357.7129,92.07749,358.7945,Head
12/22/2016 2:43:15 PM:499,-0.05297217,1.582852,0.1374545,357.7245,92.0069,358.8216,Head
12/22/2016 2:43:15 PM:538,-0.05308032,1.58287,0.1375862,357.7463,91.93584,358.8828,Head
12/22/2016 2:43:15 PM:593,-0.05318245,1.5829,0.1377366,357.7315,91.88216,358.8985,Head
12/22/2016 2:43:15 PM:655,-0.05321247,1.582904,0.1376815,357.7146,91.94542,358.8506,Head
12/22/2016 2:43:15 PM:695,-0.05306017,1.582715,0.1375762,357.7303,92.03728,358.7914,Head
12/22/2016 2:43:15 PM:752,-0.05294363,1.582807,0.1375498,357.7531,92.18041,358.7287,Head
12/22/2016 2:43:15 PM:816,-0.05321156,1.582917,0.1377849,357.747,92.27299,358.7425,Head
12/22/2016 2:43:15 PM:866,-0.05308536,1.583039,0.1379899,357.6931,92.29552,358.7797,Head
12/22/2016 2:43:15 PM:906,-0.05289754,1.583239,0.1382366,357.6322,92.2739,358.7837,Head
12/22/2016 2:43:15 PM:961,-0.05280026,1.583153,0.1387239,357.6421,92.143,358.7804,Head
12/22/2016 2:43:16 PM:28,-0.05287368,1.582982,0.1387616,357.688,92.2641,358.7746,Head
12/22/2016 2:43:16 PM:81,-0.05291614,1.583114,0.1387362,357.7066,92.34773,358.7838,Head
12/22/2016 2:43:16 PM:132,-0.05311802,1.583047,0.1388787,357.715,92.40559,358.7525,Head
12/22/2016 2:43:16 PM:185,-0.05305031,1.583059,0.1389829,357.7571,92.42405,358.7739,Head
12/22/2016 2:43:16 PM:252,-0.05343641,1.583082,0.1392823,357.722,92.46722,358.7933,Head
12/22/2016 2:43:16 PM:302,-0.05365592,1.583232,0.1394781,357.6893,92.50704,358.8067,Head
12/22/2016 2:43:16 PM:340,-0.05396908,1.583254,0.1397436,357.6756,92.54646,358.8129,Head
12/22/2016 2:43:16 PM:402,-0.05423114,1.583242,0.1404918,357.665,92.59409,358.8775,Head
12/22/2016 2:43:16 PM:464,-0.05469456,1.583337,0.141309,357.6037,92.58423,359.0005,Head
12/22/2016 2:43:16 PM:515,-0.05506013,1.583329,0.1417128,357.606,92.65977,359.1239,Head
12/22/2016 2:43:16 PM:553,-0.05514737,1.583188,0.1420649,357.5785,92.63657,359.2074,Head
12/22/2016 2:43:16 PM:609,-0.05527679,1.582819,0.1429133,357.8223,92.86308,359.1091,Head
12/22/2016 2:43:16 PM:676,-0.05534909,1.582864,0.1430219,357.9498,93.66184,359.0324,Head
12/22/2016 2:43:16 PM:726,-0.05524184,1.582977,0.1430348,357.9547,93.95057,358.9721,Head
12/22/2016 2:43:16 PM:765,-0.05504129,1.58318,0.143226,357.9601,94.11103,358.9134,Head
12/22/2016 2:43:16 PM:821,-0.05452855,1.582994,0.1439566,358.0741,94.3569,358.8491,Head
12/22/2016 2:43:16 PM:888,-0.05468928,1.582371,0.144492,358.3848,94.71819,359.0527,Head
12/22/2016 2:43:16 PM:939,-0.05489548,1.582383,0.144845,358.4346,94.85615,359.1575,Head
12/22/2016 2:43:16 PM:978,-0.05485623,1.582386,0.1450352,358.3935,94.92418,359.1484,Head
12/22/2016 2:43:17 PM:37,-0.05504052,1.582801,0.1456865,358.257,94.9523,359.05,Head
12/22/2016 2:43:17 PM:100,-0.05460829,1.582986,0.1464348,358.1451,94.74857,359.078,Head
12/22/2016 2:43:17 PM:150,-0.05414379,1.582736,0.1467994,358.2314,94.53716,359.1859,Head
12/22/2016 2:43:17 PM:189,-0.05371505,1.58242,0.1468029,358.4641,94.41593,359.2388,Head
12/22/2016 2:43:17 PM:245,-0.05293345,1.582134,0.1461779,358.766,94.46621,359.3211,Head
12/22/2016 2:43:17 PM:339,-0.05337869,1.582113,0.1457154,358.6554,94.34483,359.2827,Head
12/22/2016 2:43:17 PM:394,-0.0547726,1.581823,0.1447953,358.8564,94.78326,359.1294,Head
12/22/2016 2:43:17 PM:457,-0.05687809,1.581875,0.1438022,358.6729,95.22831,359.0693,Head
12/22/2016 2:43:17 PM:508,-0.05795589,1.582285,0.1427485,358.416,95.73589,359.4264,Head
12/22/2016 2:43:17 PM:547,-0.05919728,1.582465,0.1405557,358.1562,96.9542,359.9937,Head
12/22/2016 2:43:17 PM:603,-0.06008865,1.582886,0.1346796,357.6037,98.51873,1.073395,Head
12/22/2016 2:43:17 PM:670,-0.05912888,1.584339,0.1291982,356.8217,98.69688,0.5940348,Head
12/22/2016 2:43:17 PM:726,-0.0587381,1.584372,0.1269662,356.7133,98.72957,0.26441,Head
12/22/2016 2:43:17 PM:767,-0.0591783,1.583627,0.1239347,357.1206,98.85753,0.1643477,Head
12/22/2016 2:43:17 PM:826,-0.05970294,1.583056,0.1215126,357.3878,99.11086,359.4547,Head
12/22/2016 2:43:17 PM:893,-0.06068169,1.582099,0.1199576,358.0208,99.73592,358.884,Head
12/22/2016 2:43:17 PM:949,-0.06082813,1.581723,0.1197342,358.2353,99.99316,358.8535,Head
12/22/2016 2:43:17 PM:989,-0.06191703,1.581261,0.1193479,358.5375,100.1186,358.706,Head
12/22/2016 2:43:18 PM:50,-0.06270757,1.581239,0.1198862,358.6882,99.73356,358.6197,Head
12/22/2016 2:43:18 PM:101,-0.06320018,1.581369,0.1203521,358.6952,99.59821,358.6616,Head
12/22/2016 2:43:18 PM:147,-0.06369482,1.581372,0.1210682,358.7361,99.41792,358.7849,Head
12/22/2016 2:43:18 PM:206,-0.06482226,1.581282,0.1222348,358.8451,99.10488,359.0388,Head
12/22/2016 2:43:18 PM:274,-0.06588221,1.581179,0.1231297,358.8066,98.98561,359.2967,Head
12/22/2016 2:43:18 PM:324,-0.06673907,1.581242,0.1238339,358.7416,98.94762,359.4382,Head
12/22/2016 2:43:18 PM:370,-0.06757149,1.581254,0.1244246,358.7279,98.90215,359.5125,Head
12/22/2016 2:43:18 PM:434,-0.06977069,1.581527,0.1258071,358.6018,98.82947,359.431,Head
12/22/2016 2:43:18 PM:485,-0.07107314,1.582238,0.127616,357.9436,98.36992,359.3493,Head
12/22/2016 2:43:18 PM:554,-0.07152403,1.582195,0.1294215,358.0088,97.68699,359.5359,Head
12/22/2016 2:43:18 PM:603,-0.07170497,1.582039,0.1304037,358.1549,97.51062,359.6793,Head
12/22/2016 2:43:18 PM:662,-0.07188685,1.581558,0.1315047,358.3437,97.33022,359.8737,Head
12/22/2016 2:43:18 PM:733,-0.07234742,1.581588,0.1335133,358.3253,96.94629,359.7672,Head
12/22/2016 2:43:18 PM:789,-0.07280374,1.582387,0.1343118,357.9254,96.36281,358.894,Head
12/22/2016 2:43:18 PM:854,-0.07258119,1.583282,0.1340892,357.3479,95.67094,358.846,Head
12/22/2016 2:43:18 PM:912,-0.07218592,1.583691,0.1336917,357.2587,95.33148,358.9085,Head
12/22/2016 2:43:18 PM:951,-0.07125404,1.584109,0.1329232,357.0545,94.68922,358.9485,Head
12/22/2016 2:43:19 PM:10,-0.06958659,1.584622,0.1321251,356.6895,94.20706,358.6063,Head
12/22/2016 2:43:19 PM:82,-0.06869155,1.584419,0.1308325,356.8903,94.62631,358.5135,Head
12/22/2016 2:43:19 PM:149,-0.0687774,1.583825,0.1300417,357.2257,95.27831,358.6102,Head
12/22/2016 2:43:19 PM:195,-0.06867705,1.583113,0.1286358,357.6407,96.18411,358.1591,Head
12/22/2016 2:43:19 PM:256,-0.06861623,1.582309,0.1280639,358.2346,97.10121,357.8738,Head
12/22/2016 2:43:19 PM:319,-0.06825021,1.581719,0.1282043,358.6533,97.54148,358.0809,Head
12/22/2016 2:43:19 PM:356,-0.06806891,1.58133,0.1286284,359.0017,97.77518,358.4183,Head
12/22/2016 2:43:19 PM:423,-0.0680154,1.581694,0.1300824,358.7751,97.2865,358.8511,Head
12/22/2016 2:43:19 PM:489,-0.06770681,1.582156,0.131275,358.4187,96.83282,358.9339,Head
12/22/2016 2:43:19 PM:531,-0.06710479,1.5825,0.1321973,358.2257,96.40524,359.0547,Head
12/22/2016 2:43:19 PM:592,-0.06628823,1.582262,0.1334714,358.319,96.31433,359.2085,Head
12/22/2016 2:43:19 PM:645,-0.06610408,1.582108,0.1339878,358.3675,96.48515,359.3796,Head
12/22/2016 2:43:19 PM:686,-0.06581682,1.582042,0.1351036,358.2472,96.6836,359.5765,Head
12/22/2016 2:43:19 PM:752,-0.06575602,1.582656,0.1364117,357.8752,96.66219,359.65,Head
12/22/2016 2:43:19 PM:798,-0.06576242,1.582565,0.1370775,357.8318,96.64993,359.6307,Head
12/22/2016 2:43:19 PM:835,-0.06567867,1.582692,0.1376184,357.8152,96.67784,359.6376,Head
12/22/2016 2:43:19 PM:877,-0.0653265,1.582737,0.1383766,357.7287,96.72015,359.7554,Head
12/22/2016 2:43:19 PM:937,-0.0645667,1.582698,0.139062,357.609,96.87061,359.7895,Head
12/22/2016 2:43:19 PM:988,-0.06392809,1.582641,0.1391794,357.5871,97.06253,359.7905,Head
12/22/2016 2:43:20 PM:26,-0.06354287,1.582781,0.1391215,357.5457,97.32307,359.7992,Head
12/22/2016 2:43:20 PM:83,-0.06293477,1.582973,0.1388541,357.4545,97.81599,359.7398,Head
12/22/2016 2:43:20 PM:150,-0.06228052,1.582999,0.1387502,357.4668,98.11044,359.6697,Head
12/22/2016 2:43:20 PM:202,-0.06188206,1.582753,0.1388879,357.5976,98.18369,359.7086,Head
12/22/2016 2:43:20 PM:254,-0.06103358,1.582616,0.1389582,357.7776,98.21976,359.6957,Head
12/22/2016 2:43:20 PM:310,-0.06039286,1.582445,0.1391168,357.8471,98.01514,359.6754,Head
12/22/2016 2:43:20 PM:376,-0.05966017,1.582458,0.1390482,357.8214,97.70906,359.5751,Head
12/22/2016 2:43:20 PM:434,-0.05930924,1.582423,0.1388271,357.8649,97.69318,359.5859,Head
12/22/2016 2:43:20 PM:474,-0.05918416,1.582296,0.1386559,357.89,97.70457,359.582,Head
12/22/2016 2:43:20 PM:519,-0.05877493,1.582036,0.1384374,358.0235,97.65399,359.5438,Head
12/22/2016 2:43:20 PM:574,-0.05855019,1.582,0.138173,358.1436,97.57149,359.4729,Head
12/22/2016 2:43:20 PM:646,-0.05820544,1.581875,0.1378697,358.222,97.60365,359.409,Head
12/22/2016 2:43:20 PM:692,-0.05844971,1.581793,0.1379613,358.2428,97.61175,359.4245,Head
12/22/2016 2:43:20 PM:738,-0.05846184,1.581713,0.137962,358.3343,97.60567,359.3864,Head
12/22/2016 2:43:20 PM:797,-0.05810286,1.58164,0.1379496,358.4518,97.55889,359.3718,Head
12/22/2016 2:43:20 PM:864,-0.05826975,1.58146,0.1381837,358.5842,97.60538,359.4389,Head
12/22/2016 2:43:20 PM:917,-0.05866849,1.581354,0.1382535,358.5989,97.66021,359.472,Head
12/22/2016 2:43:20 PM:966,-0.05935209,1.581398,0.1386234,358.6209,97.62827,359.4955,Head
12/22/2016 2:43:21 PM:27,-0.0599435,1.581448,0.1389935,358.5776,97.5683,359.5162,Head
12/22/2016 2:43:21 PM:88,-0.06015527,1.581354,0.1392576,358.6591,97.47017,359.5579,Head
12/22/2016 2:43:21 PM:150,-0.06050443,1.581353,0.1394402,358.6484,97.40169,359.5828,Head
12/22/2016 2:43:21 PM:191,-0.06080454,1.58132,0.1398194,358.6799,97.25202,359.5922,Head
12/22/2016 2:43:21 PM:259,-0.06135708,1.581321,0.1397279,358.649,97.27839,359.6093,Head
12/22/2016 2:43:21 PM:319,-0.06193596,1.581357,0.1397928,358.6179,97.28004,359.5233,Head
12/22/2016 2:43:21 PM:365,-0.06253606,1.581452,0.1397163,358.624,97.2594,359.5016,Head
12/22/2016 2:43:21 PM:423,-0.06313872,1.581481,0.1395977,358.6753,97.33512,359.3993,Head
12/22/2016 2:43:21 PM:492,-0.06425488,1.58152,0.1395834,358.6501,97.36975,359.3383,Head
12/22/2016 2:43:21 PM:542,-0.0645752,1.581528,0.1395369,358.6106,97.309,359.2786,Head
12/22/2016 2:43:21 PM:585,-0.06533753,1.581565,0.1395478,358.5771,97.22726,359.2502,Head
12/22/2016 2:43:21 PM:647,-0.06619953,1.581676,0.1397409,358.5043,97.15795,359.2545,Head
12/22/2016 2:43:21 PM:708,-0.06643164,1.581719,0.1396311,358.4936,97.17376,359.2238,Head
12/22/2016 2:43:21 PM:748,-0.06666096,1.581747,0.1394906,358.4778,97.22991,359.1799,Head
12/22/2016 2:43:21 PM:806,-0.06682979,1.581548,0.1389806,358.5751,97.37743,359.1143,Head
12/22/2016 2:43:21 PM:874,-0.06717883,1.581632,0.1387014,358.6159,97.46284,359.0346,Head
12/22/2016 2:43:21 PM:936,-0.06754199,1.58156,0.138782,358.6419,97.48738,359.0042,Head
12/22/2016 2:43:21 PM:978,-0.06748484,1.581526,0.1385914,358.6845,97.56898,359.0284,Head
12/22/2016 2:43:22 PM:37,-0.06746189,1.58133,0.1385668,358.7493,97.65713,358.9969,Head
12/22/2016 2:43:22 PM:89,-0.06738389,1.581442,0.1386127,358.7753,97.6764,359.0012,Head
12/22/2016 2:43:22 PM:134,-0.0675378,1.581452,0.1387919,358.774,97.71318,359.0328,Head
12/22/2016 2:43:22 PM:193,-0.06796789,1.581184,0.1390382,358.7917,97.71637,359.1244,Head
12/22/2016 2:43:22 PM:260,-0.06820051,1.58133,0.1394609,358.7878,97.72452,359.1966,Head
12/22/2016 2:43:22 PM:312,-0.06822122,1.581426,0.1395121,358.7362,97.6767,359.2017,Head
12/22/2016 2:43:22 PM:357,-0.06819016,1.58141,0.1398275,358.691,97.63673,359.1786,Head
12/22/2016 2:43:22 PM:417,-0.06815015,1.581387,0.1400031,358.6807,97.70877,359.2655,Head
12/22/2016 2:43:22 PM:480,-0.06813239,1.581245,0.1402511,358.7091,97.73061,359.3108,Head
12/22/2016 2:43:22 PM:526,-0.06818306,1.581169,0.1405362,358.6867,97.67538,359.3575,Head
12/22/2016 2:43:22 PM:586,-0.06780331,1.58141,0.1409687,358.6385,97.59722,359.3936,Head
12/22/2016 2:43:22 PM:652,-0.06774941,1.581572,0.1410943,358.6384,97.66619,359.5127,Head
12/22/2016 2:43:22 PM:711,-0.06766334,1.5816,0.1411687,358.6406,97.70749,359.5091,Head
12/22/2016 2:43:22 PM:751,-0.06772444,1.581375,0.1413346,358.6411,97.80049,359.5457,Head
12/22/2016 2:43:22 PM:808,-0.06766815,1.581415,0.1418111,358.6323,97.79263,359.5853,Head
12/22/2016 2:43:22 PM:874,-0.06795967,1.581494,0.1423696,358.6443,97.80997,359.6939,Head
12/22/2016 2:43:22 PM:926,-0.0681058,1.581505,0.1427413,358.5917,97.80818,359.7257,Head
12/22/2016 2:43:22 PM:967,-0.06831163,1.581609,0.1430076,358.5389,97.78277,359.7259,Head
12/22/2016 2:43:23 PM:25,-0.06933667,1.581457,0.1436401,358.49,97.84529,359.7821,Head
12/22/2016 2:43:23 PM:86,-0.06937633,1.581442,0.1445545,358.4709,97.8791,359.8511,Head
12/22/2016 2:43:23 PM:143,-0.06936739,1.581479,0.1449061,358.4744,97.87651,359.9002,Head
12/22/2016 2:43:23 PM:183,-0.06966899,1.581481,0.1456777,358.4003,97.90849,359.9624,Head
12/22/2016 2:43:23 PM:244,-0.06980261,1.581728,0.1464949,358.347,97.98038,0.090734,Head
12/22/2016 2:43:23 PM:295,-0.06995953,1.581596,0.1470398,358.3435,98.01118,0.112884,Head
12/22/2016 2:43:23 PM:334,-0.06989793,1.581576,0.1477137,358.3267,98.04915,0.133046,Head
12/22/2016 2:43:23 PM:389,-0.06982574,1.581782,0.1489143,358.3136,98.14228,0.3486181,Head
12/22/2016 2:43:23 PM:461,-0.0695548,1.581636,0.1500182,358.3392,98.05952,0.4843084,Head
12/22/2016 2:43:23 PM:508,-0.06958519,1.581551,0.1506168,358.3513,98.05241,0.5755939,Head
12/22/2016 2:43:23 PM:554,-0.06963503,1.581575,0.1514782,358.3447,98.03107,0.7087337,Head
12/22/2016 2:43:23 PM:612,-0.06952208,1.581528,0.1523091,358.3191,97.95204,0.743163,Head
12/22/2016 2:43:23 PM:678,-0.06963941,1.58155,0.1530856,358.3622,97.99303,0.8120565,Head
12/22/2016 2:43:23 PM:734,-0.06970137,1.581575,0.1533295,358.3706,98.022,0.8454688,Head
12/22/2016 2:43:23 PM:782,-0.06985417,1.581372,0.1537605,358.39,97.9938,0.9140237,Head
12/22/2016 2:43:23 PM:835,-0.07018624,1.581482,0.1540019,358.3278,97.97568,0.8940838,Head
12/22/2016 2:43:23 PM:902,-0.07033062,1.581465,0.1536325,358.3647,98.04517,0.8680873,Head
12/22/2016 2:43:23 PM:954,-0.07028161,1.581415,0.153387,358.3771,98.10952,0.7933248,Head
12/22/2016 2:43:23 PM:994,-0.07028756,1.581412,0.1531806,358.3876,98.17627,0.7614089,Head
12/22/2016 2:43:24 PM:48,-0.07040863,1.581258,0.1526632,358.4254,98.3309,0.7493073,Head
12/22/2016 2:43:24 PM:115,-0.07026643,1.581277,0.152192,358.4696,98.35413,0.6874807,Head
12/22/2016 2:43:24 PM:165,-0.07030207,1.581381,0.1519104,358.5207,98.37272,0.6782551,Head
12/22/2016 2:43:24 PM:208,-0.07022133,1.581345,0.1516288,358.5376,98.39839,0.6462452,Head
12/22/2016 2:43:24 PM:260,-0.0704115,1.581377,0.1508169,358.5712,98.47475,0.5200776,Head
12/22/2016 2:43:24 PM:327,-0.07094883,1.581213,0.1500728,358.6118,98.56297,0.4090707,Head
12/22/2016 2:43:24 PM:389,-0.07125829,1.581295,0.1496731,358.6142,98.62449,0.340394,Head
12/22/2016 2:43:24 PM:428,-0.07145657,1.581337,0.1494188,358.644,98.63749,0.3171214,Head
12/22/2016 2:43:24 PM:483,-0.07240658,1.581296,0.1490047,358.6176,98.64185,0.2688993,Head
12/22/2016 2:43:24 PM:552,-0.0731238,1.581382,0.1485518,358.5451,98.66483,0.2430952,Head
12/22/2016 2:43:24 PM:601,-0.07299651,1.581296,0.1483411,358.4821,98.519,0.1534026,Head
12/22/2016 2:43:24 PM:651,-0.07302858,1.581243,0.1477218,358.6197,98.35328,359.9796,Head
12/22/2016 2:43:24 PM:707,-0.0731938,1.58073,0.1459065,358.8759,98.57629,359.9043,Head
12/22/2016 2:43:24 PM:773,-0.07332297,1.580732,0.1438176,359.0912,99.18065,359.6988,Head
12/22/2016 2:43:24 PM:833,-0.07355531,1.580728,0.1428633,359.1226,99.54482,359.5868,Head
12/22/2016 2:43:24 PM:873,-0.07457341,1.580568,0.141728,359.2125,100.0956,359.4059,Head
12/22/2016 2:43:24 PM:931,-0.07676169,1.580454,0.1411853,359.2078,100.4913,359.3121,Head
12/22/2016 2:43:25 PM:2,-0.0788143,1.581285,0.1418013,358.6703,100.2636,359.1544,Head
12/22/2016 2:43:25 PM:62,-0.07955585,1.58187,0.1421261,358.3561,99.90394,359.1368,Head
12/22/2016 2:43:25 PM:107,-0.08179736,1.582003,0.1430351,358.1404,99.45594,359.3415,Head
12/22/2016 2:43:25 PM:171,-0.08443948,1.582365,0.1437136,357.8398,99.49323,359.5163,Head
12/22/2016 2:43:25 PM:231,-0.0873401,1.582986,0.1444845,357.2586,99.35949,359.5794,Head
12/22/2016 2:43:25 PM:283,-0.08814855,1.583611,0.1447671,356.8666,99.16342,359.4717,Head
12/22/2016 2:43:25 PM:328,-0.089744,1.584274,0.1442752,356.4294,99.31947,359.8229,Head
12/22/2016 2:43:25 PM:388,-0.09088778,1.584771,0.1430348,356.0509,99.80154,0.6239285,Head
12/22/2016 2:43:25 PM:449,-0.09172627,1.584986,0.1421187,355.9156,99.47945,0.9312644,Head
12/22/2016 2:43:25 PM:491,-0.09207132,1.585447,0.1417061,355.5062,99.17839,0.8751841,Head
12/22/2016 2:43:25 PM:544,-0.09180965,1.586751,0.1413093,354.6897,98.56712,0.1206196,Head
12/22/2016 2:43:25 PM:614,-0.09153259,1.586211,0.1411673,355.1437,98.53475,0.4035713,Head
12/22/2016 2:43:25 PM:689,-0.0914136,1.585808,0.1412036,355.3767,98.44793,0.4775878,Head
12/22/2016 2:43:25 PM:740,-0.0907005,1.58544,0.1405279,355.6887,98.24255,0.02380119,Head
12/22/2016 2:43:25 PM:796,-0.08962736,1.58526,0.1395552,355.8948,98.34704,359.8128,Head
12/22/2016 2:43:25 PM:866,-0.08870348,1.584962,0.1385128,356.1076,98.60804,359.7354,Head
12/22/2016 2:43:25 PM:935,-0.08690029,1.585169,0.137707,356.0519,98.70506,359.6935,Head
12/22/2016 2:43:25 PM:993,-0.08521876,1.584731,0.1375017,356.334,98.81986,359.5564,Head
12/22/2016 2:43:26 PM:57,-0.08393945,1.58438,0.1374535,356.5395,98.91853,359.7932,Head
12/22/2016 2:43:26 PM:116,-0.08375234,1.584336,0.1376435,356.544,98.93088,359.8528,Head
12/22/2016 2:43:26 PM:156,-0.08382145,1.584336,0.1377822,356.4679,98.95479,359.9158,Head
12/22/2016 2:43:26 PM:215,-0.08373024,1.584773,0.1378517,356.1227,98.82127,359.8945,Head
12/22/2016 2:43:26 PM:281,-0.0847055,1.584835,0.1382841,355.9651,98.91985,359.7837,Head
12/22/2016 2:43:26 PM:340,-0.08534389,1.585093,0.1387493,355.8768,99.09245,359.7764,Head
12/22/2016 2:43:26 PM:385,-0.08627395,1.585486,0.1396013,355.627,99.10987,359.7327,Head
12/22/2016 2:43:26 PM:440,-0.08630092,1.585988,0.1405781,355.3156,98.71564,359.7466,Head
12/22/2016 2:43:26 PM:505,-0.08621341,1.58584,0.1407558,355.3587,98.42043,359.8581,Head
12/22/2016 2:43:26 PM:556,-0.08621294,1.585606,0.1403319,355.4972,98.24366,359.8817,Head
12/22/2016 2:43:26 PM:601,-0.08632583,1.585437,0.139773,355.5658,97.97369,359.9429,Head
12/22/2016 2:43:26 PM:662,-0.08521274,1.586298,0.1385585,354.9633,97.64119,359.4981,Head
12/22/2016 2:43:26 PM:734,-0.08361604,1.586093,0.1375082,355.1256,98.03185,359.1303,Head
12/22/2016 2:43:26 PM:791,-0.08306443,1.585113,0.1369174,355.7977,98.73608,359.3921,Head
12/22/2016 2:43:26 PM:831,-0.08227712,1.584445,0.1364769,356.2728,99.21495,359.2937,Head
12/22/2016 2:43:26 PM:922,-0.08126739,1.584619,0.1357074,356.2114,99.54959,358.9926,Head
12/22/2016 2:43:26 PM:983,-0.08044159,1.584611,0.1344369,356.3491,100.0499,358.9645,Head
12/22/2016 2:43:27 PM:41,-0.07972077,1.584363,0.1333225,356.4962,100.1554,358.9075,Head
12/22/2016 2:43:27 PM:110,-0.07923747,1.584136,0.1322319,356.7523,100.5333,358.7094,Head
12/22/2016 2:43:27 PM:164,-0.07925047,1.58418,0.1317749,356.7402,100.6806,358.5984,Head
12/22/2016 2:43:27 PM:248,-0.0790181,1.584223,0.1315567,356.7169,100.7942,358.4288,Head
12/22/2016 2:43:27 PM:297,-0.07889523,1.583985,0.1322592,356.837,100.665,358.598,Head
12/22/2016 2:43:27 PM:364,-0.07932822,1.584097,0.1333193,356.7262,100.3255,358.7983,Head
12/22/2016 2:43:27 PM:418,-0.07956934,1.584241,0.1340665,356.5428,100.0471,358.8145,Head
12/22/2016 2:43:27 PM:461,-0.08043839,1.584652,0.1353095,356.2252,99.61565,358.8224,Head
12/22/2016 2:43:27 PM:524,-0.081643,1.584851,0.1363585,356.077,99.52642,358.9404,Head
12/22/2016 2:43:27 PM:573,-0.08216011,1.585186,0.1366307,355.9125,99.61783,358.931,Head
12/22/2016 2:43:27 PM:620,-0.08293311,1.585259,0.1369489,355.7632,99.77548,358.8623,Head
12/22/2016 2:43:27 PM:706,-0.08403201,1.58547,0.1370859,355.6258,99.94979,358.7168,Head
12/22/2016 2:43:27 PM:758,-0.08483557,1.585958,0.1366304,355.3532,100.2283,358.6379,Head
12/22/2016 2:43:27 PM:822,-0.08520171,1.586287,0.135909,355.1634,100.1269,358.3585,Head
12/22/2016 2:43:27 PM:876,-0.08557896,1.586149,0.1352967,355.2564,100.2975,358.3132,Head
12/22/2016 2:43:27 PM:919,-0.08564508,1.586157,0.134482,355.1867,100.2482,358.1646,Head
12/22/2016 2:43:27 PM:979,-0.08504023,1.586101,0.133323,355.2629,100.1595,357.7999,Head
12/22/2016 2:43:28 PM:35,-0.08480179,1.585835,0.1326252,355.4088,100.3589,357.8626,Head
12/22/2016 2:43:28 PM:81,-0.08484016,1.585432,0.131554,355.6766,100.7163,357.983,Head
12/22/2016 2:43:28 PM:135,-0.08498141,1.585404,0.1304343,355.6787,100.7883,357.8335,Head
12/22/2016 2:43:28 PM:210,-0.08503644,1.585741,0.129644,355.5567,100.7204,357.7215,Head
12/22/2016 2:43:28 PM:253,-0.08523079,1.585602,0.1294387,355.6015,100.7331,357.7534,Head
12/22/2016 2:43:28 PM:292,-0.08531105,1.585518,0.1294379,355.6805,100.7716,357.801,Head
12/22/2016 2:43:28 PM:348,-0.08543122,1.585184,0.1296866,355.7899,100.8434,357.9596,Head
12/22/2016 2:43:28 PM:415,-0.08614923,1.585338,0.1305493,355.6146,100.7667,358.1106,Head
12/22/2016 2:43:28 PM:466,-0.08648492,1.585467,0.1309563,355.4735,100.5852,358.1247,Head
12/22/2016 2:43:28 PM:508,-0.08674846,1.585552,0.1314953,355.365,100.4008,358.1612,Head
12/22/2016 2:43:28 PM:560,-0.08640037,1.585758,0.1320077,355.3155,100.1791,358.3322,Head
12/22/2016 2:43:28 PM:627,-0.08591262,1.58565,0.1323603,355.3503,99.93771,358.3223,Head
12/22/2016 2:43:28 PM:689,-0.08524574,1.585448,0.132602,355.4474,99.951,358.4012,Head
12/22/2016 2:43:28 PM:728,-0.08486024,1.585375,0.1325263,355.4877,99.98447,358.4724,Head
12/22/2016 2:43:28 PM:783,-0.08380137,1.585267,0.1325489,355.6043,100.1049,358.4806,Head
12/22/2016 2:43:28 PM:850,-0.0831791,1.585316,0.1324641,355.6083,100.2617,358.4458,Head
12/22/2016 2:43:28 PM:901,-0.08278715,1.585425,0.1325785,355.6555,100.3375,358.4114,Head
12/22/2016 2:43:28 PM:942,-0.0826359,1.585249,0.1327245,355.7221,100.4226,358.4117,Head
12/22/2016 2:43:28 PM:998,-0.08165612,1.585072,0.1329982,355.8434,100.5187,358.4651,Head
12/22/2016 2:43:29 PM:63,-0.08040841,1.585041,0.1333086,355.9011,100.3969,358.5612,Head
12/22/2016 2:43:29 PM:123,-0.07976797,1.585049,0.1334359,355.8911,100.3024,358.6086,Head
12/22/2016 2:43:29 PM:167,-0.07907292,1.584904,0.1337513,355.9155,100.2212,358.6875,Head
12/22/2016 2:43:29 PM:219,-0.07769907,1.584901,0.1338798,356.0093,100.1877,358.7387,Head
12/22/2016 2:43:29 PM:324,-0.07647631,1.584686,0.1339907,356.0827,100.188,358.6787,Head
12/22/2016 2:43:29 PM:406,-0.07524732,1.584466,0.1339462,356.2498,100.177,358.7363,Head
12/22/2016 2:43:29 PM:510,-0.07389845,1.584277,0.1339718,356.2989,100.1303,358.798,Head
12/22/2016 2:43:29 PM:576,-0.07328379,1.584282,0.1335872,356.3814,100.1549,358.7167,Head
12/22/2016 2:43:29 PM:638,-0.07301092,1.584289,0.1333876,356.453,100.198,358.7186,Head
12/22/2016 2:43:29 PM:692,-0.07246354,1.58411,0.1332182,356.5143,100.2184,358.7391,Head
12/22/2016 2:43:29 PM:745,-0.07189615,1.583974,0.1330592,356.5753,100.1812,358.7727,Head
12/22/2016 2:43:29 PM:819,-0.07164121,1.584037,0.1330288,356.6197,100.1304,358.7663,Head
12/22/2016 2:43:29 PM:884,-0.07108882,1.583955,0.1328286,356.7358,100.079,358.808,Head
12/22/2016 2:43:29 PM:951,-0.07057697,1.583812,0.1328546,356.7763,100.0076,358.7539,Head
12/22/2016 2:43:30 PM:4,-0.07056557,1.583814,0.1330009,356.7939,99.95969,358.807,Head
12/22/2016 2:43:30 PM:45,-0.0705743,1.583715,0.1330699,356.8238,99.85442,358.8565,Head
12/22/2016 2:43:30 PM:102,-0.07016287,1.583858,0.1332723,356.8942,99.75727,358.9187,Head
12/22/2016 2:43:30 PM:169,-0.07019694,1.583969,0.133087,356.8351,99.65761,358.9457,Head
12/22/2016 2:43:30 PM:227,-0.07049079,1.583853,0.1330524,356.8236,99.61298,358.9573,Head
12/22/2016 2:43:30 PM:277,-0.0705393,1.583816,0.133124,356.8536,99.55479,358.9492,Head
12/22/2016 2:43:30 PM:335,-0.07070449,1.583928,0.1333397,356.8689,99.48314,358.9955,Head
12/22/2016 2:43:30 PM:402,-0.07114063,1.583968,0.133535,356.8553,99.36005,359.0387,Head
12/22/2016 2:43:30 PM:454,-0.07115689,1.584077,0.1336192,356.8676,99.32919,359.0547,Head
12/22/2016 2:43:30 PM:497,-0.07108216,1.583978,0.1336164,356.8671,99.30356,359.0638,Head
12/22/2016 2:43:30 PM:556,-0.07195903,1.583936,0.1339224,356.9209,99.24836,359.1326,Head
12/22/2016 2:43:30 PM:615,-0.07285117,1.583973,0.1342445,356.8661,99.22522,359.1007,Head
12/22/2016 2:43:30 PM:682,-0.07353237,1.583935,0.1344809,356.833,99.21297,359.1675,Head
12/22/2016 2:43:30 PM:735,-0.07400498,1.584071,0.1347843,356.81,99.2149,359.1631,Head
12/22/2016 2:43:30 PM:778,-0.07488792,1.584239,0.1350497,356.7325,99.19199,359.1928,Head
12/22/2016 2:43:30 PM:838,-0.0757244,1.584438,0.1352585,356.5936,99.15632,359.1412,Head
12/22/2016 2:43:30 PM:890,-0.0764125,1.584364,0.1353125,356.5598,99.18916,359.1251,Head
12/22/2016 2:43:30 PM:932,-0.07729045,1.584472,0.135792,356.5182,99.23963,359.1353,Head
12/22/2016 2:43:31 PM:0,-0.07792142,1.584609,0.1362873,356.4656,99.20562,359.198,Head
12/22/2016 2:43:31 PM:57,-0.07870679,1.584602,0.1367942,356.3838,99.08173,359.2523,Head
12/22/2016 2:43:31 PM:97,-0.07882096,1.584696,0.1373802,356.3425,98.94938,359.3033,Head
12/22/2016 2:43:31 PM:151,-0.07919127,1.58477,0.1380194,356.2433,98.79446,359.3309,Head
12/22/2016 2:43:31 PM:220,-0.07935154,1.584835,0.1385052,356.2595,98.7283,359.3535,Head
12/22/2016 2:43:31 PM:260,-0.07942665,1.584987,0.1389544,356.2076,98.7478,359.3145,Head
12/22/2016 2:43:31 PM:319,-0.0796406,1.584797,0.1390446,356.2855,98.8264,359.3455,Head
12/22/2016 2:43:31 PM:385,-0.07936321,1.584646,0.1390436,356.2747,98.71086,359.2539,Head
12/22/2016 2:43:31 PM:438,-0.07904097,1.584634,0.1389793,356.2861,98.61619,359.196,Head
12/22/2016 2:43:31 PM:478,-0.07876295,1.584435,0.1385238,356.4936,98.66063,359.0751,Head
12/22/2016 2:43:31 PM:543,-0.07879639,1.584199,0.1378943,356.7411,99.05513,359.1349,Head
12/22/2016 2:43:31 PM:603,-0.07934925,1.584118,0.1375972,356.7812,99.355,359.1699,Head
12/22/2016 2:43:31 PM:642,-0.07967207,1.584161,0.137486,356.7418,99.50298,359.1799,Head
12/22/2016 2:43:31 PM:684,-0.0805319,1.584249,0.1374777,356.5808,99.54962,359.1469,Head
12/22/2016 2:43:31 PM:743,-0.08121014,1.584693,0.1377121,356.2764,99.22916,359.1143,Head
12/22/2016 2:43:31 PM:810,-0.08229263,1.585016,0.138129,356.0432,98.86206,359.146,Head
12/22/2016 2:43:31 PM:867,-0.08306219,1.585099,0.1383681,356.0461,98.90047,359.2047,Head
12/22/2016 2:43:31 PM:908,-0.08437568,1.585122,0.1388581,355.9871,99.08339,359.2564,Head
12/22/2016 2:43:31 PM:966,-0.08592477,1.585511,0.1392861,355.5769,99.04247,359.2408,Head
12/22/2016 2:43:32 PM:34,-0.08710164,1.586077,0.1396412,355.1553,98.45316,359.1634,Head
12/22/2016 2:43:32 PM:86,-0.08761364,1.586333,0.1394276,355.0467,98.22255,359.2465,Head
12/22/2016 2:43:32 PM:132,-0.0882179,1.586691,0.1390366,354.7922,97.61223,359.3991,Head
12/22/2016 2:43:32 PM:190,-0.08825202,1.587263,0.1390024,354.4211,96.3383,359.299,Head
12/22/2016 2:43:32 PM:292,-0.08674197,1.587701,0.1385864,354.045,95.28353,358.9903,Head
12/22/2016 2:43:32 PM:359,-0.0850286,1.586006,0.1372425,355.2651,95.41722,359.1484,Head
12/22/2016 2:43:32 PM:424,-0.08421279,1.586039,0.1356842,355.2605,96.01678,358.7754,Head
12/22/2016 2:43:32 PM:475,-0.0837934,1.586015,0.1348804,355.1695,96.24567,358.368,Head
12/22/2016 2:43:32 PM:512,-0.08300713,1.585923,0.1339694,355.1606,96.5174,358.2333,Head
12/22/2016 2:43:32 PM:560,-0.08150171,1.58601,0.1326709,355.2833,96.92621,358.1313,Head
12/22/2016 2:43:32 PM:614,-0.08015886,1.585826,0.1318635,355.5531,97.3367,357.9403,Head
12/22/2016 2:43:32 PM:665,-0.07968695,1.585768,0.1318715,355.6398,97.57301,357.9571,Head
12/22/2016 2:43:32 PM:706,-0.07930022,1.585708,0.1318927,355.6376,97.75037,357.9767,Head
12/22/2016 2:43:32 PM:759,-0.07822291,1.585935,0.1324192,355.5849,97.85927,358.2198,Head
12/22/2016 2:43:32 PM:849,-0.0774992,1.586,0.1333523,355.5316,97.55965,358.4575,Head
12/22/2016 2:43:32 PM:894,-0.07739624,1.585842,0.1338441,355.5798,97.41872,358.6144,Head
12/22/2016 2:43:32 PM:963,-0.0775003,1.585817,0.1344477,355.4267,97.25007,358.5904,Head
12/22/2016 2:43:33 PM:16,-0.0782132,1.58617,0.1347127,355.3112,97.56714,358.5657,Head
12/22/2016 2:43:33 PM:83,-0.07916527,1.586711,0.1355235,354.9543,97.7911,358.5858,Head
12/22/2016 2:43:33 PM:134,-0.07965674,1.586948,0.1362562,354.7543,97.70391,358.6165,Head
12/22/2016 2:43:33 PM:177,-0.0799563,1.587126,0.1367197,354.6204,97.5038,358.6915,Head
12/22/2016 2:43:33 PM:234,-0.0803694,1.587504,0.1376245,354.368,96.91302,358.7813,Head
12/22/2016 2:43:33 PM:295,-0.08059122,1.587764,0.1377875,354.2243,96.40814,358.8142,Head
12/22/2016 2:43:33 PM:362,-0.0807392,1.587848,0.1376599,354.1099,96.02466,358.7932,Head
12/22/2016 2:43:33 PM:402,-0.08040023,1.588208,0.1376257,353.8834,95.44611,358.6248,Head
12/22/2016 2:43:33 PM:463,-0.07852061,1.588387,0.1371006,353.6725,94.83989,358.1888,Head
12/22/2016 2:43:33 PM:513,-0.07806931,1.587486,0.1364513,354.2851,95.00215,358.3242,Head
12/22/2016 2:43:33 PM:552,-0.07807484,1.586669,0.1356725,354.8467,95.35654,358.4788,Head
12/22/2016 2:43:33 PM:592,-0.07796505,1.585993,0.1342656,355.2969,96.08768,358.5412,Head
12/22/2016 2:43:33 PM:652,-0.07783304,1.586415,0.1332508,355.2542,96.23107,358.3479,Head
12/22/2016 2:43:33 PM:702,-0.07820459,1.58661,0.1329163,355.2258,96.18957,358.363,Head
12/22/2016 2:43:33 PM:739,-0.07814225,1.586678,0.1325707,355.2324,96.18991,358.4545,Head
12/22/2016 2:43:33 PM:782,-0.07821053,1.586455,0.1323583,355.3669,96.10992,358.6069,Head
12/22/2016 2:43:33 PM:846,-0.07774687,1.586313,0.1325737,355.5108,95.89359,358.6662,Head
12/22/2016 2:43:33 PM:893,-0.07771701,1.58618,0.1329028,355.5339,95.76084,358.8066,Head
12/22/2016 2:43:33 PM:933,-0.07768986,1.586046,0.1334131,355.5999,95.63625,358.8865,Head
12/22/2016 2:43:33 PM:988,-0.07802729,1.585865,0.1343805,355.6634,95.3792,359.1733,Head
12/22/2016 2:43:34 PM:55,-0.07920283,1.585856,0.135581,355.676,95.2253,359.4739,Head
12/22/2016 2:43:34 PM:105,-0.07984833,1.586107,0.1361851,355.5732,95.13396,359.5624,Head
12/22/2016 2:43:34 PM:143,-0.08069278,1.586162,0.1367558,355.5461,95.13228,359.6599,Head
12/22/2016 2:43:34 PM:200,-0.08338794,1.586435,0.1381395,355.2106,95.38308,359.7387,Head
12/22/2016 2:43:34 PM:267,-0.0852264,1.587022,0.1396895,354.7344,95.61505,359.8356,Head
12/22/2016 2:43:34 PM:323,-0.08584823,1.58754,0.1406777,354.4262,95.42543,0.02645782,Head
12/22/2016 2:43:34 PM:370,-0.08642094,1.588029,0.1422655,353.9791,94.78215,0.3399797,Head
12/22/2016 2:43:34 PM:424,-0.08679775,1.588397,0.1434801,353.7048,93.83508,0.5117432,Head
12/22/2016 2:43:34 PM:490,-0.08660077,1.588737,0.1440659,353.5487,92.92056,0.9379892,Head
12/22/2016 2:43:34 PM:544,-0.08638249,1.588973,0.1444179,353.4173,92.43394,1.010216,Head
12/22/2016 2:43:34 PM:598,-0.08566555,1.589434,0.1448252,353.0213,91.6561,0.9425009,Head
12/22/2016 2:43:34 PM:647,-0.08411558,1.59002,0.1458781,352.6489,90.65809,0.8519346,Head
12/22/2016 2:43:34 PM:724,-0.08268031,1.589055,0.1467023,353.283,90.19415,1.151975,Head
12/22/2016 2:43:34 PM:780,-0.08151055,1.58827,0.1471398,353.8912,89.83022,1.099154,Head
12/22/2016 2:43:34 PM:856,-0.08018881,1.58825,0.1478629,354.0104,89.36595,0.8964041,Head
12/22/2016 2:43:34 PM:933,-0.08009908,1.588059,0.148415,354.2372,89.29611,0.6438809,Head
12/22/2016 2:43:34 PM:982,-0.08051367,1.588056,0.1482707,354.3416,90.15082,0.06942458,Head
12/22/2016 2:43:35 PM:56,-0.08074592,1.588294,0.1482816,354.1255,90.92792,359.921,Head
12/22/2016 2:43:35 PM:111,-0.08076923,1.588085,0.1486671,354.1589,91.13245,0.02370816,Head
12/22/2016 2:43:35 PM:150,-0.08015677,1.587964,0.1493518,354.1823,91.15297,0.141949,Head
12/22/2016 2:43:35 PM:205,-0.0796738,1.587736,0.1504699,354.3514,90.91232,0.3713742,Head
12/22/2016 2:43:35 PM:267,-0.07907048,1.587458,0.1511317,354.4685,90.64355,0.4193579,Head
12/22/2016 2:43:35 PM:307,-0.07851168,1.587358,0.1514996,354.532,90.50478,0.4775752,Head
12/22/2016 2:43:35 PM:376,-0.07712039,1.587441,0.1519337,354.678,90.31919,0.6542368,Head
12/22/2016 2:43:35 PM:428,-0.07599288,1.587286,0.1517588,354.749,90.36806,0.6744263,Head
12/22/2016 2:43:35 PM:495,-0.0745836,1.587152,0.1513809,354.8784,90.56941,0.6734592,Head
12/22/2016 2:43:35 PM:558,-0.07372512,1.58687,0.1508978,355.0058,90.80241,0.6350796,Head
12/22/2016 2:43:35 PM:597,-0.07315029,1.586711,0.1506813,355.1065,90.95317,0.5556462,Head
12/22/2016 2:43:35 PM:653,-0.07164636,1.586798,0.1503162,355.1984,91.08018,0.4478689,Head
12/22/2016 2:43:35 PM:719,-0.07089622,1.58674,0.1503278,355.2846,91.03981,0.4542454,Head
12/22/2016 2:43:35 PM:771,-0.07048808,1.586694,0.1503619,355.2986,90.99447,0.4649847,Head
12/22/2016 2:43:35 PM:810,-0.06995501,1.586675,0.1503977,355.3139,90.95439,0.4485822,Head
12/22/2016 2:43:35 PM:876,-0.06925728,1.58671,0.1503766,355.3329,90.9071,0.4596087,Head
12/22/2016 2:43:35 PM:938,-0.06898632,1.58675,0.1505245,355.3571,90.88663,0.5288086,Head
12/22/2016 2:43:35 PM:976,-0.06892595,1.586759,0.150616,355.3729,90.86403,0.5549118,Head
12/22/2016 2:43:36 PM:32,-0.06851299,1.586754,0.1504267,355.36,90.79536,0.6112547,Head
12/22/2016 2:43:36 PM:99,-0.06828678,1.586839,0.1507021,355.3178,90.79742,0.6426345,Head
12/22/2016 2:43:36 PM:149,-0.06796576,1.587319,0.150482,354.9193,90.87494,0.6387995,Head
12/22/2016 2:43:36 PM:188,-0.06781779,1.587576,0.1502576,354.6036,90.98672,0.5276237,Head
12/22/2016 2:43:36 PM:229,-0.06768892,1.587645,0.1498616,354.5698,91.22447,0.387972,Head
12/22/2016 2:43:36 PM:289,-0.06773281,1.587377,0.149171,354.6855,91.80586,0.287848,Head
12/22/2016 2:43:36 PM:368,-0.06802224,1.587735,0.1482556,354.5807,92.43129,0.1462993,Head
12/22/2016 2:43:36 PM:424,-0.0684939,1.587803,0.147472,354.263,93.15997,0.008016747,Head
12/22/2016 2:43:36 PM:490,-0.06851639,1.587954,0.1468362,354.331,93.8774,0.03630349,Head
12/22/2016 2:43:36 PM:541,-0.06833376,1.587922,0.1465775,354.4016,94.19679,-0.0008081094,Head
12/22/2016 2:43:36 PM:586,-0.06824552,1.587841,0.1462837,354.4821,94.45934,359.9704,Head
12/22/2016 2:43:36 PM:635,-0.06814624,1.58764,0.1459223,354.5799,94.87077,359.9778,Head
12/22/2016 2:43:36 PM:703,-0.06828521,1.5872,0.1460507,354.7107,94.9085,359.9297,Head
12/22/2016 2:43:36 PM:775,-0.06789643,1.587059,0.1465214,354.8796,94.83738,359.9127,Head
12/22/2016 2:43:36 PM:829,-0.06753788,1.586407,0.1467088,355.2571,94.77613,359.9225,Head
12/22/2016 2:43:36 PM:882,-0.06745922,1.585571,0.1469027,355.8447,94.83942,359.8633,Head
12/22/2016 2:43:36 PM:968,-0.06763115,1.584842,0.1471521,356.2077,95.09669,359.8658,Head
