4/25/2017 2:29:00 PM:799,-0.1954008,1.536229,-0.1601584,349.8847,244.369,359.3826,Head
4/25/2017 2:29:01 PM:329,-0.2230995,1.55183,-0.1643119,355.6133,298.2205,356.3586,Head
4/25/2017 2:29:01 PM:362,-0.2165692,1.551633,-0.1619492,356.7246,311.0666,356.6125,Head
4/25/2017 2:29:01 PM:424,-0.2151112,1.551292,-0.1611124,356.9277,314.0634,356.7189,Head
4/25/2017 2:29:01 PM:465,-0.214113,1.550832,-0.1607765,357.0941,315.9421,356.709,Head
4/25/2017 2:29:01 PM:497,-0.2135903,1.550613,-0.1605729,357.2347,316.9847,356.6729,Head
4/25/2017 2:29:01 PM:535,-0.2132263,1.550334,-0.1607225,357.3619,317.7484,356.5548,Head
4/25/2017 2:29:01 PM:582,-0.213,1.550134,-0.1612865,357.4559,318.2074,356.5698,Head
4/25/2017 2:29:01 PM:619,-0.2129911,1.550105,-0.1624706,357.4566,318.2398,356.6047,Head
4/25/2017 2:29:01 PM:659,-0.2133336,1.550083,-0.1635894,357.4504,318.0537,356.6485,Head
4/25/2017 2:29:01 PM:693,-0.2137204,1.550113,-0.1653011,357.4313,317.6554,356.7489,Head
4/25/2017 2:29:01 PM:730,-0.2138683,1.550158,-0.1667573,357.383,317.256,356.8191,Head
4/25/2017 2:29:01 PM:773,-0.2141866,1.55027,-0.1683429,357.311,316.8465,356.8551,Head
4/25/2017 2:29:01 PM:815,-0.2145564,1.550524,-0.1699017,357.2104,316.2181,356.9615,Head
4/25/2017 2:29:01 PM:881,-0.2160902,1.550912,-0.1742833,357.0562,314.6089,357.1107,Head
4/25/2017 2:29:01 PM:931,-0.2168469,1.551078,-0.1760563,357.0139,313.7644,357.1437,Head
4/25/2017 2:29:01 PM:964,-0.2175473,1.551376,-0.1778364,356.9622,312.8897,357.1607,Head
4/25/2017 2:29:01 PM:995,-0.2185913,1.551605,-0.1794794,356.9109,311.9794,357.2361,Head
4/25/2017 2:29:02 PM:33,-0.2193382,1.551944,-0.1812506,356.8163,310.993,357.2809,Head
4/25/2017 2:29:02 PM:67,-0.2203537,1.552417,-0.1832536,356.686,309.9242,357.3358,Head
4/25/2017 2:29:02 PM:112,-0.2219193,1.552982,-0.1860503,356.49,308.3807,357.3868,Head
4/25/2017 2:29:02 PM:144,-0.223325,1.553416,-0.1879976,356.3515,307.1107,357.4166,Head
4/25/2017 2:29:02 PM:197,-0.2259778,1.554004,-0.1911608,356.1126,304.7922,357.5012,Head
4/25/2017 2:29:02 PM:231,-0.2276679,1.554268,-0.1929826,356.0374,303.2614,357.5654,Head
4/25/2017 2:29:02 PM:268,-0.2294179,1.554448,-0.1950905,355.9818,301.5769,357.7168,Head
4/25/2017 2:29:02 PM:301,-0.2311008,1.554471,-0.197362,355.9197,299.8099,357.8246,Head
4/25/2017 2:29:02 PM:333,-0.2326412,1.554519,-0.1994415,355.8747,297.898,357.956,Head
4/25/2017 2:29:02 PM:368,-0.2340951,1.554696,-0.2019831,355.8289,295.9459,358.0801,Head
4/25/2017 2:29:02 PM:409,-0.2356185,1.554782,-0.2042456,355.7421,293.9611,358.1649,Head
4/25/2017 2:29:02 PM:462,-0.2387681,1.555437,-0.2092138,355.4131,289.4642,358.1934,Head
4/25/2017 2:29:02 PM:518,-0.2400607,1.555532,-0.211114,355.2111,287.6349,358.1971,Head
4/25/2017 2:29:02 PM:574,-0.2418779,1.555833,-0.2134771,355.0009,285.2824,358.152,Head
4/25/2017 2:29:02 PM:616,-0.2439355,1.556305,-0.2163872,354.7502,282.5173,358.0924,Head
4/25/2017 2:29:02 PM:657,-0.2456599,1.556733,-0.2182198,354.5917,280.4684,358.0256,Head
4/25/2017 2:29:02 PM:721,-0.2481174,1.556886,-0.2203098,354.5011,278.0606,358.0817,Head
4/25/2017 2:29:02 PM:769,-0.2495198,1.556836,-0.2218788,354.5045,276.2705,358.1183,Head
4/25/2017 2:29:02 PM:802,-0.2511101,1.55664,-0.2229539,354.5468,274.6437,358.1237,Head
4/25/2017 2:29:02 PM:849,-0.2520258,1.556404,-0.2238673,354.5865,273.5191,358.088,Head
4/25/2017 2:29:02 PM:899,-0.2535605,1.556111,-0.2251324,354.7332,271.7751,358.0268,Head
4/25/2017 2:29:02 PM:965,-0.2544263,1.556233,-0.2269455,354.6589,269.0757,358.0502,Head
4/25/2017 2:29:03 PM:22,-0.2544682,1.556329,-0.2272972,354.4983,267.9966,358.0329,Head
4/25/2017 2:29:03 PM:68,-0.2542362,1.556641,-0.2276044,354.2927,266.5511,358.0059,Head
4/25/2017 2:29:03 PM:114,-0.2538445,1.556958,-0.2275784,354.047,265.1569,357.9594,Head
4/25/2017 2:29:03 PM:156,-0.2535077,1.557275,-0.2272297,353.8039,263.8703,357.8864,Head
4/25/2017 2:29:03 PM:207,-0.2526863,1.557453,-0.2266286,353.5063,262.4498,357.8605,Head
4/25/2017 2:29:03 PM:259,-0.2518764,1.557696,-0.2253106,353.2581,261.3139,357.8275,Head
4/25/2017 2:29:03 PM:294,-0.251149,1.55778,-0.2242106,353.1143,260.7505,357.8346,Head
4/25/2017 2:29:03 PM:335,-0.2504074,1.557921,-0.2228295,352.9847,260.2692,357.871,Head
4/25/2017 2:29:03 PM:372,-0.2493621,1.558165,-0.220945,352.8008,259.7401,357.9223,Head
4/25/2017 2:29:03 PM:407,-0.2484412,1.558365,-0.2193243,352.6204,259.3479,357.9741,Head
4/25/2017 2:29:03 PM:446,-0.2473345,1.558431,-0.2175676,352.4148,258.9991,358.0432,Head
4/25/2017 2:29:03 PM:497,-0.2460946,1.558615,-0.2150775,352.127,258.5641,358.0785,Head
4/25/2017 2:29:03 PM:530,-0.2445267,1.558841,-0.2123612,351.8057,258.2251,358.1442,Head
4/25/2017 2:29:03 PM:567,-0.2433038,1.559093,-0.2099302,351.6028,258.0267,358.243,Head
4/25/2017 2:29:03 PM:612,-0.2415637,1.55952,-0.2064478,351.3082,257.9428,358.288,Head
4/25/2017 2:29:03 PM:651,-0.2396104,1.559821,-0.2025784,351.0207,257.9443,358.4102,Head
4/25/2017 2:29:03 PM:691,-0.2378094,1.559983,-0.1995472,350.7688,257.9934,358.5031,Head
4/25/2017 2:29:03 PM:729,-0.2353891,1.56038,-0.1951628,350.3977,258.0686,358.6176,Head
4/25/2017 2:29:03 PM:768,-0.2335582,1.560684,-0.1916863,350.0921,258.1335,358.713,Head
4/25/2017 2:29:03 PM:810,-0.2310146,1.560984,-0.1865407,349.6823,258.2341,358.8511,Head
4/25/2017 2:29:03 PM:842,-0.2290397,1.561054,-0.1825068,349.3636,258.3201,358.9124,Head
4/25/2017 2:29:03 PM:874,-0.227011,1.561278,-0.178134,349.0461,258.4354,359.0185,Head
4/25/2017 2:29:03 PM:910,-0.2251753,1.561212,-0.1735217,348.7872,258.5458,359.1317,Head
4/25/2017 2:29:03 PM:942,-0.2233547,1.561102,-0.1687012,348.5742,258.694,359.2477,Head
4/25/2017 2:29:03 PM:989,-0.220979,1.560735,-0.1621948,348.2867,258.8806,359.4569,Head
4/25/2017 2:29:04 PM:18,-0.2194152,1.56046,-0.1569736,348.1221,259.0261,359.5882,Head
4/25/2017 2:29:04 PM:64,-0.2174837,1.560043,-0.1500951,347.9081,259.252,359.6898,Head
4/25/2017 2:29:04 PM:110,-0.2162386,1.559433,-0.1449628,347.7959,259.4141,359.7064,Head
4/25/2017 2:29:04 PM:172,-0.2146022,1.558163,-0.1370543,347.6853,259.6315,359.5052,Head
4/25/2017 2:29:04 PM:241,-0.2125586,1.557437,-0.1242912,348.1729,260.594,358.4661,Head
4/25/2017 2:29:04 PM:301,-0.2122257,1.557435,-0.1208026,348.336,261.2838,358.2558,Head
4/25/2017 2:29:04 PM:338,-0.212025,1.558025,-0.1165309,348.252,262.2777,358.1216,Head
4/25/2017 2:29:04 PM:377,-0.2119794,1.558682,-0.1128095,347.9842,263.1913,358.1182,Head
4/25/2017 2:29:04 PM:412,-0.2123096,1.558964,-0.1104662,347.8192,263.8042,357.9983,Head
4/25/2017 2:29:04 PM:459,-0.2133586,1.559294,-0.1076057,347.6566,264.5005,357.7869,Head
4/25/2017 2:29:04 PM:498,-0.2141482,1.559481,-0.1060354,347.5721,264.9781,357.6099,Head
4/25/2017 2:29:04 PM:547,-0.2157654,1.559335,-0.1046555,347.5526,265.6996,357.4114,Head
4/25/2017 2:29:04 PM:600,-0.217728,1.558877,-0.1039294,347.6643,266.5846,357.2365,Head
4/25/2017 2:29:04 PM:640,-0.2204082,1.558379,-0.1032841,348.0088,267.9978,357.0764,Head
4/25/2017 2:29:04 PM:676,-0.2220415,1.558289,-0.1031336,348.2483,268.9839,357.0139,Head
4/25/2017 2:29:04 PM:711,-0.223824,1.558832,-0.1031579,348.6016,270.4169,356.9974,Head
4/25/2017 2:29:04 PM:774,-0.2255545,1.559749,-0.1028202,348.9135,271.9828,357.0292,Head
4/25/2017 2:29:04 PM:820,-0.2282943,1.560574,-0.1020569,349.4686,274.9858,356.7513,Head
4/25/2017 2:29:04 PM:885,-0.2294557,1.560547,-0.1017034,349.6354,276.6586,356.6743,Head
4/25/2017 2:29:04 PM:930,-0.2303398,1.560718,-0.1017078,349.6764,278.1337,356.5744,Head
4/25/2017 2:29:04 PM:988,-0.2317448,1.561241,-0.1025859,349.727,280.279,356.5646,Head
4/25/2017 2:29:05 PM:50,-0.23331,1.561961,-0.1037247,349.6213,281.31,356.5307,Head
4/25/2017 2:29:05 PM:103,-0.2354147,1.562326,-0.10493,349.4137,282.0922,356.584,Head
4/25/2017 2:29:05 PM:146,-0.2379551,1.561825,-0.1063932,349.4772,282.5922,356.5707,Head
4/25/2017 2:29:05 PM:184,-0.2404516,1.560824,-0.107991,349.9464,282.7457,356.5894,Head
4/25/2017 2:29:05 PM:228,-0.2424828,1.559979,-0.1093452,350.426,282.6234,356.6337,Head
4/25/2017 2:29:05 PM:263,-0.2451815,1.559394,-0.1111371,350.9617,282.2826,356.7403,Head
4/25/2017 2:29:05 PM:293,-0.2472535,1.559351,-0.1122236,351.1377,282.0276,356.9157,Head
4/25/2017 2:29:05 PM:332,-0.2490401,1.559266,-0.1132908,351.1612,281.8209,357.087,Head
4/25/2017 2:29:05 PM:362,-0.2507788,1.5592,-0.1142124,351.1662,281.7043,357.1722,Head
4/25/2017 2:29:05 PM:408,-0.2530496,1.559235,-0.115106,351.159,281.6397,357.2476,Head
4/25/2017 2:29:05 PM:444,-0.2548856,1.559477,-0.1157348,351.1415,281.6669,357.2443,Head
4/25/2017 2:29:05 PM:486,-0.2574819,1.559615,-0.116644,351.1614,281.7844,357.1946,Head
4/25/2017 2:29:05 PM:549,-0.2611497,1.55981,-0.1179886,351.2585,281.9277,357.1128,Head
4/25/2017 2:29:05 PM:584,-0.2640539,1.55972,-0.1193561,351.3944,281.9279,357.0556,Head
4/25/2017 2:29:05 PM:619,-0.2662569,1.559446,-0.1202469,351.5195,281.8788,357.0239,Head
4/25/2017 2:29:05 PM:666,-0.2683938,1.559255,-0.1215013,351.6514,281.813,357.045,Head
4/25/2017 2:29:05 PM:716,-0.2715774,1.559072,-0.1242775,351.8403,281.6075,357.0763,Head
4/25/2017 2:29:05 PM:789,-0.2759254,1.558722,-0.1293245,352.1927,280.834,357.3215,Head
4/25/2017 2:29:05 PM:842,-0.2764088,1.558973,-0.1314773,352.1532,280.4914,357.4125,Head
4/25/2017 2:29:05 PM:886,-0.2770055,1.559176,-0.1341702,352.05,280.0791,357.4872,Head
4/25/2017 2:29:05 PM:926,-0.2770575,1.559478,-0.1362435,351.8685,279.8418,357.5758,Head
4/25/2017 2:29:05 PM:965,-0.2771851,1.560065,-0.1387131,351.5162,279.6518,357.6625,Head
4/25/2017 2:29:06 PM:8,-0.2771275,1.560478,-0.1404402,351.2397,279.6158,357.747,Head
4/25/2017 2:29:06 PM:56,-0.2773587,1.561017,-0.1433434,350.7957,279.7569,357.8247,Head
4/25/2017 2:29:06 PM:114,-0.2784834,1.561851,-0.1469879,350.3602,280.2046,357.7989,Head
4/25/2017 2:29:06 PM:181,-0.279881,1.562258,-0.149252,350.2632,280.4033,357.7223,Head
4/25/2017 2:29:06 PM:221,-0.2813343,1.562288,-0.1518141,350.2096,280.5098,357.67,Head
4/25/2017 2:29:06 PM:261,-0.2827162,1.562263,-0.1535859,350.2333,280.5761,357.6239,Head
4/25/2017 2:29:06 PM:299,-0.2845932,1.562213,-0.1560479,350.3258,280.7051,357.6148,Head
4/25/2017 2:29:06 PM:359,-0.2859892,1.562123,-0.1581804,350.4492,280.9091,357.6561,Head
4/25/2017 2:29:06 PM:404,-0.2900869,1.562088,-0.1630156,350.8605,282.1108,357.6101,Head
4/25/2017 2:29:06 PM:455,-0.2916408,1.562079,-0.1645017,351.0481,282.7787,357.5899,Head
4/25/2017 2:29:06 PM:500,-0.2930154,1.562017,-0.1661354,351.1552,283.4594,357.4861,Head
4/25/2017 2:29:06 PM:564,-0.2954392,1.56185,-0.1690803,351.2654,284.4643,357.3802,Head
4/25/2017 2:29:06 PM:628,-0.2995209,1.562362,-0.1744144,351.2345,285.5891,357.3044,Head
4/25/2017 2:29:06 PM:687,-0.3011006,1.563262,-0.1763491,351.0964,285.6343,357.4326,Head
4/25/2017 2:29:06 PM:736,-0.3036541,1.564523,-0.1789871,350.9239,285.4584,357.5249,Head
4/25/2017 2:29:06 PM:797,-0.3053681,1.564866,-0.1808342,350.7048,285.045,357.6393,Head
4/25/2017 2:29:06 PM:855,-0.3067352,1.564898,-0.1813003,350.4536,284.546,357.8091,Head
4/25/2017 2:29:06 PM:919,-0.3077471,1.565173,-0.1787246,350.2487,283.8048,358.4557,Head
4/25/2017 2:29:06 PM:981,-0.307226,1.565459,-0.176083,350.3282,283.6276,358.6485,Head
4/25/2017 2:29:07 PM:25,-0.3067925,1.565182,-0.170472,350.3601,283.4751,358.5904,Head
4/25/2017 2:29:07 PM:85,-0.3058204,1.564342,-0.1628374,350.4797,284.0293,358.3485,Head
4/25/2017 2:29:07 PM:136,-0.3045633,1.563718,-0.1545096,350.7331,285.5226,358.2953,Head
4/25/2017 2:29:07 PM:176,-0.3029884,1.562487,-0.1452947,351.3606,287.6554,358.3899,Head
4/25/2017 2:29:07 PM:261,-0.2992719,1.558777,-0.1255941,353.0697,291.7448,358.677,Head
4/25/2017 2:29:07 PM:330,-0.2972402,1.557746,-0.1137549,353.5812,293.0549,358.7404,Head
4/25/2017 2:29:07 PM:399,-0.2953461,1.558487,-0.09236461,353.5323,294.2032,358.9736,Head
4/25/2017 2:29:07 PM:454,-0.2954952,1.558362,-0.08565497,353.4475,294.3018,358.7803,Head
4/25/2017 2:29:07 PM:508,-0.2952539,1.556501,-0.07713581,354.0158,294.5322,358.4045,Head
4/25/2017 2:29:07 PM:577,-0.2951019,1.554158,-0.06711073,355.0029,294.994,357.8787,Head
4/25/2017 2:29:07 PM:652,-0.2956811,1.552157,-0.05009337,355.6987,295.6414,357.183,Head
4/25/2017 2:29:07 PM:702,-0.2957208,1.551363,-0.04611173,355.8875,295.7308,357.1268,Head
4/25/2017 2:29:07 PM:742,-0.2959116,1.550292,-0.04093584,356.2257,295.8988,356.9858,Head
4/25/2017 2:29:07 PM:789,-0.296196,1.549418,-0.03645818,356.6099,296.0681,356.761,Head
4/25/2017 2:29:07 PM:848,-0.2964324,1.54816,-0.03035205,356.9355,295.763,356.537,Head
4/25/2017 2:29:07 PM:908,-0.2965493,1.548006,-0.02925485,357.0258,294.8408,356.4036,Head
4/25/2017 2:29:07 PM:959,-0.2967486,1.547719,-0.02884448,357.1402,292.3433,356.0265,Head
4/25/2017 2:29:08 PM:28,-0.2972288,1.548067,-0.03120132,357.0345,287.6199,355.3316,Head
4/25/2017 2:29:08 PM:88,-0.2973577,1.548417,-0.03289745,356.8796,286.0655,355.2704,Head
4/25/2017 2:29:08 PM:128,-0.2970028,1.548648,-0.03484066,356.7746,284.2436,355.3531,Head
4/25/2017 2:29:08 PM:177,-0.2961066,1.549005,-0.03667873,356.7016,282.774,355.4172,Head
4/25/2017 2:29:08 PM:228,-0.2943693,1.549638,-0.03908543,356.3743,281.4917,355.2911,Head
4/25/2017 2:29:08 PM:295,-0.2898529,1.551477,-0.04285358,355.4999,280.5939,355.2384,Head
4/25/2017 2:29:08 PM:351,-0.2874828,1.552159,-0.04392482,354.9908,280.6503,355.3276,Head
4/25/2017 2:29:08 PM:396,-0.2840457,1.55348,-0.04566814,354.3177,280.6649,355.4094,Head
4/25/2017 2:29:08 PM:453,-0.2794809,1.555084,-0.04810427,353.3169,280.6647,355.3671,Head
4/25/2017 2:29:08 PM:518,-0.272021,1.55788,-0.0519856,351.5028,280.2482,355.5012,Head
4/25/2017 2:29:08 PM:579,-0.2696187,1.55904,-0.05321978,350.8776,279.9486,355.6738,Head
4/25/2017 2:29:08 PM:613,-0.2665796,1.560027,-0.05518436,350.3107,279.5124,355.9348,Head
4/25/2017 2:29:08 PM:663,-0.2643901,1.560474,-0.05643927,350.012,279.1654,356.0463,Head
4/25/2017 2:29:08 PM:712,-0.2609348,1.560948,-0.05894188,349.7024,278.596,356.2885,Head
4/25/2017 2:29:08 PM:773,-0.2579896,1.561042,-0.06106622,349.7404,278.2892,356.3999,Head
4/25/2017 2:29:08 PM:833,-0.2537805,1.560941,-0.063077,350.0778,278.9375,356.7285,Head
4/25/2017 2:29:08 PM:917,-0.2526401,1.560519,-0.0628874,350.4776,280.1205,357.084,Head
4/25/2017 2:29:08 PM:955,-0.2511801,1.560558,-0.06229264,350.6261,281.7144,357.4162,Head
4/25/2017 2:29:08 PM:994,-0.2506469,1.560714,-0.06162813,350.5548,282.8402,357.343,Head
4/25/2017 2:29:09 PM:32,-0.2502477,1.56082,-0.06128074,350.4765,283.4861,357.1852,Head
4/25/2017 2:29:09 PM:85,-0.2497911,1.561007,-0.06123327,350.3965,284.096,356.8612,Head
4/25/2017 2:29:09 PM:139,-0.2499537,1.560771,-0.06091514,350.4541,284.3858,356.7679,Head
4/25/2017 2:29:09 PM:201,-0.2508252,1.560186,-0.06120503,350.9207,284.2394,356.913,Head
4/25/2017 2:29:09 PM:270,-0.251377,1.559772,-0.06170413,351.1701,283.9885,357.0638,Head
4/25/2017 2:29:09 PM:309,-0.2521392,1.559619,-0.0620406,351.3412,283.8768,357.106,Head
4/25/2017 2:29:09 PM:343,-0.2527569,1.559419,-0.0621099,351.4196,283.8498,357.1155,Head
4/25/2017 2:29:09 PM:400,-0.2541471,1.559385,-0.06255811,351.5965,284.1184,356.9117,Head
4/25/2017 2:29:09 PM:461,-0.2549462,1.559407,-0.06279929,351.594,284.4002,356.8276,Head
4/25/2017 2:29:09 PM:499,-0.2556362,1.559392,-0.06328893,351.6133,284.5266,356.8285,Head
4/25/2017 2:29:09 PM:552,-0.256729,1.559559,-0.06408802,351.6364,284.4673,356.9163,Head
4/25/2017 2:29:09 PM:612,-0.2592819,1.559731,-0.06622815,351.616,283.5566,357.1215,Head
4/25/2017 2:29:09 PM:672,-0.2604745,1.55964,-0.06710649,351.6479,282.8399,357.2687,Head
4/25/2017 2:29:09 PM:725,-0.2624402,1.559728,-0.06896611,351.6632,281.6562,357.2436,Head
4/25/2017 2:29:09 PM:796,-0.2657036,1.559836,-0.07179809,351.6216,279.6531,357.4604,Head
4/25/2017 2:29:09 PM:851,-0.2667367,1.559909,-0.07288156,351.6142,278.9046,357.5077,Head
4/25/2017 2:29:09 PM:900,-0.2681324,1.559822,-0.07408096,351.6076,278.0073,357.5672,Head
4/25/2017 2:29:09 PM:931,-0.2693438,1.559916,-0.07515308,351.6461,277.255,357.6254,Head
4/25/2017 2:29:09 PM:987,-0.2708152,1.560001,-0.076171,351.671,276.3197,357.6802,Head
4/25/2017 2:29:10 PM:35,-0.2719014,1.560095,-0.07704584,351.6761,275.5454,357.6749,Head
4/25/2017 2:29:10 PM:78,-0.2727711,1.56002,-0.07753178,351.6941,274.9067,357.6079,Head
4/25/2017 2:29:10 PM:138,-0.2744283,1.559819,-0.07902952,351.8856,273.3032,357.6443,Head
4/25/2017 2:29:10 PM:213,-0.2746922,1.559509,-0.07967927,351.9762,272.8882,357.709,Head
4/25/2017 2:29:10 PM:252,-0.2747919,1.55941,-0.07962689,351.9981,272.8046,357.6817,Head
4/25/2017 2:29:10 PM:317,-0.274639,1.559335,-0.07901069,351.9469,273.1802,357.6697,Head
4/25/2017 2:29:10 PM:369,-0.2744282,1.559447,-0.0785238,351.947,273.5634,357.5666,Head
4/25/2017 2:29:10 PM:409,-0.2739144,1.559505,-0.07818823,351.865,273.9425,357.4758,Head
4/25/2017 2:29:10 PM:474,-0.2730495,1.559359,-0.07789348,351.7208,274.3931,357.4844,Head
4/25/2017 2:29:10 PM:520,-0.2727205,1.559598,-0.0777704,351.6859,274.396,357.5004,Head
4/25/2017 2:29:10 PM:558,-0.2722204,1.559658,-0.0777228,351.6657,274.3587,357.5074,Head
4/25/2017 2:29:10 PM:595,-0.2719235,1.559719,-0.07776941,351.662,274.3038,357.4481,Head
4/25/2017 2:29:10 PM:651,-0.2712615,1.55983,-0.07777102,351.5895,274.2444,357.4396,Head
4/25/2017 2:29:10 PM:696,-0.2706216,1.559706,-0.07792333,351.5043,274.2304,357.4219,Head
4/25/2017 2:29:10 PM:745,-0.2701864,1.559885,-0.07818468,351.4804,274.2447,357.4107,Head
4/25/2017 2:29:10 PM:801,-0.2696072,1.559997,-0.07859305,351.4388,274.2487,357.4123,Head
4/25/2017 2:29:10 PM:839,-0.2687362,1.560014,-0.0791728,351.3939,274.3209,357.4381,Head
4/25/2017 2:29:10 PM:878,-0.2681491,1.560206,-0.07923808,351.3581,274.7148,357.4584,Head
4/25/2017 2:29:10 PM:949,-0.2673779,1.560255,-0.07880615,351.3541,275.7725,357.5915,Head
4/25/2017 2:29:10 PM:985,-0.2666171,1.560226,-0.07808977,351.3607,276.8728,357.6004,Head
4/25/2017 2:29:11 PM:26,-0.2657363,1.560428,-0.07762008,351.328,278.0328,357.5558,Head
4/25/2017 2:29:11 PM:62,-0.2649955,1.560616,-0.07690347,351.2663,278.9446,357.4064,Head
4/25/2017 2:29:11 PM:103,-0.2641707,1.560712,-0.07625671,351.2172,279.8044,357.386,Head
4/25/2017 2:29:11 PM:140,-0.2629353,1.560722,-0.07558671,351.1439,280.848,357.3285,Head
4/25/2017 2:29:11 PM:181,-0.2620272,1.560772,-0.07515128,351.1104,281.5375,357.2599,Head
4/25/2017 2:29:11 PM:220,-0.2608843,1.560759,-0.07454509,351.1096,282.2897,357.192,Head
4/25/2017 2:29:11 PM:272,-0.2597795,1.560782,-0.07410312,351.1212,282.9214,357.1089,Head
4/25/2017 2:29:11 PM:319,-0.2589501,1.560701,-0.07348987,351.1161,283.3986,357.0434,Head
4/25/2017 2:29:11 PM:357,-0.2581287,1.560726,-0.0732417,351.0778,283.6855,356.9202,Head
4/25/2017 2:29:11 PM:426,-0.2571389,1.560416,-0.0732621,351.0775,283.7202,356.7757,Head
4/25/2017 2:29:11 PM:507,-0.2569279,1.560431,-0.07369642,351.1091,283.4844,356.8149,Head
4/25/2017 2:29:11 PM:569,-0.2560697,1.56041,-0.07478496,351.1019,282.9068,356.9764,Head
4/25/2017 2:29:11 PM:653,-0.2548713,1.56047,-0.07672269,351.01,281.5689,357.1799,Head
4/25/2017 2:29:11 PM:721,-0.2543646,1.560656,-0.07706641,350.9145,281.0168,357.1141,Head
4/25/2017 2:29:11 PM:805,-0.2533067,1.560826,-0.07901032,350.7224,279.5891,357.3976,Head
4/25/2017 2:29:11 PM:907,-0.2528534,1.560943,-0.08062117,350.5226,277.976,357.6048,Head
4/25/2017 2:29:11 PM:997,-0.2531596,1.561108,-0.08170314,350.389,276.6977,357.6362,Head
4/25/2017 2:29:12 PM:56,-0.2544671,1.561335,-0.0820912,350.2905,275.3995,357.6442,Head
4/25/2017 2:29:12 PM:124,-0.2556086,1.561158,-0.08263994,350.3246,274.6066,357.6596,Head
4/25/2017 2:29:12 PM:207,-0.2587213,1.560748,-0.08310125,350.6194,273.186,357.6221,Head
4/25/2017 2:29:12 PM:279,-0.2606747,1.560241,-0.08366414,350.872,272.2104,357.4479,Head
4/25/2017 2:29:12 PM:324,-0.2619746,1.5601,-0.08414279,351.0419,271.6352,357.3571,Head
4/25/2017 2:29:12 PM:380,-0.2636929,1.559832,-0.08462258,351.1801,270.9768,357.3211,Head
4/25/2017 2:29:12 PM:426,-0.2649451,1.559527,-0.08489732,351.2624,270.4876,357.3808,Head
4/25/2017 2:29:12 PM:469,-0.2660356,1.559357,-0.08528943,351.3287,270.0634,357.3923,Head
4/25/2017 2:29:12 PM:532,-0.2669438,1.559349,-0.08543499,351.3612,269.606,357.4136,Head
4/25/2017 2:29:12 PM:586,-0.2678827,1.559506,-0.085724,351.3248,269.339,357.3515,Head
4/25/2017 2:29:12 PM:651,-0.269251,1.559347,-0.08577769,351.348,269.226,357.2617,Head
4/25/2017 2:29:12 PM:710,-0.2697992,1.559313,-0.08572673,351.3753,269.2888,357.1797,Head
4/25/2017 2:29:12 PM:769,-0.2704187,1.559154,-0.08560361,351.4034,269.3936,357.1004,Head
4/25/2017 2:29:12 PM:842,-0.2713598,1.559141,-0.08584887,351.4276,269.4596,357.1137,Head
4/25/2017 2:29:12 PM:908,-0.2716764,1.559111,-0.08621234,351.4398,269.4352,357.0631,Head
4/25/2017 2:29:12 PM:959,-0.2715983,1.558958,-0.08641509,351.4364,269.4439,357.1042,Head
4/25/2017 2:29:13 PM:5,-0.2714924,1.559048,-0.08646458,351.3911,269.5217,357.011,Head
4/25/2017 2:29:13 PM:48,-0.271152,1.559091,-0.08680443,351.3195,269.5496,357.1059,Head
4/25/2017 2:29:13 PM:115,-0.2707791,1.559162,-0.08710669,351.2253,269.5235,357.1056,Head
4/25/2017 2:29:13 PM:150,-0.2705221,1.559265,-0.08737717,351.1506,269.4603,357.1136,Head
4/25/2017 2:29:13 PM:202,-0.2703435,1.55928,-0.0872758,351.1015,269.4462,357.11,Head
4/25/2017 2:29:13 PM:259,-0.2697694,1.55948,-0.08773139,351.0048,269.54,357.1197,Head
4/25/2017 2:29:13 PM:311,-0.2694685,1.559435,-0.08793343,350.9957,269.6077,357.0755,Head
4/25/2017 2:29:13 PM:351,-0.2692099,1.559566,-0.088074,350.9915,269.6285,357.0787,Head
4/25/2017 2:29:13 PM:398,-0.2691261,1.559561,-0.08855729,350.9794,269.6497,357.0976,Head
4/25/2017 2:29:13 PM:436,-0.2688422,1.559619,-0.08890124,350.9784,269.6135,357.1529,Head
4/25/2017 2:29:13 PM:477,-0.2683843,1.559673,-0.08947827,350.949,269.5251,357.2331,Head
4/25/2017 2:29:13 PM:533,-0.267869,1.559614,-0.09038621,350.9207,269.4211,357.3336,Head
4/25/2017 2:29:13 PM:601,-0.2666976,1.559624,-0.09152392,350.9039,269.5177,357.4229,Head
4/25/2017 2:29:13 PM:661,-0.2664056,1.559603,-0.09195377,350.9194,269.6302,357.4695,Head
4/25/2017 2:29:13 PM:694,-0.2657556,1.559752,-0.09248032,350.8965,269.8539,357.4448,Head
4/25/2017 2:29:13 PM:735,-0.2653267,1.559747,-0.09265037,350.8518,270.1004,357.499,Head
4/25/2017 2:29:13 PM:788,-0.2647316,1.559731,-0.09246656,350.7831,270.9382,357.5018,Head
4/25/2017 2:29:13 PM:846,-0.26362,1.559984,-0.09047653,350.7937,273.338,357.3587,Head
4/25/2017 2:29:13 PM:914,-0.2615207,1.560057,-0.08629516,350.773,277.3171,356.8596,Head
4/25/2017 2:29:13 PM:972,-0.2604238,1.55998,-0.08479194,350.7005,278.7539,356.6729,Head
4/25/2017 2:29:14 PM:10,-0.2592369,1.560115,-0.0830095,350.6389,280.5164,356.3597,Head
4/25/2017 2:29:14 PM:61,-0.2580332,1.560189,-0.08136225,350.5943,282.0455,356.1565,Head
4/25/2017 2:29:14 PM:106,-0.2570574,1.560226,-0.07998237,350.5902,283.3243,356.0662,Head
4/25/2017 2:29:14 PM:160,-0.2560245,1.560092,-0.07860552,350.6272,284.5869,356.0725,Head
4/25/2017 2:29:14 PM:243,-0.2549207,1.559858,-0.07676752,350.691,285.8408,356.0227,Head
4/25/2017 2:29:14 PM:294,-0.2546018,1.559979,-0.07647406,350.7312,286.1289,355.9839,Head
4/25/2017 2:29:14 PM:342,-0.2540254,1.559759,-0.07589906,350.7956,286.5607,356.0568,Head
4/25/2017 2:29:14 PM:382,-0.2537172,1.55989,-0.075623,350.7838,286.8504,356.0674,Head
4/25/2017 2:29:14 PM:429,-0.2535441,1.55988,-0.07554955,350.8011,286.8909,356.2582,Head
4/25/2017 2:29:14 PM:479,-0.2535408,1.55996,-0.07560012,350.8191,286.8391,356.3731,Head
4/25/2017 2:29:14 PM:532,-0.2536077,1.560027,-0.07549983,350.829,286.6492,356.5095,Head
4/25/2017 2:29:14 PM:602,-0.2539785,1.56001,-0.07515156,350.8172,286.5056,356.5963,Head
4/25/2017 2:29:14 PM:656,-0.2542335,1.560218,-0.07472897,350.6134,286.698,356.747,Head
4/25/2017 2:29:14 PM:707,-0.2544363,1.56025,-0.07419888,350.6226,286.9489,356.8172,Head
4/25/2017 2:29:14 PM:755,-0.2544385,1.560154,-0.07348984,350.6607,287.1276,356.7555,Head
4/25/2017 2:29:14 PM:812,-0.2540905,1.560146,-0.07326621,350.7003,287.0773,356.6077,Head
4/25/2017 2:29:14 PM:879,-0.2537143,1.560214,-0.07372019,350.6239,286.6559,356.6104,Head
4/25/2017 2:29:14 PM:919,-0.2537259,1.560181,-0.07382806,350.6027,286.4609,356.6486,Head
4/25/2017 2:29:14 PM:959,-0.2535445,1.560062,-0.07425706,350.5936,286.0665,356.6574,Head
4/25/2017 2:29:15 PM:19,-0.2533102,1.560178,-0.07465133,350.5923,285.6393,356.7073,Head
4/25/2017 2:29:15 PM:63,-0.2533652,1.560549,-0.07474838,350.3964,285.3169,356.6534,Head
4/25/2017 2:29:15 PM:107,-0.2533305,1.560467,-0.0750735,350.3482,285.134,356.8163,Head
4/25/2017 2:29:15 PM:147,-0.2530326,1.560394,-0.07533299,350.3456,285.0513,356.8234,Head
4/25/2017 2:29:15 PM:198,-0.2526621,1.560696,-0.07592444,350.2433,284.7316,356.8042,Head
4/25/2017 2:29:15 PM:264,-0.2524971,1.560682,-0.07619043,350.2242,284.585,356.814,Head
4/25/2017 2:29:15 PM:309,-0.2522658,1.560693,-0.07646121,350.1826,284.3556,356.8237,Head
4/25/2017 2:29:15 PM:358,-0.2520065,1.560774,-0.07689601,350.1761,284.143,356.7663,Head
4/25/2017 2:29:15 PM:399,-0.2520317,1.560897,-0.07713074,350.1774,283.9005,356.7419,Head
4/25/2017 2:29:15 PM:449,-0.2518381,1.56094,-0.07784016,350.1556,283.5746,356.731,Head
4/25/2017 2:29:15 PM:525,-0.2517277,1.560921,-0.07839617,350.0681,283.278,356.7633,Head
4/25/2017 2:29:15 PM:585,-0.2516608,1.561232,-0.07963884,349.95,282.5352,356.8018,Head
4/25/2017 2:29:15 PM:650,-0.2520741,1.56107,-0.08167272,349.9608,281.3614,356.8633,Head
4/25/2017 2:29:15 PM:715,-0.2521086,1.561117,-0.08272395,349.9339,280.782,356.8455,Head
4/25/2017 2:29:15 PM:791,-0.2526222,1.561105,-0.08498189,349.9146,279.477,357.0181,Head
4/25/2017 2:29:15 PM:851,-0.2527646,1.561328,-0.08625612,349.8656,278.6245,357.1294,Head
4/25/2017 2:29:15 PM:926,-0.2527665,1.561411,-0.088002,349.7693,277.6332,357.2714,Head
4/25/2017 2:29:16 PM:0,-0.2525078,1.561538,-0.09028973,349.5686,276.2076,357.321,Head
4/25/2017 2:29:16 PM:73,-0.2523868,1.561737,-0.09112044,349.4762,275.7365,357.2943,Head
4/25/2017 2:29:16 PM:147,-0.2520916,1.562235,-0.09321971,349.2616,274.6749,357.4434,Head
4/25/2017 2:29:16 PM:225,-0.2525089,1.562476,-0.0938625,349.1427,274.194,357.5309,Head
4/25/2017 2:29:16 PM:266,-0.2529004,1.562381,-0.09492628,349.0498,273.5834,357.6066,Head
4/25/2017 2:29:16 PM:306,-0.2533367,1.562401,-0.09560277,349.0564,273.2195,357.6541,Head
4/25/2017 2:29:16 PM:345,-0.2540167,1.562292,-0.09616616,349.1163,272.7128,357.7738,Head
4/25/2017 2:29:16 PM:388,-0.2551308,1.562344,-0.09672382,349.1919,272.2471,357.7271,Head
4/25/2017 2:29:16 PM:433,-0.2560755,1.562267,-0.0972713,349.3241,271.7271,357.8442,Head
4/25/2017 2:29:16 PM:485,-0.2571422,1.562174,-0.0979277,349.4181,271.2124,357.8444,Head
4/25/2017 2:29:16 PM:531,-0.25816,1.562081,-0.09867328,349.502,270.637,357.8437,Head
4/25/2017 2:29:16 PM:569,-0.2591875,1.561852,-0.09897514,349.5988,270.0961,357.7964,Head
4/25/2017 2:29:16 PM:610,-0.2601623,1.561715,-0.09972358,349.7368,269.6418,357.7202,Head
4/25/2017 2:29:16 PM:642,-0.260936,1.561543,-0.1000802,349.8627,269.2903,357.6797,Head
4/25/2017 2:29:16 PM:690,-0.2617696,1.561358,-0.1005871,349.9851,268.9457,357.6163,Head
4/25/2017 2:29:16 PM:741,-0.263389,1.56087,-0.1013229,350.2699,268.3689,357.4151,Head
4/25/2017 2:29:16 PM:814,-0.2645444,1.560473,-0.1023002,350.4865,267.9563,357.285,Head
4/25/2017 2:29:16 PM:857,-0.2656632,1.560085,-0.1030815,350.6698,267.5583,357.1032,Head
4/25/2017 2:29:16 PM:910,-0.2665385,1.559893,-0.1035779,350.7426,267.2457,356.9078,Head
4/25/2017 2:29:16 PM:942,-0.2673262,1.559618,-0.1039481,350.8675,266.9169,356.7126,Head
4/25/2017 2:29:17 PM:0,-0.2680715,1.559321,-0.1042612,350.9779,266.6336,356.5243,Head
4/25/2017 2:29:17 PM:55,-0.2687832,1.559073,-0.1049234,351.0845,266.2939,356.3795,Head
4/25/2017 2:29:17 PM:128,-0.2703921,1.558619,-0.106003,351.1612,265.834,356.1477,Head
4/25/2017 2:29:17 PM:176,-0.2711981,1.558522,-0.1064453,351.1378,265.5448,356.1596,Head
4/25/2017 2:29:17 PM:214,-0.2718423,1.558515,-0.1067174,351.1029,265.2345,356.2015,Head
4/25/2017 2:29:17 PM:246,-0.2727402,1.55841,-0.1068666,351.0969,264.8857,356.2162,Head
4/25/2017 2:29:17 PM:279,-0.2736479,1.558262,-0.1068113,351.1074,264.5117,356.2,Head
4/25/2017 2:29:17 PM:331,-0.2752771,1.557827,-0.1067608,351.2462,263.7534,356.2481,Head
4/25/2017 2:29:17 PM:375,-0.2767116,1.557611,-0.1066909,351.3486,263.0382,356.2266,Head
4/25/2017 2:29:17 PM:422,-0.2778128,1.55742,-0.1063564,351.3622,262.2826,356.2476,Head
4/25/2017 2:29:17 PM:465,-0.278543,1.557352,-0.1058709,351.3453,261.6958,356.3038,Head
4/25/2017 2:29:17 PM:512,-0.2794884,1.557171,-0.1048067,351.2863,260.95,356.3803,Head
4/25/2017 2:29:17 PM:558,-0.280367,1.557156,-0.1034261,351.2086,260.2668,356.484,Head
4/25/2017 2:29:17 PM:612,-0.2814642,1.557148,-0.1018556,351.0957,259.6973,356.5609,Head
4/25/2017 2:29:17 PM:679,-0.2839735,1.556452,-0.09681502,350.9948,258.6939,356.5822,Head
4/25/2017 2:29:17 PM:725,-0.2846438,1.556456,-0.09461797,351.0442,258.4669,356.4835,Head
4/25/2017 2:29:17 PM:757,-0.2853258,1.556339,-0.09251049,351.0685,258.2357,356.4157,Head
4/25/2017 2:29:17 PM:811,-0.2861074,1.556269,-0.08942582,351.0905,257.8878,356.4615,Head
4/25/2017 2:29:17 PM:868,-0.286617,1.556132,-0.08575064,351.0703,257.5797,356.5061,Head
4/25/2017 2:29:17 PM:930,-0.287086,1.556029,-0.0801733,351.066,257.1676,356.503,Head
4/25/2017 2:29:18 PM:7,-0.2877327,1.555719,-0.07092489,351.1691,256.902,356.5609,Head
4/25/2017 2:29:18 PM:61,-0.2876843,1.555357,-0.06650651,351.2323,256.8503,356.6128,Head
4/25/2017 2:29:18 PM:101,-0.2875169,1.555104,-0.06331234,351.3195,256.8021,356.6944,Head
4/25/2017 2:29:18 PM:157,-0.2873302,1.554603,-0.0578092,351.5301,256.7397,356.86,Head
4/25/2017 2:29:18 PM:226,-0.2867322,1.553135,-0.04927052,352.0233,256.649,357.1944,Head
4/25/2017 2:29:18 PM:281,-0.2866927,1.55238,-0.04609935,352.3145,256.6718,357.215,Head
4/25/2017 2:29:18 PM:319,-0.286314,1.55126,-0.04188039,352.6905,256.7462,357.1777,Head
4/25/2017 2:29:18 PM:363,-0.2859021,1.550195,-0.0376318,353.1052,256.9355,357.1187,Head
4/25/2017 2:29:18 PM:411,-0.2855556,1.549495,-0.03459521,353.3775,257.207,356.9589,Head
4/25/2017 2:29:18 PM:455,-0.2849226,1.548329,-0.02964896,353.8701,257.6258,356.942,Head
4/25/2017 2:29:18 PM:499,-0.2843443,1.547275,-0.02625973,354.1709,257.9404,356.8372,Head
4/25/2017 2:29:18 PM:542,-0.2839141,1.546288,-0.02335655,354.4965,258.0803,356.7381,Head
4/25/2017 2:29:18 PM:576,-0.2834578,1.545481,-0.02158494,354.7595,258.0886,356.6409,Head
4/25/2017 2:29:18 PM:645,-0.2827944,1.54387,-0.0170824,355.3931,258.0954,356.3855,Head
4/25/2017 2:29:18 PM:706,-0.2826238,1.543143,-0.01613063,355.6761,257.9292,356.2214,Head
4/25/2017 2:29:18 PM:763,-0.2825568,1.542391,-0.01501489,356.04,257.6595,355.944,Head
4/25/2017 2:29:18 PM:811,-0.2827655,1.541271,-0.01396422,356.4453,257.3319,355.6161,Head
4/25/2017 2:29:18 PM:872,-0.2832609,1.540009,-0.01352075,357.0459,256.8531,355.3232,Head
4/25/2017 2:29:18 PM:929,-0.2831298,1.539495,-0.0135145,357.2328,256.5918,355.2991,Head
4/25/2017 2:29:18 PM:973,-0.282976,1.539062,-0.01387851,357.3999,256.162,355.3058,Head
4/25/2017 2:29:19 PM:18,-0.2825072,1.53883,-0.01392091,357.4472,255.6849,355.3769,Head
4/25/2017 2:29:19 PM:69,-0.2819,1.538724,-0.01399522,357.4169,255.3858,355.3604,Head
4/25/2017 2:29:19 PM:126,-0.2812386,1.538883,-0.01372155,357.3887,255.2094,355.4928,Head
4/25/2017 2:29:19 PM:187,-0.2797556,1.539024,-0.01265546,357.3064,255.2012,355.7343,Head
4/25/2017 2:29:19 PM:247,-0.2790805,1.539365,-0.01191804,357.2043,255.2396,355.8799,Head
4/25/2017 2:29:19 PM:299,-0.2784535,1.539475,-0.01104192,357.1054,255.2791,356.005,Head
4/25/2017 2:29:19 PM:343,-0.2776271,1.539577,-0.009849101,356.9756,255.4724,356.1364,Head
4/25/2017 2:29:19 PM:421,-0.2770894,1.539983,-0.007030196,356.8664,256.2212,356.1154,Head
4/25/2017 2:29:19 PM:473,-0.2772776,1.539963,-0.00574984,357.017,256.7922,356.0498,Head
4/25/2017 2:29:19 PM:509,-0.2772257,1.539922,-0.004864659,357.1651,257.1639,356.0479,Head
4/25/2017 2:29:19 PM:558,-0.2772035,1.539555,-0.004091259,357.4232,257.4901,356.1187,Head
4/25/2017 2:29:19 PM:610,-0.2773055,1.539166,-0.003708534,357.8454,257.6132,356.1268,Head
4/25/2017 2:29:19 PM:678,-0.2778429,1.538463,-0.004132725,358.6609,257.4883,355.8879,Head
4/25/2017 2:29:19 PM:735,-0.2780488,1.538104,-0.004919674,359.1338,257.2912,355.7803,Head
4/25/2017 2:29:19 PM:783,-0.2783899,1.537553,-0.006270695,359.8539,257.0578,355.498,Head
4/25/2017 2:29:19 PM:821,-0.27876,1.536637,-0.007659558,0.8329835,256.6733,355.3515,Head
4/25/2017 2:29:19 PM:882,-0.2796265,1.534839,-0.01123946,2.51732,256.007,355.2327,Head
4/25/2017 2:29:19 PM:951,-0.2802143,1.533615,-0.01452176,3.272779,255.6775,355.2715,Head
4/25/2017 2:29:19 PM:992,-0.2807424,1.533142,-0.01759975,3.761683,255.4333,355.1987,Head
4/25/2017 2:29:20 PM:29,-0.2815337,1.533696,-0.02096295,3.895573,255.2907,355.1802,Head
4/25/2017 2:29:20 PM:70,-0.2823332,1.5345,-0.02366342,3.861083,255.2522,355.1786,Head
4/25/2017 2:29:20 PM:107,-0.2834219,1.535732,-0.02741414,3.788655,255.2466,355.3889,Head
4/25/2017 2:29:20 PM:157,-0.2843386,1.536561,-0.03054862,3.772804,255.2695,355.6555,Head
4/25/2017 2:29:20 PM:208,-0.286429,1.538088,-0.03572303,3.669929,255.3138,356.1492,Head
4/25/2017 2:29:20 PM:259,-0.2891645,1.539606,-0.0409245,3.554163,255.1926,356.5733,Head
4/25/2017 2:29:20 PM:328,-0.2944616,1.541533,-0.04909723,3.556475,254.508,357.0785,Head
4/25/2017 2:29:20 PM:394,-0.2963651,1.541745,-0.05239376,3.557098,254.0556,357.3023,Head
4/25/2017 2:29:20 PM:440,-0.2992953,1.541776,-0.05717757,3.55484,253.1566,357.4696,Head
4/25/2017 2:29:20 PM:484,-0.301656,1.541987,-0.06094021,3.551607,252.3758,357.4134,Head
4/25/2017 2:29:20 PM:534,-0.3036276,1.542407,-0.06416633,3.582617,251.5906,357.4721,Head
4/25/2017 2:29:20 PM:604,-0.3051993,1.543133,-0.06785448,3.486355,250.8246,357.6196,Head
4/25/2017 2:29:20 PM:672,-0.3086447,1.545501,-0.07446991,2.160056,249.5981,358.087,Head
4/25/2017 2:29:20 PM:727,-0.3098467,1.545734,-0.07606947,1.895551,249.2036,358.0251,Head
4/25/2017 2:29:20 PM:767,-0.3115929,1.545906,-0.07811382,1.797621,248.7368,358.0591,Head
4/25/2017 2:29:20 PM:823,-0.3136695,1.545638,-0.08011086,1.915149,248.2615,358.1313,Head
4/25/2017 2:29:20 PM:860,-0.3149557,1.545693,-0.08137154,1.93603,248.039,358.2111,Head
4/25/2017 2:29:20 PM:909,-0.3165781,1.545918,-0.08282685,1.873164,247.8649,358.2701,Head
4/25/2017 2:29:20 PM:973,-0.3195808,1.546345,-0.08494529,1.665155,247.8915,358.3805,Head
4/25/2017 2:29:21 PM:26,-0.3204806,1.546604,-0.08559502,1.578362,248.0116,358.4471,Head
4/25/2017 2:29:21 PM:87,-0.3216483,1.546944,-0.08646367,1.437749,248.0871,358.5026,Head
4/25/2017 2:29:21 PM:133,-0.322389,1.547151,-0.08680232,1.338309,248.0295,358.4524,Head
4/25/2017 2:29:21 PM:170,-0.322786,1.547527,-0.08747061,1.257027,247.9596,358.38,Head
4/25/2017 2:29:21 PM:209,-0.323107,1.54774,-0.08801187,1.12381,247.955,358.3053,Head
4/25/2017 2:29:21 PM:244,-0.323097,1.547893,-0.08865444,0.9347034,247.9997,358.2834,Head
4/25/2017 2:29:21 PM:281,-0.3230485,1.547951,-0.08906509,0.8016055,248.1109,358.2038,Head
4/25/2017 2:29:21 PM:315,-0.3227687,1.547921,-0.08962117,0.6484952,248.2347,358.1744,Head
4/25/2017 2:29:21 PM:350,-0.3222341,1.548101,-0.09009437,0.4827459,248.3429,358.1263,Head
4/25/2017 2:29:21 PM:399,-0.3216566,1.548272,-0.09102352,0.2468176,248.4142,358.0863,Head
4/25/2017 2:29:21 PM:464,-0.3202911,1.548437,-0.09370017,359.7238,248.3825,358.0077,Head
4/25/2017 2:29:21 PM:513,-0.3198296,1.548449,-0.09498417,359.6166,248.2504,357.9699,Head
4/25/2017 2:29:21 PM:561,-0.3192694,1.548698,-0.09643978,359.4582,248.0264,357.9478,Head
4/25/2017 2:29:21 PM:611,-0.3187814,1.548903,-0.09787148,359.299,247.7544,357.9611,Head
4/25/2017 2:29:21 PM:657,-0.3182298,1.549123,-0.09940456,359.1392,247.4374,357.9803,Head
4/25/2017 2:29:21 PM:713,-0.3176373,1.549372,-0.101033,358.9381,247.0696,358.0136,Head
4/25/2017 2:29:21 PM:753,-0.3171089,1.54968,-0.1028657,358.6899,246.57,357.9893,Head
4/25/2017 2:29:21 PM:798,-0.3167216,1.550043,-0.1038546,358.5212,246.2448,357.9754,Head
4/25/2017 2:29:21 PM:874,-0.3169808,1.550738,-0.1053409,358.1258,245.888,358.0758,Head
4/25/2017 2:29:21 PM:910,-0.3173291,1.550851,-0.1055878,358.0197,245.92,358.0424,Head
4/25/2017 2:29:21 PM:958,-0.3180294,1.550982,-0.1061246,357.9589,245.9253,358.128,Head
4/25/2017 2:29:22 PM:13,-0.3190061,1.550979,-0.1063296,357.9774,245.9644,358.1436,Head
4/25/2017 2:29:22 PM:53,-0.3204126,1.550761,-0.1063188,358.1487,246.0456,358.1539,Head
4/25/2017 2:29:22 PM:95,-0.3216083,1.55053,-0.1062069,358.3342,246.1854,358.1038,Head
4/25/2017 2:29:22 PM:130,-0.3225042,1.550571,-0.1058679,358.4402,246.3381,358.0093,Head
4/25/2017 2:29:22 PM:182,-0.3237276,1.550486,-0.1052661,358.5761,246.6512,357.9166,Head
4/25/2017 2:29:22 PM:230,-0.3247083,1.550409,-0.1043486,358.7008,247.0743,357.8142,Head
4/25/2017 2:29:22 PM:269,-0.3256446,1.550287,-0.1033691,358.8143,247.5205,357.6776,Head
4/25/2017 2:29:22 PM:328,-0.3261966,1.550502,-0.1026639,358.8699,247.9588,357.5582,Head
4/25/2017 2:29:22 PM:380,-0.3267381,1.55083,-0.1012291,358.8697,248.521,357.5718,Head
4/25/2017 2:29:22 PM:450,-0.3268067,1.55093,-0.09974958,358.8598,249.1552,357.5538,Head
4/25/2017 2:29:22 PM:500,-0.3264494,1.550717,-0.09920248,358.9117,249.375,357.5339,Head
4/25/2017 2:29:22 PM:543,-0.3260557,1.550531,-0.09869894,358.9403,249.6281,357.5582,Head
4/25/2017 2:29:22 PM:590,-0.3255455,1.550355,-0.09805331,358.9552,249.8515,357.5258,Head
4/25/2017 2:29:22 PM:642,-0.3251226,1.550363,-0.09779006,358.9508,250.0133,357.5589,Head
4/25/2017 2:29:22 PM:678,-0.3246367,1.55044,-0.09739404,358.945,250.1798,357.4973,Head
4/25/2017 2:29:22 PM:715,-0.3241767,1.550459,-0.0971664,358.9362,250.2806,357.4465,Head
4/25/2017 2:29:22 PM:754,-0.3236553,1.550548,-0.09706143,358.9562,250.4478,357.4051,Head
4/25/2017 2:29:22 PM:802,-0.3230383,1.550504,-0.09719484,358.9957,250.6292,357.4019,Head
4/25/2017 2:29:22 PM:842,-0.3224019,1.550584,-0.09714241,359.0177,250.7192,357.4189,Head
4/25/2017 2:29:22 PM:883,-0.3215711,1.55064,-0.09744392,358.962,250.815,357.4569,Head
4/25/2017 2:29:22 PM:937,-0.3205938,1.55071,-0.09779556,358.9121,250.8271,357.5165,Head
4/25/2017 2:29:22 PM:983,-0.3190486,1.550935,-0.09851129,358.8402,250.8044,357.6301,Head
4/25/2017 2:29:23 PM:51,-0.3163877,1.550825,-0.09947252,358.7248,250.6836,357.8453,Head
4/25/2017 2:29:23 PM:110,-0.3155502,1.550957,-0.09950277,358.6611,250.6366,357.9161,Head
4/25/2017 2:29:23 PM:175,-0.3140866,1.55112,-0.09995867,358.5791,250.6563,357.9864,Head
4/25/2017 2:29:23 PM:240,-0.3119962,1.55123,-0.1003178,358.5162,250.7721,357.9796,Head
4/25/2017 2:29:23 PM:294,-0.3115036,1.551383,-0.1002523,358.5272,250.8062,358.0747,Head
4/25/2017 2:29:23 PM:333,-0.3110077,1.551271,-0.1003726,358.4944,250.8622,358.0899,Head
4/25/2017 2:29:23 PM:367,-0.3103106,1.551351,-0.1001722,358.4741,250.875,358.1201,Head
4/25/2017 2:29:23 PM:407,-0.3097817,1.551338,-0.100144,358.4663,250.8979,358.1105,Head
4/25/2017 2:29:23 PM:460,-0.309158,1.5513,-0.1001068,358.4525,250.9516,358.1268,Head
4/25/2017 2:29:23 PM:507,-0.3085909,1.551364,-0.09980114,358.4155,251.0659,358.048,Head
4/25/2017 2:29:23 PM:565,-0.3073932,1.551477,-0.09941271,358.372,251.3137,357.9301,Head
4/25/2017 2:29:23 PM:629,-0.306617,1.551556,-0.09930678,358.2823,251.4721,357.9354,Head
4/25/2017 2:29:23 PM:668,-0.306224,1.551773,-0.09924492,358.2289,251.5864,357.9345,Head
4/25/2017 2:29:23 PM:733,-0.3045358,1.552003,-0.09949492,358.0748,251.7647,358.0698,Head
4/25/2017 2:29:23 PM:786,-0.3039869,1.552121,-0.09959926,358.0523,251.7709,358.1319,Head
4/25/2017 2:29:23 PM:826,-0.3031223,1.55221,-0.09987698,358.0349,251.7916,358.2313,Head
4/25/2017 2:29:23 PM:882,-0.3022149,1.552351,-0.09983951,357.9965,251.8179,358.3126,Head
4/25/2017 2:29:23 PM:928,-0.3017901,1.552456,-0.09977692,357.9623,251.8438,358.3402,Head
4/25/2017 2:29:23 PM:971,-0.3013667,1.552268,-0.09970765,357.9962,251.8409,358.3646,Head
4/25/2017 2:29:24 PM:22,-0.3006954,1.552171,-0.09923365,358.0649,251.8386,358.3325,Head
4/25/2017 2:29:24 PM:86,-0.3003994,1.552176,-0.09912407,358.1111,251.7475,358.3616,Head
4/25/2017 2:29:24 PM:125,-0.2999814,1.552143,-0.09896634,358.1859,251.5567,358.3565,Head
4/25/2017 2:29:24 PM:190,-0.2991062,1.551965,-0.09853215,358.2013,251.2048,358.2981,Head
4/25/2017 2:29:24 PM:244,-0.2989269,1.552093,-0.0982481,358.1941,251.1976,358.2407,Head
4/25/2017 2:29:24 PM:279,-0.2986092,1.551996,-0.0979454,358.1849,251.1902,358.2467,Head
4/25/2017 2:29:24 PM:332,-0.2985393,1.55205,-0.09763464,358.1914,251.1523,358.147,Head
4/25/2017 2:29:24 PM:383,-0.298192,1.551959,-0.09722565,358.1655,251.0197,358.0656,Head
4/25/2017 2:29:24 PM:429,-0.2976314,1.551989,-0.09689581,358.0824,250.8197,358.0617,Head
4/25/2017 2:29:24 PM:487,-0.2976636,1.552111,-0.09650651,357.9972,250.5735,358.0949,Head
4/25/2017 2:29:24 PM:520,-0.2977163,1.552063,-0.09628166,358.053,250.3876,358.0721,Head
4/25/2017 2:29:24 PM:569,-0.2976431,1.551984,-0.0958174,358.0808,250.2086,357.9986,Head
4/25/2017 2:29:24 PM:611,-0.297758,1.551743,-0.09538275,358.0858,250.0788,357.8633,Head
4/25/2017 2:29:24 PM:662,-0.2978457,1.551753,-0.09474647,358.0935,250.147,357.7759,Head
4/25/2017 2:29:24 PM:717,-0.298152,1.551653,-0.09424824,358.1283,250.2241,357.7592,Head
4/25/2017 2:29:24 PM:781,-0.2990528,1.551431,-0.0929689,358.1997,250.1843,357.5885,Head
4/25/2017 2:29:24 PM:831,-0.2996499,1.551273,-0.09241135,358.3751,250.0714,357.4596,Head
4/25/2017 2:29:24 PM:883,-0.3003181,1.551054,-0.09171947,358.5498,249.9394,357.2848,Head
4/25/2017 2:29:24 PM:930,-0.3013065,1.55066,-0.09076732,358.7255,249.95,357.0607,Head
4/25/2017 2:29:24 PM:977,-0.3016702,1.550474,-0.08992879,358.7837,250.0929,356.9079,Head
4/25/2017 2:29:25 PM:30,-0.3023216,1.550245,-0.0892626,358.8939,250.2068,356.7659,Head
4/25/2017 2:29:25 PM:69,-0.3029189,1.549882,-0.08873637,359.0641,250.2774,356.5316,Head
4/25/2017 2:29:25 PM:111,-0.3033984,1.549567,-0.08839352,359.2102,250.3091,356.3321,Head
4/25/2017 2:29:25 PM:148,-0.3037443,1.549393,-0.08821786,359.3264,250.3322,356.2023,Head
4/25/2017 2:29:25 PM:200,-0.3040351,1.549101,-0.08802457,359.4133,250.3618,356.1215,Head
4/25/2017 2:29:25 PM:250,-0.3044599,1.548867,-0.08806561,359.4965,250.3235,356.0709,Head
4/25/2017 2:29:25 PM:316,-0.3048903,1.54868,-0.08829557,359.6503,250.1154,356.0424,Head
4/25/2017 2:29:25 PM:371,-0.3050005,1.54867,-0.08839981,359.6842,250.0905,356.0373,Head
4/25/2017 2:29:25 PM:413,-0.3052004,1.548493,-0.08856812,359.7439,250.0557,356.1487,Head
4/25/2017 2:29:25 PM:451,-0.3054007,1.54846,-0.08900692,359.805,250.0513,356.1148,Head
4/25/2017 2:29:25 PM:508,-0.3054738,1.548387,-0.08933694,359.8633,249.977,356.2438,Head
4/25/2017 2:29:25 PM:551,-0.3052657,1.54837,-0.08985451,359.8942,249.8489,356.3843,Head
4/25/2017 2:29:25 PM:599,-0.3051077,1.54837,-0.08995201,359.9181,249.7373,356.4421,Head
4/25/2017 2:29:25 PM:638,-0.3049749,1.548413,-0.08997428,359.9005,249.6735,356.482,Head
4/25/2017 2:29:25 PM:683,-0.3048274,1.548508,-0.08976157,359.858,249.65,356.541,Head
4/25/2017 2:29:25 PM:741,-0.3044728,1.548787,-0.08906797,359.7389,249.7779,356.6388,Head
4/25/2017 2:29:25 PM:803,-0.3041617,1.548833,-0.08845942,359.6693,249.8598,356.6244,Head
4/25/2017 2:29:25 PM:864,-0.3038178,1.548947,-0.08793737,359.5805,249.9162,356.6248,Head
4/25/2017 2:29:25 PM:914,-0.3032495,1.549172,-0.08711086,359.4618,249.9162,356.6835,Head
4/25/2017 2:29:25 PM:952,-0.3029326,1.549393,-0.08675882,359.387,249.8309,356.7602,Head
4/25/2017 2:29:26 PM:5,-0.3023959,1.549452,-0.08656294,359.3021,249.6883,356.8118,Head
4/25/2017 2:29:26 PM:39,-0.3019548,1.549629,-0.08602725,359.1985,249.5315,356.8496,Head
4/25/2017 2:29:26 PM:77,-0.3018269,1.549667,-0.0856766,359.1389,249.4585,356.8517,Head
4/25/2017 2:29:26 PM:121,-0.3014111,1.549662,-0.08513894,359.0682,249.3899,356.8283,Head
4/25/2017 2:29:26 PM:203,-0.3011851,1.54972,-0.08430681,358.9903,249.3201,356.69,Head
4/25/2017 2:29:26 PM:266,-0.3009175,1.54973,-0.08346561,358.8913,249.252,356.7109,Head
4/25/2017 2:29:26 PM:316,-0.3008126,1.54979,-0.08328689,358.834,249.1438,356.7363,Head
4/25/2017 2:29:26 PM:356,-0.3006653,1.549759,-0.08300968,358.7837,249.0549,356.7175,Head
4/25/2017 2:29:26 PM:404,-0.3005232,1.549948,-0.0824958,358.6902,248.9816,356.7336,Head
4/25/2017 2:29:26 PM:451,-0.3004275,1.550195,-0.08210999,358.6169,249.0002,356.7389,Head
4/25/2017 2:29:26 PM:500,-0.3001586,1.550312,-0.08155297,358.5277,249.0352,356.762,Head
4/25/2017 2:29:26 PM:567,-0.2995336,1.550317,-0.08099291,358.4392,249.1454,356.7327,Head
4/25/2017 2:29:26 PM:622,-0.2992094,1.550395,-0.08089219,358.3853,249.236,356.7408,Head
4/25/2017 2:29:26 PM:667,-0.2988665,1.550718,-0.0806642,358.2717,249.3212,356.7815,Head
4/25/2017 2:29:26 PM:715,-0.2983828,1.550898,-0.08055939,358.1545,249.3474,356.8393,Head
4/25/2017 2:29:26 PM:771,-0.2978364,1.551081,-0.08037181,358.0226,249.3197,356.8791,Head
4/25/2017 2:29:26 PM:821,-0.296954,1.551339,-0.08037937,357.8639,249.3397,356.9473,Head
4/25/2017 2:29:26 PM:860,-0.2960745,1.551532,-0.08048896,357.6908,249.3963,357.0565,Head
4/25/2017 2:29:26 PM:907,-0.2953306,1.551878,-0.08050428,357.4713,249.4446,357.1755,Head
4/25/2017 2:29:26 PM:943,-0.2943399,1.552419,-0.08062947,357.239,249.4601,357.2555,Head
4/25/2017 2:29:26 PM:993,-0.2933006,1.552923,-0.08075152,356.9157,249.4481,357.4054,Head
4/25/2017 2:29:27 PM:66,-0.2920437,1.553379,-0.08087792,356.5812,249.3797,357.5472,Head
4/25/2017 2:29:27 PM:107,-0.2900988,1.554156,-0.08106159,356.0472,249.1719,357.7762,Head
4/25/2017 2:29:27 PM:148,-0.2887072,1.554595,-0.08113866,355.6874,249.0234,357.9113,Head
4/25/2017 2:29:27 PM:187,-0.2873033,1.555324,-0.08115278,355.3023,248.919,358.0338,Head
4/25/2017 2:29:27 PM:220,-0.2861639,1.555801,-0.08103869,355.0063,248.8598,358.1409,Head
4/25/2017 2:29:27 PM:254,-0.2849128,1.556201,-0.08107613,354.721,248.7901,358.2465,Head
4/25/2017 2:29:27 PM:295,-0.2836462,1.556632,-0.08091477,354.4358,248.7287,358.3136,Head
4/25/2017 2:29:27 PM:340,-0.2817209,1.557041,-0.08067066,354.0363,248.6709,358.4107,Head
4/25/2017 2:29:27 PM:400,-0.2797838,1.557507,-0.08029062,353.6441,248.5913,358.5139,Head
4/25/2017 2:29:27 PM:456,-0.2768069,1.558396,-0.07917742,353.0474,248.5383,358.6675,Head
4/25/2017 2:29:27 PM:519,-0.2726363,1.558833,-0.07731946,352.3521,248.5311,358.8034,Head
4/25/2017 2:29:27 PM:582,-0.2705899,1.55919,-0.07590742,352.0765,248.6332,358.7911,Head
4/25/2017 2:29:27 PM:630,-0.2684798,1.559727,-0.07406052,351.7659,248.742,358.7889,Head
4/25/2017 2:29:27 PM:677,-0.2663045,1.56023,-0.07212186,351.4998,248.8183,358.7945,Head
4/25/2017 2:29:27 PM:724,-0.2643731,1.560693,-0.06984913,351.2085,248.936,358.6804,Head
4/25/2017 2:29:27 PM:771,-0.2624543,1.560983,-0.06724313,350.9497,249.0108,358.7213,Head
4/25/2017 2:29:27 PM:806,-0.2605903,1.561112,-0.06445099,350.7889,249.1194,358.7413,Head
4/25/2017 2:29:27 PM:835,-0.2592542,1.560853,-0.06221963,350.7167,249.1998,358.7708,Head
4/25/2017 2:29:27 PM:875,-0.2582556,1.560837,-0.0600729,350.7103,249.301,358.7669,Head
4/25/2017 2:29:27 PM:924,-0.2571836,1.560801,-0.05660102,350.758,249.5128,358.732,Head
4/25/2017 2:29:27 PM:978,-0.2563545,1.560505,-0.05188397,350.8269,249.8153,358.6196,Head
4/25/2017 2:29:28 PM:67,-0.2559284,1.55916,-0.04386937,351.0219,250.1342,358.2482,Head
4/25/2017 2:29:28 PM:118,-0.2565508,1.557552,-0.03919553,351.417,250.2174,357.9305,Head
4/25/2017 2:29:28 PM:169,-0.2571743,1.556555,-0.03627015,351.7688,250.2597,357.7055,Head
4/25/2017 2:29:28 PM:220,-0.2585252,1.554203,-0.03140661,352.6962,250.261,357.3209,Head
4/25/2017 2:29:28 PM:291,-0.2601056,1.550695,-0.02568014,354.0642,250.1033,356.6659,Head
4/25/2017 2:29:28 PM:362,-0.2628229,1.546396,-0.01653846,355.7137,250.1624,354.9581,Head
4/25/2017 2:29:28 PM:406,-0.262994,1.545714,-0.0144632,356.1101,250.5832,354.468,Head
4/25/2017 2:29:28 PM:447,-0.2633931,1.54494,-0.009985294,356.6843,251.723,353.5168,Head
4/25/2017 2:29:28 PM:495,-0.2638567,1.54425,-0.006285399,357.1306,253.3013,352.9909,Head
4/25/2017 2:29:28 PM:536,-0.2638703,1.543752,-0.003016181,357.4832,255.2165,352.7711,Head
4/25/2017 2:29:28 PM:594,-0.2638451,1.543743,-0.0003322251,357.5381,257.6084,352.9031,Head
4/25/2017 2:29:28 PM:658,-0.2641256,1.544927,0.001405433,357.1842,261.1313,353.2156,Head
4/25/2017 2:29:28 PM:722,-0.2642646,1.545838,0.0005423576,356.8969,262.2609,353.2428,Head
4/25/2017 2:29:28 PM:764,-0.26419,1.546436,-0.001098212,356.5346,263.5848,353.3264,Head
4/25/2017 2:29:28 PM:825,-0.2644346,1.547511,-0.006750602,355.8111,265.6457,353.3386,Head
4/25/2017 2:29:28 PM:888,-0.264762,1.548153,-0.009893697,355.4214,266.2856,353.2312,Head
4/25/2017 2:29:28 PM:930,-0.2650059,1.549923,-0.0141158,354.9955,267.1923,353.198,Head
4/25/2017 2:29:28 PM:975,-0.2657924,1.551962,-0.01888597,354.3972,268.2634,353.3814,Head
4/25/2017 2:29:29 PM:15,-0.2670667,1.553587,-0.02402031,353.776,269.3088,353.8322,Head
4/25/2017 2:29:29 PM:63,-0.2687953,1.554362,-0.02910969,353.3585,270.2025,354.2373,Head
4/25/2017 2:29:29 PM:102,-0.2707279,1.554453,-0.03411628,353.1935,270.9209,354.651,Head
4/25/2017 2:29:29 PM:147,-0.2726424,1.554658,-0.0391961,353.3546,271.5335,355.0099,Head
4/25/2017 2:29:29 PM:217,-0.2763471,1.555056,-0.04679465,353.508,272.6507,355.8867,Head
4/25/2017 2:29:29 PM:284,-0.2801473,1.555928,-0.05290897,353.0385,273.8951,356.8593,Head
4/25/2017 2:29:29 PM:341,-0.2815751,1.556109,-0.05475185,353.0461,274.2709,357.2108,Head
4/25/2017 2:29:29 PM:387,-0.2833057,1.556336,-0.05710251,353.0642,274.6879,357.5175,Head
4/25/2017 2:29:29 PM:451,-0.2866602,1.557021,-0.05953468,352.6667,275.7397,357.6086,Head
4/25/2017 2:29:29 PM:504,-0.2878253,1.557284,-0.05959474,352.5373,276.5043,357.4521,Head
4/25/2017 2:29:29 PM:556,-0.2895632,1.55751,-0.05935679,352.4736,277.7106,357.2935,Head
4/25/2017 2:29:29 PM:594,-0.2909207,1.557582,-0.05858161,352.4398,279.1839,357.1321,Head
4/25/2017 2:29:29 PM:633,-0.2920459,1.557641,-0.05796364,352.4836,280.3612,357.0174,Head
4/25/2017 2:29:29 PM:702,-0.2948886,1.557355,-0.05651946,352.7124,283.2134,356.6593,Head
4/25/2017 2:29:29 PM:753,-0.2959819,1.557492,-0.05639023,352.6664,283.6774,356.5644,Head
4/25/2017 2:29:29 PM:802,-0.2987736,1.557766,-0.05653601,352.417,284.4719,356.3235,Head
4/25/2017 2:29:29 PM:840,-0.3012538,1.557821,-0.0572056,352.3801,284.4348,356.3503,Head
4/25/2017 2:29:29 PM:880,-0.303569,1.557802,-0.05814467,352.4778,283.8637,356.3215,Head
4/25/2017 2:29:29 PM:919,-0.305241,1.557778,-0.05922547,352.6407,283.1692,356.4363,Head
4/25/2017 2:29:29 PM:959,-0.3070258,1.557308,-0.06074009,353.0123,282.0844,356.512,Head
4/25/2017 2:29:30 PM:28,-0.3082362,1.556542,-0.06302357,353.5163,280.722,356.3344,Head
4/25/2017 2:29:30 PM:69,-0.3091088,1.556052,-0.06540583,353.795,279.3337,356.153,Head
4/25/2017 2:29:30 PM:125,-0.3095039,1.556473,-0.06817763,353.7216,278.0196,356.1593,Head
4/25/2017 2:29:30 PM:166,-0.3092882,1.556778,-0.0699691,353.5483,277.2474,356.4199,Head
4/25/2017 2:29:30 PM:221,-0.3088245,1.557159,-0.07206717,353.2039,276.3307,356.7723,Head
4/25/2017 2:29:30 PM:267,-0.3084204,1.557954,-0.0743299,352.5834,275.4101,357.1517,Head
4/25/2017 2:29:30 PM:305,-0.3081933,1.55861,-0.07611555,352.1491,274.8402,357.5067,Head
4/25/2017 2:29:30 PM:354,-0.3083629,1.559009,-0.07710438,351.8233,274.4716,357.8356,Head
4/25/2017 2:29:30 PM:410,-0.3089771,1.559469,-0.07912263,351.1265,274.0131,359.0185,Head
4/25/2017 2:29:30 PM:465,-0.3088499,1.559602,-0.07908519,351.0191,274.1659,359.3155,Head
4/25/2017 2:29:30 PM:505,-0.3085526,1.559784,-0.07861367,350.8681,274.4389,359.5128,Head
4/25/2017 2:29:30 PM:543,-0.308325,1.56018,-0.078004,350.6911,274.7771,359.4573,Head
4/25/2017 2:29:30 PM:578,-0.3077403,1.560507,-0.07711323,350.5118,275.228,359.4032,Head
4/25/2017 2:29:30 PM:618,-0.3068811,1.560673,-0.07560987,350.3771,276.0482,359.2617,Head
4/25/2017 2:29:30 PM:668,-0.3060547,1.560774,-0.07379236,350.3354,277.1527,359.0817,Head
4/25/2017 2:29:30 PM:710,-0.30494,1.560546,-0.07165007,350.3843,278.4836,358.8636,Head
4/25/2017 2:29:30 PM:743,-0.3037896,1.560393,-0.07034427,350.4912,279.6086,358.7315,Head
4/25/2017 2:29:30 PM:799,-0.3015997,1.560087,-0.06742871,350.7047,281.8157,358.3914,Head
4/25/2017 2:29:30 PM:845,-0.299458,1.559832,-0.06495388,350.9109,283.8784,358.059,Head
4/25/2017 2:29:30 PM:917,-0.2941419,1.55918,-0.05988633,351.1375,288.7536,356.9728,Head
4/25/2017 2:29:30 PM:967,-0.2915404,1.559118,-0.0581829,351.2211,290.8721,356.3874,Head
4/25/2017 2:29:31 PM:10,-0.2880035,1.55902,-0.05621456,351.3519,293.497,355.7939,Head
4/25/2017 2:29:31 PM:66,-0.2837182,1.558733,-0.05445796,351.4784,296.325,355.1382,Head
4/25/2017 2:29:31 PM:101,-0.2811564,1.558539,-0.05378072,351.5458,297.7292,354.7578,Head
4/25/2017 2:29:31 PM:154,-0.2779687,1.557839,-0.05329912,351.6793,299.1108,354.4338,Head
4/25/2017 2:29:31 PM:202,-0.2750199,1.557297,-0.05319988,351.8327,300.0874,354.1288,Head
4/25/2017 2:29:31 PM:247,-0.2721651,1.55701,-0.05363304,351.8778,300.8658,353.9972,Head
4/25/2017 2:29:31 PM:291,-0.2701414,1.557003,-0.05414665,351.8547,301.3645,353.955,Head
4/25/2017 2:29:31 PM:341,-0.2682763,1.556973,-0.05460225,351.7798,301.7825,353.9699,Head
4/25/2017 2:29:31 PM:400,-0.2668282,1.556906,-0.05510932,351.7039,302.1646,353.8748,Head
4/25/2017 2:29:31 PM:434,-0.2655318,1.557067,-0.05543195,351.6392,302.5838,353.7278,Head
4/25/2017 2:29:31 PM:489,-0.2651108,1.557082,-0.05558619,351.637,302.8016,353.6409,Head
4/25/2017 2:29:31 PM:537,-0.2645317,1.556928,-0.05565874,351.6407,303.1659,353.5183,Head
4/25/2017 2:29:31 PM:602,-0.2647629,1.556925,-0.05531579,351.6319,303.2686,353.5382,Head
4/25/2017 2:29:31 PM:652,-0.2653417,1.556809,-0.05510001,351.6685,303.3487,353.5982,Head
4/25/2017 2:29:31 PM:719,-0.2673779,1.556919,-0.05404469,351.792,303.3729,353.7251,Head
4/25/2017 2:29:31 PM:789,-0.2685006,1.556869,-0.05382627,351.8811,303.2774,353.7687,Head
4/25/2017 2:29:31 PM:859,-0.2709569,1.556708,-0.05352788,352.105,302.848,353.901,Head
4/25/2017 2:29:31 PM:912,-0.2751171,1.556874,-0.05311892,352.3861,301.8843,354.1288,Head
4/25/2017 2:29:31 PM:986,-0.2774096,1.556975,-0.0530843,352.4666,301.2231,354.3305,Head
4/25/2017 2:29:32 PM:42,-0.2806018,1.557031,-0.05339126,352.5319,300.2429,354.6367,Head
4/25/2017 2:29:32 PM:93,-0.2839009,1.5571,-0.05388958,352.6277,299.1448,354.8932,Head
4/25/2017 2:29:32 PM:149,-0.2868558,1.557299,-0.05417404,352.7404,298.2097,355.0784,Head
4/25/2017 2:29:32 PM:210,-0.2933015,1.557338,-0.05572686,353.1927,295.3669,355.4274,Head
4/25/2017 2:29:32 PM:267,-0.29509,1.557705,-0.05739415,353.0698,293.9125,355.2537,Head
4/25/2017 2:29:32 PM:323,-0.297621,1.559028,-0.06133416,352.4302,291.2344,355.2218,Head
4/25/2017 2:29:32 PM:396,-0.3000942,1.56021,-0.06904019,351.6297,286.0466,356.0529,Head
4/25/2017 2:29:32 PM:454,-0.3000734,1.559933,-0.07221028,351.5952,283.7913,356.5466,Head
4/25/2017 2:29:32 PM:504,-0.3000222,1.559434,-0.07748684,351.6379,280.0967,357.2951,Head
4/25/2017 2:29:32 PM:592,-0.3001599,1.559193,-0.08511752,351.3869,274.4318,358.6326,Head
4/25/2017 2:29:32 PM:657,-0.3008015,1.559002,-0.0889211,351.2968,271.2781,359.4232,Head
4/25/2017 2:29:32 PM:706,-0.3014674,1.558926,-0.09179791,351.3093,268.4948,0.2763422,Head
4/25/2017 2:29:32 PM:759,-0.3022141,1.558789,-0.0934402,351.3029,266.2021,0.9631715,Head
4/25/2017 2:29:32 PM:835,-0.3036374,1.558296,-0.09410964,351.5118,263.355,1.325169,Head
4/25/2017 2:29:32 PM:900,-0.3042949,1.558075,-0.09320514,351.638,262.7778,1.081108,Head
4/25/2017 2:29:32 PM:944,-0.3047263,1.557776,-0.09243786,351.743,262.5319,0.8350343,Head
4/25/2017 2:29:32 PM:988,-0.3052415,1.557549,-0.09110311,351.8692,262.4133,0.475588,Head
4/25/2017 2:29:33 PM:50,-0.3055328,1.55725,-0.08935476,351.9691,262.3492,0.05040682,Head
4/25/2017 2:29:33 PM:120,-0.305508,1.556991,-0.0861595,352.0039,262.86,359.5261,Head
4/25/2017 2:29:33 PM:168,-0.3055448,1.556947,-0.08512766,352.0232,263.5569,359.4355,Head
4/25/2017 2:29:33 PM:222,-0.3051742,1.556482,-0.08212781,352.1296,265.5827,359.1714,Head
4/25/2017 2:29:33 PM:287,-0.304298,1.556351,-0.07734799,352.0945,268.9996,358.6003,Head
4/25/2017 2:29:33 PM:364,-0.3032671,1.556506,-0.07333244,351.9824,272.0758,357.973,Head
4/25/2017 2:29:33 PM:435,-0.302597,1.556457,-0.07141352,352.0595,273.5166,357.6451,Head
4/25/2017 2:29:33 PM:478,-0.3019342,1.556005,-0.06920718,352.2295,275.0267,357.5602,Head
4/25/2017 2:29:33 PM:526,-0.3010756,1.555694,-0.06736994,352.4286,276.3585,357.4037,Head
4/25/2017 2:29:33 PM:599,-0.2992894,1.554969,-0.06413652,352.6899,278.2924,357.2048,Head
4/25/2017 2:29:33 PM:647,-0.2984172,1.554932,-0.06289245,352.7597,279.0237,357.0698,Head
4/25/2017 2:29:33 PM:686,-0.2974703,1.554953,-0.06175594,352.7638,279.7886,356.9243,Head
4/25/2017 2:29:33 PM:731,-0.2960277,1.554934,-0.0601529,352.7223,280.9258,356.7164,Head
4/25/2017 2:29:33 PM:779,-0.2948753,1.555055,-0.05842796,352.6549,282.0773,356.5398,Head
4/25/2017 2:29:33 PM:815,-0.2937217,1.5554,-0.05711748,352.5727,283.2161,356.3972,Head
4/25/2017 2:29:33 PM:859,-0.2928808,1.555339,-0.05619392,352.5481,283.9626,356.3303,Head
4/25/2017 2:29:33 PM:924,-0.2918988,1.555163,-0.05542616,352.5798,284.8441,356.2902,Head
4/25/2017 2:29:33 PM:995,-0.2910541,1.554919,-0.05525921,352.8488,285.2739,356.1994,Head
4/25/2017 2:29:34 PM:46,-0.2910675,1.555037,-0.05550832,352.8091,285.1334,356.1829,Head
4/25/2017 2:29:34 PM:91,-0.2911104,1.55537,-0.05583993,352.6818,284.8924,356.2454,Head
4/25/2017 2:29:34 PM:129,-0.2912104,1.555913,-0.05619192,352.4843,284.7513,356.1853,Head
4/25/2017 2:29:34 PM:179,-0.2911117,1.556436,-0.05671708,352.2854,284.5339,356.3919,Head
4/25/2017 2:29:34 PM:241,-0.2908165,1.556612,-0.05739233,352.2334,284.2029,356.6255,Head
4/25/2017 2:29:34 PM:317,-0.2903716,1.555242,-0.05848507,353.251,282.8857,356.8307,Head
4/25/2017 2:29:34 PM:369,-0.2900747,1.554356,-0.05926882,353.9126,282.0979,356.4675,Head
4/25/2017 2:29:34 PM:420,-0.2890632,1.553057,-0.05964847,354.9107,281.0182,355.9743,Head
4/25/2017 2:29:34 PM:492,-0.2843157,1.552782,-0.05874563,355.5573,281.1531,355.3535,Head
4/25/2017 2:29:34 PM:570,-0.2817502,1.553689,-0.05698608,354.8664,282.3318,355.4351,Head
4/25/2017 2:29:34 PM:620,-0.2761344,1.555347,-0.05178048,353.6615,286.0977,355.4196,Head
4/25/2017 2:29:34 PM:688,-0.2703893,1.555949,-0.04389505,353.2528,291.3194,354.7835,Head
4/25/2017 2:29:34 PM:740,-0.2689731,1.555507,-0.04086492,353.4122,293.2288,354.3225,Head
4/25/2017 2:29:34 PM:779,-0.2676831,1.554982,-0.03807309,353.65,294.8842,353.8938,Head
4/25/2017 2:29:34 PM:832,-0.2664263,1.554257,-0.03459816,354.0491,296.6906,353.5196,Head
4/25/2017 2:29:34 PM:882,-0.2659875,1.554107,-0.03081385,354.3355,298.3159,352.912,Head
4/25/2017 2:29:34 PM:937,-0.2665116,1.554236,-0.02764851,354.2881,299.1289,352.616,Head
4/25/2017 2:29:35 PM:1,-0.26874,1.554525,-0.02296225,354.3778,299.416,352.2711,Head
4/25/2017 2:29:35 PM:54,-0.2697208,1.554375,-0.02146848,354.4929,299.3159,352.149,Head
4/25/2017 2:29:35 PM:108,-0.2709448,1.553996,-0.01970236,354.7715,299.223,351.9943,Head
4/25/2017 2:29:35 PM:157,-0.2730838,1.553259,-0.01709039,355.1952,299.0961,351.8944,Head
4/25/2017 2:29:35 PM:224,-0.2740577,1.553576,-0.01599123,355.1974,298.9045,352.0464,Head
4/25/2017 2:29:35 PM:271,-0.2751278,1.554373,-0.01501431,354.8942,298.6098,352.2096,Head
4/25/2017 2:29:35 PM:321,-0.2761157,1.555055,-0.01421112,354.4886,298.1241,352.3957,Head
4/25/2017 2:29:35 PM:381,-0.2779909,1.554837,-0.01234198,354.112,296.9261,352.7996,Head
4/25/2017 2:29:35 PM:460,-0.2786068,1.554347,-0.01167276,354.3021,296.291,352.917,Head
4/25/2017 2:29:35 PM:514,-0.2791298,1.553736,-0.01070923,354.4459,295.5928,353.0113,Head
4/25/2017 2:29:35 PM:556,-0.2790412,1.553335,-0.009855011,354.5697,294.9762,353.2109,Head
4/25/2017 2:29:35 PM:594,-0.2787663,1.553321,-0.009629675,354.5705,294.6636,353.2165,Head
4/25/2017 2:29:35 PM:641,-0.2781414,1.553483,-0.009260096,354.443,294.2881,353.2945,Head
4/25/2017 2:29:35 PM:707,-0.276675,1.553717,-0.008283899,353.8808,293.6849,353.4557,Head
4/25/2017 2:29:35 PM:758,-0.276271,1.553746,-0.007802747,353.7473,293.4952,353.4653,Head
4/25/2017 2:29:35 PM:822,-0.275614,1.553392,-0.007101425,353.8647,293.2257,353.3585,Head
4/25/2017 2:29:35 PM:860,-0.2753398,1.553382,-0.006275997,353.9449,293.1791,353.2344,Head
4/25/2017 2:29:35 PM:909,-0.2748815,1.553205,-0.0055313,354.1298,293.2809,353.0078,Head
4/25/2017 2:29:35 PM:973,-0.2739744,1.552109,-0.004108601,354.6443,293.7457,352.5212,Head
4/25/2017 2:29:36 PM:26,-0.2732339,1.551987,-0.004235295,354.7326,293.9305,352.3971,Head
4/25/2017 2:29:36 PM:78,-0.2721279,1.552073,-0.004330703,354.7505,293.994,352.372,Head
4/25/2017 2:29:36 PM:142,-0.2710578,1.5525,-0.004950597,354.2897,293.8775,352.3384,Head
4/25/2017 2:29:36 PM:209,-0.2694441,1.553147,-0.006706342,353.9912,293.707,352.199,Head
4/25/2017 2:29:36 PM:266,-0.2691249,1.553258,-0.0074998,353.8835,293.8341,352.2283,Head
4/25/2017 2:29:36 PM:326,-0.2688324,1.55342,-0.00822721,353.7726,293.9867,352.2702,Head
4/25/2017 2:29:36 PM:384,-0.2688347,1.553803,-0.009547208,353.5423,294.103,352.504,Head
4/25/2017 2:29:36 PM:457,-0.2699809,1.554062,-0.01104945,353.3813,293.9014,353.0358,Head
4/25/2017 2:29:36 PM:527,-0.2709222,1.554072,-0.01149358,353.3864,293.6104,353.1565,Head
4/25/2017 2:29:36 PM:577,-0.2717463,1.554065,-0.01144484,353.4387,293.3675,353.1967,Head
4/25/2017 2:29:36 PM:625,-0.2730725,1.553956,-0.01175501,353.4507,293.1722,353.2382,Head
4/25/2017 2:29:36 PM:676,-0.2735574,1.553966,-0.01182382,353.5027,293.2391,353.1947,Head
4/25/2017 2:29:36 PM:736,-0.2741004,1.553987,-0.01190328,353.5223,293.2654,353.1953,Head
4/25/2017 2:29:36 PM:787,-0.2752901,1.553869,-0.0118889,353.5703,293.2328,353.2251,Head
4/25/2017 2:29:36 PM:835,-0.2761499,1.553626,-0.01234256,353.6198,293.0458,353.3164,Head
4/25/2017 2:29:36 PM:903,-0.2775903,1.55337,-0.01215886,353.7867,292.8098,353.3866,Head
4/25/2017 2:29:36 PM:955,-0.2778383,1.553241,-0.01214133,353.8192,292.8375,353.3726,Head
4/25/2017 2:29:37 PM:10,-0.2783089,1.553199,-0.01190208,353.8696,292.8626,353.4063,Head
4/25/2017 2:29:37 PM:64,-0.2784719,1.553249,-0.01196744,353.9123,292.9413,353.2903,Head
4/25/2017 2:29:37 PM:123,-0.2783873,1.553285,-0.0122941,353.9332,292.8878,353.3918,Head
4/25/2017 2:29:37 PM:169,-0.2783116,1.553281,-0.0127701,353.8706,292.8434,353.4346,Head
4/25/2017 2:29:37 PM:237,-0.2780153,1.553581,-0.01384971,353.7852,292.6836,353.5605,Head
4/25/2017 2:29:37 PM:308,-0.2779231,1.553639,-0.01393949,353.7364,292.6387,353.59,Head
4/25/2017 2:29:37 PM:361,-0.2775403,1.553624,-0.01499727,353.6924,292.439,353.7344,Head
4/25/2017 2:29:37 PM:413,-0.2774402,1.553769,-0.01573449,353.6635,292.1473,353.8214,Head
4/25/2017 2:29:37 PM:455,-0.2775739,1.553918,-0.01595783,353.6387,292.0552,353.8603,Head
4/25/2017 2:29:37 PM:490,-0.2775647,1.553977,-0.01656467,353.6219,291.8468,353.9604,Head
4/25/2017 2:29:37 PM:536,-0.2774199,1.55401,-0.01738762,353.5765,291.5674,354.0629,Head
4/25/2017 2:29:37 PM:580,-0.277378,1.554039,-0.0177132,353.553,291.2167,354.1214,Head
4/25/2017 2:29:37 PM:640,-0.2775411,1.554215,-0.01857384,353.51,290.7638,354.1976,Head
4/25/2017 2:29:37 PM:691,-0.2774613,1.554263,-0.019366,353.4812,290.4836,354.2194,Head
4/25/2017 2:29:37 PM:756,-0.277386,1.554207,-0.02058389,353.5612,290.0271,354.1852,Head
4/25/2017 2:29:37 PM:817,-0.2774109,1.554409,-0.02092662,353.5621,289.8716,354.2595,Head
4/25/2017 2:29:37 PM:885,-0.2771713,1.554486,-0.02200498,353.5042,289.4388,354.3339,Head
4/25/2017 2:29:37 PM:954,-0.2767839,1.554675,-0.02376295,353.4106,288.6207,354.4244,Head
4/25/2017 2:29:38 PM:10,-0.276462,1.554824,-0.02435705,353.343,288.4008,354.4248,Head
4/25/2017 2:29:38 PM:49,-0.2759787,1.554982,-0.02501462,353.2442,288.1189,354.4957,Head
4/25/2017 2:29:38 PM:92,-0.2755647,1.554991,-0.02541676,353.1868,287.9144,354.4919,Head
4/25/2017 2:29:38 PM:152,-0.2750008,1.555243,-0.02606259,353.1238,287.6104,354.4826,Head
4/25/2017 2:29:38 PM:220,-0.2739677,1.555433,-0.02770205,353.02,286.7533,354.5334,Head
4/25/2017 2:29:38 PM:273,-0.273773,1.555442,-0.0282312,353.0146,286.4255,354.5669,Head
4/25/2017 2:29:38 PM:310,-0.2735035,1.555511,-0.02848171,353.0074,286.0834,354.5721,Head
4/25/2017 2:29:38 PM:376,-0.2727979,1.555518,-0.02928053,353.0143,285.189,354.5568,Head
4/25/2017 2:29:38 PM:430,-0.2726762,1.555679,-0.02950145,353.0453,284.8399,354.5873,Head
4/25/2017 2:29:38 PM:492,-0.2724069,1.555729,-0.03009764,353.0435,284.4375,354.4719,Head
4/25/2017 2:29:38 PM:546,-0.2716378,1.556107,-0.03094666,353.0478,283.5722,354.5251,Head
4/25/2017 2:29:38 PM:604,-0.2714739,1.556028,-0.03158534,352.9946,283.2039,354.5282,Head
4/25/2017 2:29:38 PM:649,-0.2711936,1.556083,-0.0321377,352.9766,282.7015,354.5494,Head
4/25/2017 2:29:38 PM:696,-0.2713541,1.556272,-0.03276955,352.9872,282.0851,354.6037,Head
4/25/2017 2:29:38 PM:761,-0.2718867,1.556285,-0.033029,352.998,281.5188,354.6659,Head
4/25/2017 2:29:38 PM:819,-0.2725214,1.556231,-0.03355342,353.0516,281.0475,354.6241,Head
4/25/2017 2:29:38 PM:879,-0.2738952,1.555928,-0.03410025,353.2122,280.3768,354.5842,Head
4/25/2017 2:29:38 PM:942,-0.2744728,1.555825,-0.03450253,353.2731,280.0375,354.6571,Head
4/25/2017 2:29:38 PM:986,-0.2749888,1.555709,-0.03467089,353.2978,279.8016,354.6849,Head
4/25/2017 2:29:39 PM:45,-0.276906,1.555625,-0.03445719,353.378,279.3804,354.7254,Head
4/25/2017 2:29:39 PM:111,-0.2779358,1.555459,-0.03428917,353.4573,279.3448,354.733,Head
4/25/2017 2:29:39 PM:151,-0.2787139,1.555309,-0.03412119,353.5381,279.3074,354.7644,Head
4/25/2017 2:29:39 PM:199,-0.2802103,1.555359,-0.03382708,353.5958,279.2956,354.7362,Head
4/25/2017 2:29:39 PM:257,-0.2821071,1.555225,-0.03345597,353.7023,279.1957,354.8294,Head
4/25/2017 2:29:39 PM:314,-0.2829587,1.555086,-0.03291718,353.7549,279.0836,354.8391,Head
4/25/2017 2:29:39 PM:370,-0.2841929,1.554994,-0.03261156,353.7958,278.9401,354.8293,Head
4/25/2017 2:29:39 PM:436,-0.2860468,1.55488,-0.03159602,353.8725,278.8271,354.8277,Head
4/25/2017 2:29:39 PM:498,-0.2866216,1.554638,-0.03137862,353.899,278.7703,354.7465,Head
4/25/2017 2:29:39 PM:538,-0.2871948,1.554463,-0.03110187,353.9134,278.6749,354.651,Head
4/25/2017 2:29:39 PM:605,-0.2878241,1.554561,-0.03063602,353.9232,278.5497,354.5967,Head
4/25/2017 2:29:39 PM:652,-0.2884456,1.554729,-0.02995373,353.8449,278.3993,354.579,Head
4/25/2017 2:29:39 PM:716,-0.2889772,1.554798,-0.02960329,353.7833,278.0349,354.5451,Head
4/25/2017 2:29:39 PM:786,-0.2892007,1.55485,-0.02937396,353.7952,277.9044,354.4794,Head
4/25/2017 2:29:39 PM:847,-0.2895575,1.554713,-0.0290018,353.8,277.7527,354.4145,Head
4/25/2017 2:29:39 PM:912,-0.2898319,1.554791,-0.02852251,353.7905,277.6074,354.249,Head
4/25/2017 2:29:39 PM:976,-0.2898152,1.555038,-0.02858426,353.764,277.4572,354.2762,Head
4/25/2017 2:29:40 PM:14,-0.2897813,1.555353,-0.02880708,353.739,277.265,354.287,Head
4/25/2017 2:29:40 PM:57,-0.2896625,1.555558,-0.02918639,353.7078,277.0622,354.2333,Head
4/25/2017 2:29:40 PM:99,-0.2896056,1.555861,-0.02921828,353.6892,276.9561,354.2655,Head
4/25/2017 2:29:40 PM:152,-0.2896002,1.556282,-0.02942032,353.6994,276.9093,354.2738,Head
4/25/2017 2:29:40 PM:209,-0.2897374,1.556772,-0.02993026,353.6591,276.8534,354.2678,Head
4/25/2017 2:29:40 PM:253,-0.2893816,1.557547,-0.03138351,353.5339,276.6967,354.3121,Head
4/25/2017 2:29:40 PM:293,-0.2891244,1.558222,-0.03252085,353.4305,276.5618,354.4797,Head
4/25/2017 2:29:40 PM:333,-0.2890618,1.558637,-0.03354568,353.3758,276.4762,354.6184,Head
4/25/2017 2:29:40 PM:397,-0.2890429,1.559772,-0.03700902,353.3607,275.915,355.04,Head
4/25/2017 2:29:40 PM:457,-0.2889079,1.559869,-0.03849371,353.3391,275.5727,355.2094,Head
4/25/2017 2:29:40 PM:501,-0.2885988,1.560299,-0.0406949,353.2863,275.1133,355.4677,Head
4/25/2017 2:29:40 PM:547,-0.2880788,1.56069,-0.04257149,353.2181,274.6942,355.7268,Head
4/25/2017 2:29:40 PM:585,-0.287749,1.561233,-0.04440561,353.1886,274.4138,356.051,Head
4/25/2017 2:29:40 PM:663,-0.2874702,1.561528,-0.04628105,353.1931,274.2869,356.2277,Head
4/25/2017 2:29:40 PM:749,-0.2863125,1.56197,-0.05147962,353.2562,273.5551,356.9344,Head
4/25/2017 2:29:40 PM:828,-0.2854727,1.562283,-0.05495394,353.232,272.9704,357.6697,Head
4/25/2017 2:29:40 PM:889,-0.2844997,1.562591,-0.05880759,353.1725,272.2623,358.476,Head
4/25/2017 2:29:40 PM:944,-0.2843512,1.562678,-0.05986995,353.1012,272.2175,358.8255,Head
4/25/2017 2:29:41 PM:1,-0.2841022,1.562562,-0.06147116,353.151,272.1126,359.2824,Head
4/25/2017 2:29:41 PM:66,-0.2842017,1.562555,-0.06312212,353.2792,271.8668,359.7187,Head
4/25/2017 2:29:41 PM:116,-0.283962,1.562207,-0.06480838,353.4822,271.6071,0.06703296,Head
4/25/2017 2:29:41 PM:179,-0.2840028,1.561862,-0.06695783,353.8659,271.5687,0.5290449,Head
4/25/2017 2:29:41 PM:231,-0.2838192,1.561775,-0.06776617,353.9386,271.6166,0.7641317,Head
4/25/2017 2:29:41 PM:283,-0.283621,1.561718,-0.06855936,354.0127,271.6281,1.13105,Head
4/25/2017 2:29:41 PM:335,-0.2835961,1.561797,-0.06969512,353.9424,271.6967,1.289599,Head
4/25/2017 2:29:41 PM:387,-0.2835115,1.561698,-0.07045712,353.9563,271.6941,1.58175,Head
4/25/2017 2:29:41 PM:436,-0.2835374,1.561723,-0.07119667,354.0196,271.68,1.753386,Head
4/25/2017 2:29:41 PM:503,-0.283684,1.561683,-0.07218668,354.1729,271.4894,2.03851,Head
4/25/2017 2:29:41 PM:557,-0.2837114,1.561554,-0.07261912,354.2097,271.2896,2.152542,Head
4/25/2017 2:29:41 PM:610,-0.2836431,1.561421,-0.07305057,354.2594,270.9439,2.465675,Head
4/25/2017 2:29:41 PM:652,-0.2837667,1.561314,-0.07354711,354.2364,270.6151,2.630856,Head
4/25/2017 2:29:41 PM:715,-0.2836356,1.561249,-0.07404952,354.1481,269.9636,2.849566,Head
4/25/2017 2:29:41 PM:777,-0.2836662,1.561428,-0.07421406,353.999,269.7686,2.988126,Head
4/25/2017 2:29:41 PM:828,-0.2837524,1.561706,-0.07429896,353.7939,269.5946,3.160523,Head
4/25/2017 2:29:41 PM:899,-0.2843524,1.561803,-0.07379916,353.8353,269.5869,3.345311,Head
4/25/2017 2:29:41 PM:951,-0.2847393,1.561643,-0.07344924,353.9378,269.6497,3.29851,Head
4/25/2017 2:29:42 PM:3,-0.2849762,1.561848,-0.07324865,353.9068,269.7025,3.247571,Head
4/25/2017 2:29:42 PM:61,-0.28544,1.561933,-0.07339154,353.8996,269.5754,3.311551,Head
4/25/2017 2:29:42 PM:136,-0.2866397,1.561467,-0.07424667,354.0542,269.0222,3.562662,Head
4/25/2017 2:29:42 PM:181,-0.2871618,1.561161,-0.07449857,354.1476,268.8763,3.647335,Head
4/25/2017 2:29:42 PM:237,-0.2884796,1.56093,-0.07483818,354.2056,268.636,3.721205,Head
4/25/2017 2:29:42 PM:296,-0.2913593,1.560231,-0.07485579,354.301,268.5107,3.57655,Head
4/25/2017 2:29:42 PM:348,-0.2919939,1.559935,-0.07470939,354.3959,268.5192,3.384253,Head
4/25/2017 2:29:42 PM:403,-0.2926552,1.559993,-0.07452255,354.2812,268.5742,3.041425,Head
4/25/2017 2:29:42 PM:438,-0.2927549,1.560464,-0.07466565,353.9966,268.6927,2.730755,Head
4/25/2017 2:29:42 PM:484,-0.2924101,1.560972,-0.07463663,353.8134,268.7447,2.464178,Head
4/25/2017 2:29:42 PM:530,-0.29179,1.561289,-0.07463024,353.6916,268.6767,2.172289,Head
4/25/2017 2:29:42 PM:580,-0.290125,1.561695,-0.07469057,353.4855,268.679,1.608835,Head
4/25/2017 2:29:42 PM:627,-0.2891909,1.562588,-0.0746773,353.0889,268.8801,1.430188,Head
4/25/2017 2:29:42 PM:673,-0.2882144,1.562833,-0.07473136,352.9928,269.2752,0.9658312,Head
4/25/2017 2:29:42 PM:721,-0.2874155,1.563086,-0.07498867,352.9439,269.7341,0.2969349,Head
4/25/2017 2:29:42 PM:788,-0.2857532,1.563446,-0.07586597,353.2912,270.0696,359.5053,Head
4/25/2017 2:29:42 PM:844,-0.2856625,1.563672,-0.07575777,353.1098,270.0579,359.4954,Head
4/25/2017 2:29:42 PM:915,-0.2853172,1.563459,-0.07552839,352.9817,270.2138,359.4254,Head
4/25/2017 2:29:42 PM:986,-0.2847596,1.563367,-0.07397363,352.9119,270.5579,359.5644,Head
4/25/2017 2:29:43 PM:58,-0.2841524,1.563367,-0.07263227,352.8136,270.59,359.5042,Head
4/25/2017 2:29:43 PM:99,-0.2830406,1.56331,-0.07109932,352.7149,270.641,358.975,Head
4/25/2017 2:29:43 PM:149,-0.282464,1.563136,-0.06972463,352.7101,270.7054,358.5327,Head
4/25/2017 2:29:43 PM:226,-0.2810513,1.562692,-0.06764469,352.9539,271.0951,357.7737,Head
4/25/2017 2:29:43 PM:287,-0.2803986,1.562376,-0.06655674,353.0033,271.2756,357.6101,Head
4/25/2017 2:29:43 PM:330,-0.2800901,1.562088,-0.06535032,352.9539,271.4639,357.4028,Head
4/25/2017 2:29:43 PM:384,-0.2799911,1.561932,-0.06443474,352.8905,271.5768,357.3155,Head
4/25/2017 2:29:43 PM:437,-0.2797052,1.562029,-0.06321102,352.787,271.6371,357.2033,Head
4/25/2017 2:29:43 PM:510,-0.2793705,1.561926,-0.06121705,352.5904,271.6514,356.8295,Head
4/25/2017 2:29:43 PM:558,-0.2793089,1.561892,-0.06087158,352.5728,271.6863,356.6855,Head
4/25/2017 2:29:43 PM:612,-0.2791642,1.561722,-0.05977319,352.6304,271.6917,356.5213,Head
4/25/2017 2:29:43 PM:680,-0.2787676,1.561592,-0.05916522,352.6583,271.5133,356.4501,Head
4/25/2017 2:29:43 PM:747,-0.2786041,1.561448,-0.05908116,352.5801,271.1888,356.6971,Head
4/25/2017 2:29:43 PM:795,-0.2785602,1.561322,-0.05874676,352.5627,271.1718,356.6639,Head
4/25/2017 2:29:43 PM:849,-0.2786586,1.561441,-0.05845526,352.5527,271.2034,356.6942,Head
4/25/2017 2:29:43 PM:931,-0.2794741,1.5613,-0.05845007,352.5746,271.3726,356.8068,Head
4/25/2017 2:29:44 PM:8,-0.2800108,1.56112,-0.05849153,352.5557,271.4175,356.9612,Head
4/25/2017 2:29:44 PM:47,-0.2809499,1.561009,-0.05829088,352.6032,271.3865,357.216,Head
4/25/2017 2:29:44 PM:100,-0.2817258,1.560948,-0.05829079,352.5988,271.3899,357.2851,Head
4/25/2017 2:29:44 PM:157,-0.2826155,1.560932,-0.05796286,352.601,271.4988,357.2889,Head
4/25/2017 2:29:44 PM:220,-0.2840087,1.560809,-0.0575327,352.5916,271.6805,357.2967,Head
4/25/2017 2:29:44 PM:332,-0.2849561,1.560676,-0.05689408,352.6323,271.7064,357.256,Head
4/25/2017 2:29:44 PM:377,-0.2853536,1.560845,-0.05659468,352.5642,271.661,357.2938,Head
4/25/2017 2:29:44 PM:432,-0.2854044,1.560994,-0.05630478,352.3775,271.6434,357.2526,Head
4/25/2017 2:29:44 PM:490,-0.2853673,1.561094,-0.05603949,352.1915,271.5515,357.4183,Head
4/25/2017 2:29:44 PM:536,-0.2851794,1.561409,-0.05592552,352.0166,271.3617,357.442,Head
4/25/2017 2:29:44 PM:598,-0.2847132,1.561938,-0.05566452,351.6198,270.9278,357.6184,Head
4/25/2017 2:29:44 PM:651,-0.2846048,1.562163,-0.05564643,351.4759,270.7119,357.6308,Head
4/25/2017 2:29:44 PM:711,-0.2843005,1.562433,-0.05582372,351.2256,270.3259,357.7034,Head
4/25/2017 2:29:44 PM:757,-0.2839964,1.562894,-0.05665591,350.7846,269.6422,358.0176,Head
4/25/2017 2:29:44 PM:815,-0.2835585,1.563129,-0.05741951,350.5392,268.9935,358.362,Head
4/25/2017 2:29:44 PM:874,-0.282849,1.563234,-0.0584186,350.4123,268.2166,358.685,Head
4/25/2017 2:29:44 PM:927,-0.2826388,1.563136,-0.0586884,350.4608,268.1158,358.5823,Head
4/25/2017 2:29:44 PM:974,-0.2825046,1.563044,-0.05910899,350.5454,268.0295,358.4859,Head
4/25/2017 2:29:45 PM:20,-0.2825834,1.562831,-0.05952519,350.5816,268.0156,358.4812,Head
4/25/2017 2:29:45 PM:76,-0.2824364,1.562937,-0.06013247,350.5822,268.0351,358.5695,Head
4/25/2017 2:29:45 PM:139,-0.2826064,1.562866,-0.06116814,350.5358,268.0135,358.853,Head
4/25/2017 2:29:45 PM:176,-0.2828164,1.562739,-0.06227194,350.5419,267.9448,359.2272,Head
4/25/2017 2:29:45 PM:220,-0.283072,1.562636,-0.06336386,350.6144,267.8241,359.4803,Head
4/25/2017 2:29:45 PM:261,-0.2834266,1.562523,-0.06403607,350.6903,267.7179,359.5493,Head
4/25/2017 2:29:45 PM:317,-0.2835962,1.562382,-0.06460568,350.801,267.5682,359.6739,Head
4/25/2017 2:29:45 PM:367,-0.2836283,1.562113,-0.06506154,350.9702,267.4235,359.6867,Head
4/25/2017 2:29:45 PM:433,-0.2835532,1.561573,-0.06529834,351.3211,267.1218,359.5345,Head
4/25/2017 2:29:45 PM:488,-0.2834253,1.561595,-0.06508762,351.3391,266.9764,359.4672,Head
4/25/2017 2:29:45 PM:539,-0.2834475,1.561516,-0.06489886,351.3632,266.8044,359.4268,Head
4/25/2017 2:29:45 PM:577,-0.2834523,1.561548,-0.06464129,351.408,266.7112,359.3749,Head
4/25/2017 2:29:45 PM:635,-0.2832873,1.561458,-0.0642652,351.4984,266.6711,359.2756,Head
4/25/2017 2:29:45 PM:679,-0.28311,1.561248,-0.06386967,351.5678,266.6505,359.1852,Head
4/25/2017 2:29:45 PM:719,-0.2829095,1.561175,-0.06351599,351.6281,266.6358,359.1179,Head
4/25/2017 2:29:45 PM:763,-0.2825521,1.560982,-0.06324939,351.6817,266.6444,359.0789,Head
4/25/2017 2:29:45 PM:816,-0.2819722,1.560795,-0.06277195,351.7519,266.6952,358.9409,Head
4/25/2017 2:29:45 PM:875,-0.2812282,1.560646,-0.06196655,351.8069,266.8099,358.8066,Head
4/25/2017 2:29:45 PM:936,-0.2800311,1.560703,-0.06128644,351.7871,267.0497,358.6803,Head
4/25/2017 2:29:45 PM:992,-0.2795553,1.560896,-0.0612027,351.6956,267.2054,358.5365,Head
4/25/2017 2:29:46 PM:32,-0.2788892,1.560861,-0.06108585,351.6375,267.3062,358.5728,Head
4/25/2017 2:29:46 PM:77,-0.2782234,1.560827,-0.06102957,351.5674,267.4154,358.6002,Head
4/25/2017 2:29:46 PM:124,-0.2777137,1.560884,-0.06110784,351.4986,267.4742,358.6209,Head
4/25/2017 2:29:46 PM:168,-0.2771499,1.560856,-0.06128632,351.4337,267.5222,358.6779,Head
4/25/2017 2:29:46 PM:219,-0.2767994,1.560833,-0.06140514,351.41,267.6072,358.6674,Head
4/25/2017 2:29:46 PM:263,-0.276206,1.560699,-0.06130828,351.3413,267.6591,358.6984,Head
4/25/2017 2:29:46 PM:318,-0.2756405,1.560629,-0.06131922,351.3108,267.7492,358.6596,Head
4/25/2017 2:29:46 PM:387,-0.2748134,1.560643,-0.06170147,351.2476,267.8191,358.6527,Head
4/25/2017 2:29:46 PM:445,-0.274637,1.56053,-0.06200949,351.2684,267.7823,358.6764,Head
4/25/2017 2:29:46 PM:486,-0.2740428,1.560705,-0.06116932,351.2857,267.6921,358.6779,Head
4/25/2017 2:29:46 PM:533,-0.2735828,1.560542,-0.06114373,351.302,267.6144,358.647,Head
4/25/2017 2:29:46 PM:582,-0.2730942,1.560435,-0.06124217,351.3101,267.572,358.6181,Head
4/25/2017 2:29:46 PM:658,-0.2724805,1.560695,-0.06087113,351.3178,267.6622,358.5519,Head
4/25/2017 2:29:46 PM:717,-0.2721757,1.56064,-0.06090154,351.4318,267.691,358.5394,Head
4/25/2017 2:29:46 PM:775,-0.2718557,1.56059,-0.06094187,351.4818,267.7514,358.4498,Head
4/25/2017 2:29:46 PM:823,-0.2715012,1.560707,-0.06125313,351.5212,267.8378,358.5472,Head
4/25/2017 2:29:46 PM:893,-0.2709365,1.560783,-0.06153366,351.4796,267.8713,358.6336,Head
4/25/2017 2:29:46 PM:946,-0.2699672,1.560828,-0.06220233,351.3633,267.9025,358.7197,Head
4/25/2017 2:29:47 PM:5,-0.2694945,1.561059,-0.06212322,351.2717,268.0064,358.7254,Head
4/25/2017 2:29:47 PM:43,-0.2692184,1.561105,-0.06202757,351.2383,268.0641,358.7256,Head
4/25/2017 2:29:47 PM:87,-0.2688157,1.561036,-0.06237038,351.2163,268.122,358.6826,Head
4/25/2017 2:29:47 PM:135,-0.2683352,1.561085,-0.06266588,351.2163,268.1565,358.6596,Head
4/25/2017 2:29:47 PM:180,-0.2677691,1.561181,-0.0629038,351.1982,268.1406,358.6367,Head
4/25/2017 2:29:47 PM:243,-0.2671249,1.561308,-0.06309669,351.1627,268.0759,358.6601,Head
4/25/2017 2:29:47 PM:311,-0.2654853,1.561465,-0.06345394,351.0131,267.95,358.7042,Head
4/25/2017 2:29:47 PM:366,-0.2649664,1.561392,-0.06383031,350.969,267.9836,358.7302,Head
4/25/2017 2:29:47 PM:419,-0.2643402,1.561322,-0.06400646,350.9287,268.0672,358.7057,Head
4/25/2017 2:29:47 PM:466,-0.2638171,1.561426,-0.06417407,350.8927,268.1962,358.6727,Head
4/25/2017 2:29:47 PM:524,-0.2625374,1.561589,-0.06467161,350.8353,268.443,358.6399,Head
4/25/2017 2:29:47 PM:591,-0.2618401,1.561715,-0.06487761,350.7143,268.4878,358.8441,Head
4/25/2017 2:29:47 PM:634,-0.2611642,1.56182,-0.06527059,350.5949,268.5032,358.9752,Head
4/25/2017 2:29:47 PM:670,-0.2607898,1.561859,-0.06544407,350.5562,268.4399,359.0625,Head
4/25/2017 2:29:47 PM:721,-0.2601656,1.561793,-0.06562026,350.545,268.329,359.1454,Head
4/25/2017 2:29:47 PM:788,-0.259412,1.561742,-0.06539513,350.527,268.2548,359.1903,Head
4/25/2017 2:29:47 PM:837,-0.2585042,1.561503,-0.06494989,350.5106,268.367,359.2468,Head
4/25/2017 2:29:47 PM:902,-0.2577598,1.561583,-0.06434074,350.4818,268.5294,359.1656,Head
4/25/2017 2:29:47 PM:941,-0.2575369,1.561588,-0.0639604,350.4792,268.6179,359.1415,Head
4/25/2017 2:29:47 PM:981,-0.2569336,1.561586,-0.06327894,350.4703,268.7173,359.0805,Head
4/25/2017 2:29:48 PM:34,-0.2564898,1.561447,-0.06300316,350.4874,268.7556,359.0736,Head
4/25/2017 2:29:48 PM:83,-0.2560463,1.561605,-0.06257577,350.4381,268.6985,359.119,Head
4/25/2017 2:29:48 PM:155,-0.2550251,1.561691,-0.06147415,350.3244,268.5247,359.1279,Head
4/25/2017 2:29:48 PM:212,-0.2548494,1.561654,-0.06122594,350.3154,268.4932,359.1284,Head
4/25/2017 2:29:48 PM:255,-0.2545048,1.561525,-0.06087854,350.3232,268.4608,359.0976,Head
4/25/2017 2:29:48 PM:299,-0.2543291,1.561459,-0.06034072,350.3884,268.3892,359.1059,Head
4/25/2017 2:29:48 PM:348,-0.2544447,1.561485,-0.05987312,350.4127,268.3771,358.9788,Head
4/25/2017 2:29:48 PM:404,-0.2543781,1.561404,-0.0593024,350.4364,268.3358,359.0889,Head
4/25/2017 2:29:48 PM:462,-0.2542105,1.561287,-0.05829336,350.3884,268.1959,359.1583,Head
4/25/2017 2:29:48 PM:527,-0.2544124,1.561505,-0.05777781,350.3885,268.0643,359.1611,Head
4/25/2017 2:29:48 PM:564,-0.2546713,1.56149,-0.05736263,350.3641,268.0175,359.1246,Head
4/25/2017 2:29:48 PM:607,-0.2550576,1.561502,-0.05669609,350.3508,267.9845,359.0741,Head
4/25/2017 2:29:48 PM:655,-0.2554955,1.56145,-0.0560831,350.3918,267.9422,359.0177,Head
4/25/2017 2:29:48 PM:701,-0.256002,1.561334,-0.05544445,350.476,267.8875,358.8894,Head
4/25/2017 2:29:48 PM:736,-0.2566828,1.561149,-0.05480873,350.5702,267.824,358.7925,Head
4/25/2017 2:29:48 PM:779,-0.2570256,1.561209,-0.05451381,350.6197,267.7726,358.728,Head
4/25/2017 2:29:48 PM:833,-0.2576573,1.561253,-0.05396819,350.6671,267.7447,358.6197,Head
4/25/2017 2:29:48 PM:911,-0.2583266,1.561157,-0.05352962,350.6706,267.7259,358.4696,Head
4/25/2017 2:29:48 PM:971,-0.2587129,1.561015,-0.0533597,350.6898,267.7364,358.4225,Head
4/25/2017 2:29:49 PM:18,-0.2591855,1.561053,-0.05335559,350.6788,267.7666,358.3796,Head
4/25/2017 2:29:49 PM:75,-0.2596303,1.560823,-0.05365403,350.7093,267.7647,358.4669,Head
4/25/2017 2:29:49 PM:136,-0.2601385,1.561023,-0.05392601,350.6533,267.8038,358.3986,Head
4/25/2017 2:29:49 PM:206,-0.2614995,1.560933,-0.05464566,350.6462,267.6998,358.679,Head
4/25/2017 2:29:49 PM:253,-0.2619128,1.560972,-0.05484867,350.6593,267.6043,358.7321,Head
4/25/2017 2:29:49 PM:304,-0.2624987,1.560852,-0.05502137,350.6936,267.58,358.7647,Head
4/25/2017 2:29:49 PM:346,-0.2632539,1.560884,-0.05483803,350.6867,267.6556,358.7503,Head
4/25/2017 2:29:49 PM:388,-0.2637722,1.560878,-0.05448964,350.6687,267.8215,358.7307,Head
4/25/2017 2:29:49 PM:447,-0.2643197,1.560841,-0.05396391,350.6733,268.0515,358.5895,Head
4/25/2017 2:29:49 PM:488,-0.2649468,1.560904,-0.0531976,350.6852,268.3201,358.3976,Head
4/25/2017 2:29:49 PM:539,-0.2654313,1.560834,-0.05262123,350.7351,268.5063,358.2545,Head
4/25/2017 2:29:49 PM:609,-0.2663371,1.560682,-0.05206467,350.7732,268.735,358.0933,Head
4/25/2017 2:29:49 PM:645,-0.2665527,1.560613,-0.05210599,350.7652,268.7583,358.0659,Head
4/25/2017 2:29:49 PM:690,-0.2670093,1.560547,-0.05193027,350.7873,268.8166,358.0067,Head
4/25/2017 2:29:49 PM:745,-0.2673844,1.560525,-0.05164249,350.8152,268.907,357.9485,Head
4/25/2017 2:29:49 PM:799,-0.2680002,1.560357,-0.0514564,350.8078,269.0698,357.8751,Head
4/25/2017 2:29:49 PM:864,-0.2688193,1.560394,-0.05131977,350.8217,269.14,357.9377,Head
4/25/2017 2:29:49 PM:934,-0.2692739,1.560549,-0.05150966,350.8138,269.0545,357.9431,Head
4/25/2017 2:29:49 PM:982,-0.2699674,1.56053,-0.05181073,350.8301,268.8708,358.0948,Head
4/25/2017 2:29:50 PM:51,-0.2709813,1.560512,-0.05186775,350.8819,268.514,358.2287,Head
4/25/2017 2:29:50 PM:110,-0.2712901,1.560335,-0.05187313,350.8835,268.4426,358.2674,Head
4/25/2017 2:29:50 PM:159,-0.2717544,1.560287,-0.05161445,350.882,268.3974,358.2555,Head
4/25/2017 2:29:50 PM:214,-0.2720334,1.560264,-0.05117482,350.8961,268.4187,358.2315,Head
4/25/2017 2:29:50 PM:258,-0.2722498,1.560349,-0.05040342,350.91,268.4451,358.1314,Head
4/25/2017 2:29:50 PM:313,-0.2725167,1.560338,-0.04998854,350.9481,268.507,358.0602,Head
4/25/2017 2:29:50 PM:360,-0.2726654,1.56021,-0.04969166,350.969,268.5604,358.0274,Head
4/25/2017 2:29:50 PM:425,-0.2729123,1.560053,-0.04920009,351.0587,268.6448,357.9658,Head
4/25/2017 2:29:50 PM:462,-0.2730403,1.559635,-0.04872172,351.1646,268.7886,357.884,Head
4/25/2017 2:29:50 PM:506,-0.2730249,1.559401,-0.048225,351.2245,268.9313,357.818,Head
4/25/2017 2:29:50 PM:548,-0.272844,1.559404,-0.04791916,351.2843,269.0754,357.7707,Head
4/25/2017 2:29:50 PM:593,-0.2725991,1.559431,-0.04753073,351.2961,269.2439,357.7092,Head
4/25/2017 2:29:50 PM:637,-0.2723383,1.559358,-0.04740635,351.3453,269.4037,357.7242,Head
4/25/2017 2:29:50 PM:693,-0.271729,1.559347,-0.04740835,351.3337,269.6371,357.6164,Head
4/25/2017 2:29:50 PM:740,-0.2713621,1.559468,-0.04728895,351.3075,269.7469,357.6907,Head
4/25/2017 2:29:50 PM:799,-0.2701437,1.55962,-0.04725383,351.1512,269.928,357.8037,Head
4/25/2017 2:29:50 PM:854,-0.2695201,1.559798,-0.04738194,351.0742,269.9449,357.8384,Head
4/25/2017 2:29:50 PM:915,-0.268617,1.559879,-0.04740405,350.9627,270.0378,357.8647,Head
4/25/2017 2:29:50 PM:953,-0.2678497,1.560027,-0.04721066,350.8531,270.2101,357.827,Head
4/25/2017 2:29:50 PM:994,-0.2670004,1.56011,-0.04709126,350.7711,270.3571,357.7762,Head
4/25/2017 2:29:51 PM:41,-0.2664635,1.560209,-0.04708119,350.7238,270.4548,357.7187,Head
4/25/2017 2:29:51 PM:111,-0.2649171,1.560249,-0.04714219,350.4978,270.634,357.6849,Head
4/25/2017 2:29:51 PM:160,-0.2644798,1.560434,-0.04740459,350.4375,270.6458,357.7317,Head
4/25/2017 2:29:51 PM:202,-0.264115,1.560432,-0.04770599,350.3688,270.6563,357.777,Head
4/25/2017 2:29:51 PM:251,-0.2639973,1.560408,-0.04781636,350.2923,270.7034,357.9325,Head
4/25/2017 2:29:51 PM:310,-0.2642727,1.560017,-0.04772132,350.4268,270.9539,358.0669,Head
4/25/2017 2:29:51 PM:388,-0.2647323,1.55966,-0.04741194,350.6563,271.3837,358.0357,Head
4/25/2017 2:29:51 PM:433,-0.2652732,1.559234,-0.0463662,351.0068,272.1958,357.8444,Head
4/25/2017 2:29:51 PM:480,-0.2655124,1.558899,-0.04536807,351.2625,273.0701,357.653,Head
4/25/2017 2:29:51 PM:517,-0.265662,1.558824,-0.04434291,351.4463,274.0653,357.3589,Head
4/25/2017 2:29:51 PM:581,-0.2657893,1.558614,-0.04336326,351.5943,275.0168,357.3,Head
4/25/2017 2:29:51 PM:631,-0.2655771,1.558634,-0.04224049,351.6152,276.2207,357.2814,Head
4/25/2017 2:29:51 PM:674,-0.2652771,1.558676,-0.04136967,351.6265,277.3715,357.2278,Head
4/25/2017 2:29:51 PM:730,-0.2645615,1.558662,-0.04062093,351.6528,278.5807,357.1078,Head
4/25/2017 2:29:51 PM:773,-0.2641373,1.558537,-0.04029235,351.6623,279.3827,357.0745,Head
4/25/2017 2:29:51 PM:821,-0.2635118,1.558447,-0.03965531,351.6523,280.879,356.9541,Head
4/25/2017 2:29:51 PM:881,-0.2623873,1.558556,-0.03907721,351.6524,283.0717,356.7568,Head
4/25/2017 2:29:51 PM:952,-0.2616294,1.558488,-0.03913841,351.6882,284.8628,356.6881,Head
4/25/2017 2:29:52 PM:5,-0.2612761,1.558553,-0.03922507,351.6678,285.6406,356.7289,Head
4/25/2017 2:29:52 PM:57,-0.2606574,1.558562,-0.04006596,351.6327,286.7741,356.8423,Head
4/25/2017 2:29:52 PM:128,-0.2595437,1.558641,-0.04149803,351.6001,288.3306,357.0575,Head
4/25/2017 2:29:52 PM:190,-0.2593354,1.558537,-0.04191243,351.5735,288.95,357.1198,Head
4/25/2017 2:29:52 PM:236,-0.259005,1.558645,-0.04268176,351.5067,290.0531,357.2128,Head
4/25/2017 2:29:52 PM:303,-0.2581044,1.558322,-0.04343985,351.4696,291.7246,357.2305,Head
4/25/2017 2:29:52 PM:374,-0.2577618,1.558305,-0.04391219,351.4347,292.2085,357.3116,Head
4/25/2017 2:29:52 PM:436,-0.2569933,1.558233,-0.04476364,351.3488,293.0374,357.3247,Head
4/25/2017 2:29:52 PM:493,-0.2559508,1.558074,-0.04549463,351.2288,293.9434,357.2181,Head
4/25/2017 2:29:52 PM:555,-0.2552521,1.558048,-0.045857,351.192,294.449,357.1432,Head
4/25/2017 2:29:52 PM:597,-0.2548881,1.5581,-0.04609216,351.1397,294.8232,357.1076,Head
4/25/2017 2:29:52 PM:645,-0.2543976,1.557988,-0.04621496,351.0868,295.286,356.9846,Head
4/25/2017 2:29:52 PM:704,-0.2538765,1.558099,-0.04651158,351.0239,295.7741,356.8475,Head
4/25/2017 2:29:52 PM:769,-0.2532545,1.558038,-0.04714219,350.9816,296.3346,356.7603,Head
4/25/2017 2:29:52 PM:842,-0.2529812,1.557788,-0.04732706,350.9825,296.4255,356.7472,Head
4/25/2017 2:29:52 PM:891,-0.2523625,1.557794,-0.04780044,351.0032,296.5016,356.6988,Head
4/25/2017 2:29:52 PM:962,-0.2518068,1.557732,-0.04819463,351.0038,296.5762,356.658,Head
4/25/2017 2:29:53 PM:31,-0.250324,1.557883,-0.04843343,350.8392,296.751,356.5183,Head
4/25/2017 2:29:53 PM:101,-0.2497559,1.558156,-0.04887598,350.7761,296.6913,356.5465,Head
4/25/2017 2:29:53 PM:152,-0.2493724,1.558408,-0.04935742,350.687,296.6287,356.4194,Head
4/25/2017 2:29:53 PM:206,-0.2487951,1.55839,-0.05002197,350.6989,296.3908,356.5054,Head
4/25/2017 2:29:53 PM:276,-0.2482481,1.5583,-0.05113618,350.6938,295.9392,356.4704,Head
4/25/2017 2:29:53 PM:351,-0.247282,1.558503,-0.05192752,350.6493,295.5944,356.5265,Head
4/25/2017 2:29:53 PM:387,-0.2470462,1.558681,-0.05239391,350.5824,295.5252,356.5367,Head
4/25/2017 2:29:53 PM:431,-0.2463524,1.5589,-0.05303291,350.4505,295.3804,356.6067,Head
4/25/2017 2:29:53 PM:480,-0.2454282,1.55915,-0.05394025,350.2085,295.2381,356.6902,Head
4/25/2017 2:29:53 PM:557,-0.244854,1.559385,-0.05483365,350.1007,295.2052,356.7705,Head
4/25/2017 2:29:53 PM:615,-0.2444262,1.559153,-0.05555582,350.0918,295.1968,356.8247,Head
4/25/2017 2:29:53 PM:679,-0.243365,1.559097,-0.05644265,350.0248,294.9956,356.8268,Head
4/25/2017 2:29:53 PM:730,-0.2429653,1.559486,-0.05660971,349.9623,294.9219,356.8146,Head
4/25/2017 2:29:53 PM:779,-0.2425189,1.559828,-0.05677037,349.8873,294.929,356.7835,Head
4/25/2017 2:29:53 PM:829,-0.2418719,1.560563,-0.05687954,349.6768,295.1131,356.7302,Head
4/25/2017 2:29:53 PM:873,-0.2413892,1.561218,-0.05735778,349.3888,295.3879,356.7731,Head
4/25/2017 2:29:53 PM:933,-0.2411216,1.561881,-0.05818905,349.0883,295.6469,356.8503,Head
4/25/2017 2:29:53 PM:976,-0.2416593,1.562504,-0.05921004,348.7371,295.8773,356.8445,Head
4/25/2017 2:29:54 PM:40,-0.2436444,1.563471,-0.06125133,348.3683,295.8337,357.0414,Head
4/25/2017 2:29:54 PM:98,-0.2450252,1.563609,-0.06198792,348.3262,295.633,357.1754,Head
4/25/2017 2:29:54 PM:145,-0.2475131,1.563623,-0.06312833,348.4471,295.295,357.44,Head
4/25/2017 2:29:54 PM:203,-0.2504974,1.563433,-0.06428134,348.7532,295.0299,357.6943,Head
4/25/2017 2:29:54 PM:254,-0.2528858,1.563041,-0.06488012,349.102,294.8902,357.8443,Head
4/25/2017 2:29:54 PM:305,-0.2550012,1.562783,-0.06545654,349.3814,294.8591,357.919,Head
4/25/2017 2:29:54 PM:349,-0.2574471,1.562311,-0.06651418,349.7323,294.9608,357.9545,Head
4/25/2017 2:29:54 PM:421,-0.259763,1.561708,-0.06717723,350.1284,295.0801,358.0184,Head
4/25/2017 2:29:54 PM:483,-0.2634104,1.561004,-0.06855282,350.7874,295.0575,358.0347,Head
4/25/2017 2:29:54 PM:539,-0.2645506,1.560904,-0.06902343,350.9227,295.0085,358.0386,Head
4/25/2017 2:29:54 PM:593,-0.2663477,1.560643,-0.06949254,351.0811,295.0015,358.0434,Head
4/25/2017 2:29:54 PM:651,-0.2684036,1.560591,-0.07039113,351.1671,295.1234,358.0176,Head
4/25/2017 2:29:54 PM:726,-0.2697002,1.560526,-0.07069498,351.2355,295.1637,357.9596,Head
4/25/2017 2:29:54 PM:784,-0.2714346,1.560462,-0.07138626,351.2904,295.1133,357.97,Head
4/25/2017 2:29:54 PM:852,-0.2751065,1.560211,-0.0724708,351.5093,294.637,357.9808,Head
4/25/2017 2:29:54 PM:911,-0.2762088,1.560075,-0.07296699,351.61,294.3835,357.9638,Head
4/25/2017 2:29:54 PM:951,-0.2776253,1.559832,-0.07333459,351.7494,294.0975,357.9646,Head
4/25/2017 2:29:54 PM:993,-0.2788339,1.559563,-0.0738887,351.8646,293.8778,357.9552,Head
4/25/2017 2:29:55 PM:43,-0.2795233,1.559608,-0.07421665,351.9231,293.7268,357.9818,Head
4/25/2017 2:29:55 PM:124,-0.2813659,1.559617,-0.07549073,351.9593,293.2771,357.8963,Head
4/25/2017 2:29:55 PM:174,-0.2819755,1.559837,-0.07606874,351.8352,293.1309,357.9344,Head
4/25/2017 2:29:55 PM:226,-0.2828157,1.559938,-0.07686366,351.655,292.9232,358.0615,Head
4/25/2017 2:29:55 PM:283,-0.2835664,1.56009,-0.07744491,351.5653,292.5873,358.1665,Head
4/25/2017 2:29:55 PM:320,-0.2840238,1.560112,-0.07777844,351.5323,292.376,358.2096,Head
4/25/2017 2:29:55 PM:371,-0.284629,1.560227,-0.07798626,351.4863,292.1576,358.2592,Head
4/25/2017 2:29:55 PM:425,-0.2852009,1.560198,-0.07796654,351.4399,291.9481,358.316,Head
4/25/2017 2:29:55 PM:499,-0.2859099,1.560206,-0.07775809,351.4044,291.5206,358.3307,Head
4/25/2017 2:29:55 PM:552,-0.2858807,1.560414,-0.07738047,351.3736,291.3504,358.384,Head
4/25/2017 2:29:55 PM:595,-0.2858377,1.560293,-0.07721908,351.3387,291.1193,358.4857,Head
4/25/2017 2:29:55 PM:639,-0.285784,1.560386,-0.07685904,351.2953,290.9234,358.5516,Head
4/25/2017 2:29:55 PM:694,-0.2854368,1.560382,-0.07641026,351.256,290.6356,358.592,Head
4/25/2017 2:29:55 PM:732,-0.2849268,1.560625,-0.07541481,351.2009,290.3188,358.6375,Head
4/25/2017 2:29:55 PM:786,-0.2841955,1.560609,-0.07422383,351.1129,290.1075,358.6142,Head
4/25/2017 2:29:55 PM:845,-0.2830685,1.560803,-0.07287227,350.9918,289.8419,358.6386,Head
4/25/2017 2:29:55 PM:923,-0.2805041,1.561024,-0.06948616,350.7383,289.3812,358.548,Head
4/25/2017 2:29:55 PM:980,-0.2791573,1.561057,-0.06758301,350.6368,289.153,358.5032,Head
4/25/2017 2:29:56 PM:36,-0.2777032,1.561059,-0.06535853,350.4956,288.7753,358.4385,Head
4/25/2017 2:29:56 PM:102,-0.2748684,1.560996,-0.0616061,350.301,287.9766,358.3034,Head
4/25/2017 2:29:56 PM:177,-0.2738444,1.560948,-0.05991953,350.2223,287.6355,358.2325,Head
4/25/2017 2:29:56 PM:256,-0.2716713,1.560719,-0.05603422,350.0414,286.8224,358.0432,Head
4/25/2017 2:29:56 PM:325,-0.2691604,1.560589,-0.05110478,349.8626,285.5511,357.6475,Head
4/25/2017 2:29:56 PM:381,-0.2682572,1.560345,-0.04871738,349.8108,284.7758,357.5252,Head
4/25/2017 2:29:56 PM:436,-0.2672994,1.559952,-0.04650405,349.7899,284.0179,357.3013,Head
4/25/2017 2:29:56 PM:499,-0.2662678,1.559677,-0.04382713,349.7791,283.1807,357.0052,Head
4/25/2017 2:29:56 PM:546,-0.2655593,1.559583,-0.04115451,349.7855,282.5333,356.6749,Head
4/25/2017 2:29:56 PM:612,-0.2648882,1.559377,-0.03833441,349.8325,282.1456,356.2864,Head
4/25/2017 2:29:56 PM:668,-0.2647614,1.558758,-0.03494998,350.0518,281.8298,355.7876,Head
4/25/2017 2:29:56 PM:742,-0.264932,1.558612,-0.03405036,350.107,281.6254,355.7098,Head
4/25/2017 2:29:56 PM:803,-0.2651758,1.558416,-0.03341902,350.2074,281.2428,355.6958,Head
4/25/2017 2:29:56 PM:881,-0.2651249,1.558084,-0.0334401,350.2977,280.6237,355.8379,Head
4/25/2017 2:29:56 PM:939,-0.2654168,1.557973,-0.03327139,350.4286,279.7801,355.969,Head
4/25/2017 2:29:56 PM:998,-0.2654404,1.557835,-0.03348607,350.4643,279.8226,355.9613,Head
4/25/2017 2:29:57 PM:41,-0.265641,1.557755,-0.03337102,350.5043,279.9418,355.9433,Head
4/25/2017 2:29:57 PM:98,-0.2655012,1.557719,-0.03336051,350.5348,280.0815,355.9293,Head
4/25/2017 2:29:57 PM:156,-0.2654303,1.557743,-0.03340454,350.5544,280.149,355.9046,Head
4/25/2017 2:29:57 PM:211,-0.2655718,1.557813,-0.03407544,350.6183,279.8715,355.9592,Head
4/25/2017 2:29:57 PM:284,-0.2652024,1.557733,-0.03537242,350.6471,279.2819,355.9661,Head
4/25/2017 2:29:57 PM:343,-0.2646404,1.55786,-0.03579944,350.5978,279.2047,355.9406,Head
4/25/2017 2:29:57 PM:428,-0.2633141,1.558042,-0.0363047,350.4399,279.386,355.9125,Head
4/25/2017 2:29:57 PM:482,-0.2627001,1.558227,-0.03655487,350.335,279.5269,355.8884,Head
4/25/2017 2:29:57 PM:542,-0.2614539,1.558554,-0.03759383,350.1724,279.7338,355.9236,Head
4/25/2017 2:29:57 PM:608,-0.2608061,1.558483,-0.03806662,350.1472,279.8209,355.9667,Head
4/25/2017 2:29:57 PM:656,-0.2602037,1.558541,-0.03827732,350.1192,279.9125,355.9735,Head
4/25/2017 2:29:57 PM:724,-0.2592062,1.558657,-0.03826567,350.0916,280.3051,355.9664,Head
4/25/2017 2:29:57 PM:788,-0.2590339,1.55865,-0.03787126,350.107,280.6098,355.9751,Head
4/25/2017 2:29:57 PM:845,-0.2588441,1.55867,-0.03757258,350.1145,281.2123,356.0384,Head
4/25/2017 2:29:57 PM:916,-0.2587318,1.558903,-0.03716927,350.0729,281.7661,355.922,Head
4/25/2017 2:29:57 PM:975,-0.2585745,1.558741,-0.0372385,350.115,281.7422,355.8875,Head
4/25/2017 2:29:58 PM:26,-0.2584468,1.55854,-0.03712125,350.1396,281.5651,355.825,Head
4/25/2017 2:29:58 PM:93,-0.2578558,1.558415,-0.0366751,350.1532,281.4153,355.7115,Head
4/25/2017 2:29:58 PM:150,-0.2575355,1.558561,-0.03656607,350.0991,281.5546,355.6323,Head
4/25/2017 2:29:58 PM:190,-0.2573189,1.558718,-0.03645435,350.0038,281.65,355.6089,Head
4/25/2017 2:29:58 PM:239,-0.2569245,1.558801,-0.03668759,349.9338,281.6358,355.5099,Head
4/25/2017 2:29:58 PM:286,-0.2567267,1.558822,-0.0369353,349.9227,281.47,355.4716,Head
4/25/2017 2:29:58 PM:339,-0.2565769,1.558772,-0.03714396,349.9108,281.1254,355.5198,Head
4/25/2017 2:29:58 PM:411,-0.2562413,1.55862,-0.03801468,349.9412,280.4107,355.7717,Head
4/25/2017 2:29:58 PM:473,-0.2561595,1.558737,-0.03817614,349.8956,280.137,355.7727,Head
4/25/2017 2:29:58 PM:520,-0.2558595,1.558572,-0.03819727,349.8572,279.8166,355.7892,Head
4/25/2017 2:29:58 PM:561,-0.255707,1.55862,-0.03797342,349.8148,279.6978,355.7789,Head
4/25/2017 2:29:58 PM:625,-0.2553831,1.558661,-0.03782038,349.7877,279.6622,355.76,Head
4/25/2017 2:29:58 PM:682,-0.2549527,1.558618,-0.03735861,349.7711,279.6666,355.5646,Head
4/25/2017 2:29:58 PM:747,-0.254768,1.558676,-0.03734442,349.7933,279.5547,355.6598,Head
4/25/2017 2:29:58 PM:804,-0.2544464,1.558786,-0.03732952,349.7738,279.355,355.677,Head
4/25/2017 2:29:58 PM:872,-0.2537522,1.558745,-0.03688414,349.7924,279.1397,355.6333,Head
4/25/2017 2:29:58 PM:934,-0.253347,1.558597,-0.03671614,349.7847,279.2443,355.5334,Head
4/25/2017 2:29:58 PM:978,-0.2526277,1.558581,-0.03645957,349.7622,279.3621,355.4685,Head
4/25/2017 2:29:59 PM:21,-0.2517976,1.558582,-0.03629385,349.7667,279.4875,355.3386,Head
4/25/2017 2:29:59 PM:66,-0.2510281,1.558526,-0.03620793,349.7456,279.6061,355.2568,Head
4/25/2017 2:29:59 PM:115,-0.2501201,1.558471,-0.03643139,349.7058,279.7305,355.2321,Head
4/25/2017 2:29:59 PM:174,-0.2492004,1.55872,-0.03698054,349.5999,279.8469,355.3402,Head
4/25/2017 2:29:59 PM:280,-0.2484777,1.559003,-0.03742554,349.5201,279.8687,355.4099,Head
4/25/2017 2:29:59 PM:317,-0.2475493,1.559278,-0.03786811,349.4615,279.8201,355.5671,Head
4/25/2017 2:29:59 PM:353,-0.2471558,1.559181,-0.03827671,349.4411,279.8055,355.6297,Head
4/25/2017 2:29:59 PM:411,-0.2466467,1.559124,-0.03866576,349.4424,279.7949,355.6678,Head
4/25/2017 2:29:59 PM:464,-0.2461334,1.559085,-0.03900746,349.4886,279.7297,355.7755,Head
4/25/2017 2:29:59 PM:518,-0.2455204,1.559269,-0.03965258,349.4197,279.6791,355.7663,Head
4/25/2017 2:29:59 PM:561,-0.2448139,1.559341,-0.04008882,349.4039,279.5459,355.8644,Head
4/25/2017 2:29:59 PM:610,-0.2439797,1.559435,-0.04064389,349.3363,279.381,355.9521,Head
4/25/2017 2:29:59 PM:676,-0.2425094,1.559623,-0.04104175,349.2293,279.2168,355.9975,Head
4/25/2017 2:29:59 PM:736,-0.2419575,1.559647,-0.04101621,349.1806,279.2567,355.9764,Head
4/25/2017 2:29:59 PM:791,-0.2411872,1.559881,-0.04107243,349.1028,279.291,355.9845,Head
4/25/2017 2:29:59 PM:833,-0.2404457,1.559898,-0.04091038,349.0708,279.3514,355.924,Head
4/25/2017 2:29:59 PM:891,-0.2396453,1.559958,-0.04093629,349.0867,279.3845,355.8719,Head
4/25/2017 2:29:59 PM:945,-0.2386115,1.559975,-0.04092289,349.1726,279.3815,355.8131,Head
4/25/2017 2:30:00 PM:12,-0.2374338,1.56023,-0.0413946,349.2185,279.2368,355.9141,Head
