5/2/2017 1:17:52 PM:885,0,0,0,0,0,0,RightController
5/2/2017 1:17:52 PM:929,0.0962916,1.491751,-0.4312897,288.6288,126.898,359.6309,RightController
5/2/2017 1:17:52 PM:986,0.1051962,1.490566,-0.4164953,288.5671,122.3876,1.304117,RightController
5/2/2017 1:17:53 PM:18,0.1074277,1.490275,-0.4132376,288.5812,121.5524,1.342963,RightController
5/2/2017 1:17:53 PM:52,0.1103629,1.490073,-0.4078701,288.5709,120.0487,1.5997,RightController
5/2/2017 1:17:53 PM:88,0.1129819,1.489578,-0.4030607,288.5204,118.6069,2.144994,RightController
5/2/2017 1:17:53 PM:118,0.115009,1.489295,-0.3994269,288.5164,117.0928,2.850605,RightController
5/2/2017 1:17:53 PM:151,0.1161861,1.48936,-0.397248,288.4589,116.1922,3.159686,RightController
5/2/2017 1:17:53 PM:186,0.1171619,1.489149,-0.3960674,288.5783,115.6758,3.430269,RightController
5/2/2017 1:17:53 PM:220,0.1168773,1.488929,-0.3955681,288.6108,115.3702,3.467475,RightController
5/2/2017 1:17:53 PM:253,0.1161815,1.48854,-0.3956952,288.5544,114.1466,4.80792,RightController
5/2/2017 1:17:53 PM:308,0.1152581,1.488192,-0.3971584,288.661,113.5037,5.798497,RightController
5/2/2017 1:17:53 PM:352,0.1139514,1.487556,-0.4003284,288.7693,113.4419,6.249932,RightController
5/2/2017 1:17:53 PM:410,0.1130124,1.487448,-0.4055164,288.9266,114.4738,6.16487,RightController
5/2/2017 1:17:53 PM:461,0.114381,1.486908,-0.4104934,289.6385,116.2078,4.736821,RightController
5/2/2017 1:17:53 PM:538,0.1153381,1.487657,-0.4142482,290.0976,117.9176,3.374186,RightController
5/2/2017 1:17:53 PM:593,0.1125332,1.48912,-0.4155245,289.4686,118.9083,2.949735,RightController
5/2/2017 1:17:53 PM:642,0.1122934,1.488798,-0.4157181,289.8055,119.3451,2.350747,RightController
5/2/2017 1:17:53 PM:701,0.1124495,1.488204,-0.4134424,289.6671,117.3117,4.195405,RightController
5/2/2017 1:17:53 PM:755,0.1116862,1.487965,-0.4121726,289.7398,116.5663,4.796326,RightController
5/2/2017 1:17:53 PM:788,0.110243,1.487445,-0.4117415,289.7047,116.5192,4.8645,RightController
5/2/2017 1:17:53 PM:822,0.1090963,1.486863,-0.4118636,289.7169,116.6099,4.86033,RightController
5/2/2017 1:17:53 PM:855,0.1085052,1.486352,-0.4123611,289.8235,116.8231,4.7882,RightController
5/2/2017 1:17:53 PM:889,0.1086342,1.485415,-0.4124551,290.0714,116.8286,4.900483,RightController
5/2/2017 1:17:53 PM:927,0.1092473,1.485183,-0.4120262,290.3049,115.9217,5.67555,RightController
5/2/2017 1:17:53 PM:961,0.1092195,1.484987,-0.4110892,290.2625,115.1827,6.303982,RightController
5/2/2017 1:17:54 PM:12,0.1086357,1.485129,-0.4110327,290.3383,116.3825,5.356609,RightController
5/2/2017 1:17:54 PM:68,0.108,1.48513,-0.4091439,290.2844,116.0931,5.38585,RightController
5/2/2017 1:17:54 PM:101,0.1083512,1.48453,-0.4074185,290.364,115.4724,5.920933,RightController
5/2/2017 1:17:54 PM:139,0.1089685,1.483757,-0.4057546,290.5303,114.7659,6.198287,RightController
5/2/2017 1:17:54 PM:191,0.1095685,1.482881,-0.4037292,290.5299,113.8094,6.808699,RightController
5/2/2017 1:17:54 PM:233,0.1099562,1.482516,-0.402586,290.661,113.5916,6.994027,RightController
5/2/2017 1:17:54 PM:289,0.1095595,1.481684,-0.4028468,290.7235,114.3821,6.098306,RightController
5/2/2017 1:17:54 PM:344,0.1094508,1.481401,-0.4029059,290.7943,114.67,5.910276,RightController
5/2/2017 1:17:54 PM:382,0.1096057,1.48096,-0.4035087,290.9762,115.2364,5.569283,RightController
5/2/2017 1:17:54 PM:442,0.1089289,1.479455,-0.4048681,291.3925,116.2739,4.5671,RightController
5/2/2017 1:17:54 PM:496,0.1076661,1.479202,-0.4045324,291.3277,116.2842,4.635172,RightController
5/2/2017 1:17:54 PM:531,0.1073743,1.478731,-0.4041834,291.352,115.9869,5.040203,RightController
5/2/2017 1:17:54 PM:562,0.107012,1.47821,-0.4040458,291.4318,115.4872,5.551101,RightController
5/2/2017 1:17:54 PM:602,0.1062511,1.478373,-0.4045305,291.3246,115.4991,5.482404,RightController
5/2/2017 1:17:54 PM:641,0.106041,1.47856,-0.4052351,291.3329,116.1894,5.184046,RightController
5/2/2017 1:17:54 PM:674,0.1062796,1.478955,-0.4058585,291.4969,116.1219,5.132395,RightController
5/2/2017 1:17:54 PM:708,0.107053,1.479487,-0.4057779,291.4049,115.9237,5.197174,RightController
5/2/2017 1:17:54 PM:741,0.108417,1.479903,-0.4048059,291.25,115.524,5.615004,RightController
5/2/2017 1:17:54 PM:776,0.1103967,1.480523,-0.4033225,291.1884,114.7792,6.010598,RightController
5/2/2017 1:17:54 PM:809,0.1128392,1.480965,-0.400672,291.2032,114.4769,5.954652,RightController
5/2/2017 1:17:54 PM:848,0.1161747,1.480981,-0.3972631,291.2322,113.7121,5.925487,RightController
5/2/2017 1:17:54 PM:911,0.1290864,1.479001,-0.3838518,291.7095,107.6383,9.658592,RightController
5/2/2017 1:17:54 PM:971,0.1363618,1.476716,-0.3733537,292.4635,102.3784,13.43659,RightController
5/2/2017 1:17:55 PM:17,0.1414647,1.475266,-0.3627274,292.739,98.8178,15.31154,RightController
5/2/2017 1:17:55 PM:71,0.1462692,1.473974,-0.3500071,293.0631,97.17705,14.87245,RightController
5/2/2017 1:17:55 PM:138,0.1515588,1.471409,-0.3288496,293.5845,93.83957,14.26642,RightController
5/2/2017 1:17:55 PM:196,0.1540427,1.469342,-0.3148985,293.9393,90.05431,16.00429,RightController
5/2/2017 1:17:55 PM:252,0.1561332,1.467529,-0.2989695,294.3153,86.2676,17.17287,RightController
5/2/2017 1:17:55 PM:315,0.1570544,1.466413,-0.2804461,294.5647,82.29633,18.22668,RightController
5/2/2017 1:17:55 PM:381,0.1555943,1.466803,-0.2676177,294.4844,79.74981,18.69348,RightController
5/2/2017 1:17:55 PM:427,0.1543829,1.467411,-0.2625272,294.3185,78.81952,18.78986,RightController
5/2/2017 1:17:55 PM:473,0.1531317,1.467289,-0.2564375,294.1599,77.30742,19.4094,RightController
5/2/2017 1:17:55 PM:535,0.1512186,1.466376,-0.2494948,294.2999,76.00243,19.52202,RightController
5/2/2017 1:17:55 PM:595,0.1512564,1.464909,-0.2475014,294.6861,75.72953,19.60781,RightController
5/2/2017 1:17:55 PM:639,0.1509143,1.463647,-0.2459538,294.9661,75.46945,19.64244,RightController
5/2/2017 1:17:55 PM:688,0.1500528,1.462461,-0.2454925,295.1459,75.19788,20.02587,RightController
5/2/2017 1:17:55 PM:752,0.148828,1.46124,-0.2471492,295.3405,75.24488,20.34798,RightController
5/2/2017 1:17:55 PM:811,0.147792,1.459525,-0.2501693,295.4992,75.03542,21.25872,RightController
5/2/2017 1:17:55 PM:876,0.1448445,1.455908,-0.2593172,296.2,75.74288,22.06446,RightController
5/2/2017 1:17:55 PM:927,0.1449043,1.454899,-0.2666125,296.6955,78.05796,21.58104,RightController
5/2/2017 1:17:55 PM:981,0.1439451,1.454648,-0.2725496,297.3004,80.01517,20.74196,RightController
5/2/2017 1:17:56 PM:42,0.1384667,1.456125,-0.2764976,297.2584,79.02399,23.22075,RightController
5/2/2017 1:17:56 PM:100,0.1321092,1.457747,-0.2783675,296.5458,77.62885,25.03326,RightController
5/2/2017 1:17:56 PM:151,0.1265924,1.459514,-0.2842393,295.7371,75.57042,28.83596,RightController
5/2/2017 1:17:56 PM:198,0.1239493,1.459764,-0.295192,295.7843,77.35662,29.28559,RightController
5/2/2017 1:17:56 PM:240,0.1237689,1.459188,-0.3040056,296.1026,78.44389,30.19095,RightController
5/2/2017 1:17:56 PM:291,0.1243222,1.458685,-0.317939,296.57,83.57606,27.07161,RightController
5/2/2017 1:17:56 PM:331,0.125365,1.458845,-0.3295033,297.2493,89.56994,22.77802,RightController
5/2/2017 1:17:56 PM:378,0.1233202,1.458372,-0.3341048,297.3443,91.78387,21.39065,RightController
5/2/2017 1:17:56 PM:433,0.1191257,1.456279,-0.3338227,297.0204,91.49986,21.40567,RightController
5/2/2017 1:17:56 PM:499,0.1161587,1.450203,-0.3284056,297.8336,90.19958,21.62487,RightController
5/2/2017 1:17:56 PM:553,0.1136019,1.44567,-0.3251119,298.1532,86.91932,24.41638,RightController
5/2/2017 1:17:56 PM:598,0.1083792,1.441603,-0.325974,298.1469,84.181,27.71929,RightController
5/2/2017 1:17:56 PM:646,0.1043398,1.438459,-0.3322604,298.7784,85.90948,27.11412,RightController
5/2/2017 1:17:56 PM:710,0.09880072,1.436829,-0.3506382,299.6733,89.57251,24.80787,RightController
5/2/2017 1:17:56 PM:769,0.08769751,1.437751,-0.3647354,297.8748,94.07837,24.12076,RightController
5/2/2017 1:17:56 PM:808,0.07866329,1.436095,-0.3783691,297.6283,98.8343,20.60738,RightController
5/2/2017 1:17:56 PM:862,0.07346606,1.433969,-0.3895783,298.5962,104.2516,16.14114,RightController
5/2/2017 1:17:56 PM:898,0.06969362,1.432725,-0.3955419,298.8507,105.798,14.75239,RightController
5/2/2017 1:17:56 PM:943,0.06753874,1.433373,-0.3965139,298.4968,104.2845,16.58902,RightController
5/2/2017 1:17:56 PM:988,0.06665492,1.435488,-0.3956301,298.1249,103.0476,17.78892,RightController
5/2/2017 1:17:57 PM:32,0.06769556,1.43824,-0.3941658,297.8704,102.5079,18.44,RightController
5/2/2017 1:17:57 PM:81,0.06960589,1.441443,-0.3915863,297.2759,101.9825,18.71314,RightController
5/2/2017 1:17:57 PM:148,0.07070649,1.445483,-0.3855593,296.409,100.8861,19.83423,RightController
5/2/2017 1:17:57 PM:200,0.06860602,1.446558,-0.3808496,295.5849,96.57394,22.15058,RightController
5/2/2017 1:17:57 PM:250,0.06427246,1.448958,-0.3823538,293.1935,93.79326,26.07,RightController
5/2/2017 1:17:57 PM:294,0.0611577,1.451743,-0.3928533,291.5936,100.6234,22.56522,RightController
5/2/2017 1:17:57 PM:337,0.06075835,1.453548,-0.4068627,292.3313,110.0275,13.84152,RightController
5/2/2017 1:17:57 PM:384,0.06004494,1.454037,-0.4171543,292.7071,115.2961,9.472942,RightController
5/2/2017 1:17:57 PM:459,0.05873245,1.451354,-0.4218018,292.1123,109.9683,18.48729,RightController
5/2/2017 1:17:57 PM:515,0.05826515,1.448194,-0.4203768,292.9273,105.3308,23.2657,RightController
5/2/2017 1:17:57 PM:563,0.05698371,1.444386,-0.4186182,293.6233,101.4389,27.64134,RightController
5/2/2017 1:17:57 PM:603,0.05558157,1.440166,-0.4176641,294.4782,99.20405,30.37162,RightController
5/2/2017 1:17:57 PM:672,0.0549494,1.434125,-0.4181144,295.9899,97.38541,32.94444,RightController
5/2/2017 1:17:57 PM:726,0.05718338,1.431978,-0.4216306,297.2077,96.96448,34.43129,RightController
5/2/2017 1:17:57 PM:772,0.05967164,1.432925,-0.4258702,298.7127,97.48135,34.75829,RightController
5/2/2017 1:17:57 PM:828,0.05700272,1.439423,-0.4318101,298.8138,96.98997,38.28069,RightController
5/2/2017 1:17:57 PM:891,0.04407567,1.453511,-0.44649,296.3748,98.88547,40.19976,RightController
5/2/2017 1:17:57 PM:949,0.03312409,1.461865,-0.4611825,294.0023,103.446,40.4961,RightController
5/2/2017 1:17:58 PM:6,0.02056283,1.470929,-0.4825865,292.6825,113.347,33.85187,RightController
5/2/2017 1:17:58 PM:76,0.002838254,1.47994,-0.5055257,290.6354,124.6214,28.83183,RightController
5/2/2017 1:17:58 PM:132,-0.004996359,1.481189,-0.509205,290.0486,130.6543,23.10504,RightController
5/2/2017 1:17:58 PM:186,-0.009052515,1.480459,-0.5062538,289.6493,131.7285,20.6491,RightController
5/2/2017 1:17:58 PM:250,-0.008021116,1.476111,-0.4953331,289.8976,130.3764,19.30605,RightController
5/2/2017 1:17:58 PM:307,-0.003280103,1.471734,-0.4880277,290.0018,127.2285,21.40885,RightController
5/2/2017 1:17:58 PM:351,0.003771961,1.467135,-0.4813644,291.3101,128.7207,19.63,RightController
5/2/2017 1:17:58 PM:397,0.01136857,1.462336,-0.4701566,292.9773,130.6055,13.54237,RightController
5/2/2017 1:17:58 PM:458,0.02308625,1.45711,-0.4465328,292.5921,120.9735,18.20933,RightController
5/2/2017 1:17:58 PM:523,0.03550696,1.451823,-0.4202375,291.1967,108.0865,27.92234,RightController
5/2/2017 1:17:58 PM:602,0.04745787,1.450054,-0.4137218,293.0398,115.6941,15.97585,RightController
5/2/2017 1:17:58 PM:665,0.05610788,1.448618,-0.4019947,293.7877,113.4679,14.47141,RightController
5/2/2017 1:17:58 PM:730,0.06448257,1.446461,-0.3815813,293.3877,108.3265,16.81678,RightController
5/2/2017 1:17:58 PM:788,0.06885034,1.444828,-0.3716769,293.8937,106.4874,16.15132,RightController
5/2/2017 1:17:58 PM:838,0.072276,1.443837,-0.3621273,293.5172,101.8316,19.09068,RightController
5/2/2017 1:17:58 PM:899,0.07552761,1.445149,-0.3548999,292.9274,99.18987,21.7362,RightController
5/2/2017 1:17:58 PM:954,0.07598346,1.446423,-0.3592243,293.3335,100.0878,20.38007,RightController
5/2/2017 1:17:59 PM:8,0.07677108,1.446863,-0.3663023,293.2899,98.65347,24.2535,RightController
5/2/2017 1:17:59 PM:67,0.07400614,1.447743,-0.3921032,294.11,102.5128,24.13006,RightController
5/2/2017 1:17:59 PM:124,0.06721944,1.449145,-0.4153738,293.9666,109.096,22.0042,RightController
5/2/2017 1:17:59 PM:180,0.05769813,1.450544,-0.4447426,294.3461,119.4283,17.57201,RightController
5/2/2017 1:17:59 PM:249,0.04404545,1.450768,-0.4709709,295.7159,126.5831,13.38254,RightController
5/2/2017 1:17:59 PM:303,0.03541273,1.451276,-0.4761851,295.161,127.7613,13.59288,RightController
5/2/2017 1:17:59 PM:349,0.02942604,1.450593,-0.4795141,295.003,129.5147,12.76309,RightController
5/2/2017 1:17:59 PM:414,0.02956605,1.44518,-0.4788009,295.4636,125.3348,16.77916,RightController
5/2/2017 1:17:59 PM:476,0.03489035,1.4408,-0.476607,296.2281,122.1419,19.0503,RightController
5/2/2017 1:17:59 PM:530,0.0415495,1.436829,-0.4736191,297.1344,119.7584,20.67598,RightController
5/2/2017 1:17:59 PM:597,0.04875827,1.435767,-0.4675539,297.4899,118.1637,20.28719,RightController
5/2/2017 1:17:59 PM:653,0.0542205,1.437983,-0.4621319,297.0885,116.3866,21.02057,RightController
5/2/2017 1:17:59 PM:701,0.0574891,1.439598,-0.4587052,296.8869,115.5518,21.12003,RightController
5/2/2017 1:17:59 PM:762,0.06376076,1.442644,-0.4505073,296.3838,114.2874,21.01631,RightController
5/2/2017 1:17:59 PM:814,0.06675434,1.444022,-0.4456552,296.1372,113.4413,20.84377,RightController
5/2/2017 1:17:59 PM:861,0.06976223,1.44509,-0.4406998,295.905,111.8974,21.59434,RightController
5/2/2017 1:17:59 PM:915,0.0711056,1.445802,-0.435637,295.5111,110.7825,21.96151,RightController
5/2/2017 1:17:59 PM:990,0.07120025,1.444715,-0.4303079,294.9598,109.3313,22.4683,RightController
5/2/2017 1:18:00 PM:60,0.07179034,1.442473,-0.4260883,294.6577,106.8958,23.8445,RightController
5/2/2017 1:18:00 PM:112,0.07531446,1.439712,-0.4219589,295.2927,105.2221,25.19355,RightController
5/2/2017 1:18:00 PM:178,0.0816021,1.437207,-0.4155843,296.5231,104.1132,25.5551,RightController
5/2/2017 1:18:00 PM:246,0.08420378,1.438501,-0.4082282,296.3589,102.9434,25.75072,RightController
5/2/2017 1:18:00 PM:301,0.08514637,1.440603,-0.4026437,295.9421,101.7056,26.12496,RightController
5/2/2017 1:18:00 PM:367,0.08757716,1.443009,-0.3953495,295.599,100.3571,26.50906,RightController
5/2/2017 1:18:00 PM:439,0.08988881,1.443745,-0.3910365,295.5591,99.63567,26.69729,RightController
5/2/2017 1:18:00 PM:510,0.09289205,1.44456,-0.3851678,295.6534,98.4147,27.3109,RightController
5/2/2017 1:18:00 PM:580,0.09496826,1.446104,-0.3788943,295.6223,97.1459,27.73893,RightController
5/2/2017 1:18:00 PM:632,0.0959093,1.447208,-0.3752861,295.4307,96.18674,28.08585,RightController
5/2/2017 1:18:00 PM:688,0.09722024,1.448628,-0.3714757,295.2217,95.70474,28.00723,RightController
5/2/2017 1:18:00 PM:754,0.0984239,1.450453,-0.3664739,294.885,94.38283,28.42388,RightController
5/2/2017 1:18:00 PM:817,0.09950393,1.450768,-0.3648355,294.8021,94.09034,28.24059,RightController
5/2/2017 1:18:00 PM:873,0.1004903,1.451304,-0.3625166,294.7539,93.54539,28.48132,RightController
5/2/2017 1:18:00 PM:934,0.1019533,1.451215,-0.3601825,294.7621,93.32946,28.28624,RightController
5/2/2017 1:18:01 PM:1,0.1034603,1.450243,-0.359035,294.8736,92.74911,28.54791,RightController
5/2/2017 1:18:01 PM:72,0.1042756,1.449793,-0.3584018,295.1411,92.2984,28.83851,RightController
5/2/2017 1:18:01 PM:147,0.1031942,1.450177,-0.3604629,295.0691,91.50487,30.02528,RightController
5/2/2017 1:18:01 PM:216,0.1007326,1.45109,-0.3675883,295.0952,92.55737,30.11979,RightController
5/2/2017 1:18:01 PM:257,0.09825587,1.451732,-0.3724194,295.0281,93.17458,30.50774,RightController
5/2/2017 1:18:01 PM:314,0.09413922,1.45255,-0.3823233,295.0851,94.71803,30.71734,RightController
5/2/2017 1:18:01 PM:380,0.08460039,1.453403,-0.397532,294.8759,97.19167,31.27824,RightController
5/2/2017 1:18:01 PM:438,0.07884347,1.45298,-0.4069839,294.9442,99.61727,30.51791,RightController
5/2/2017 1:18:01 PM:491,0.07304806,1.452198,-0.4170191,294.9184,101.9891,30.12399,RightController
5/2/2017 1:18:01 PM:541,0.06745577,1.449681,-0.428766,295.4308,104.8911,29.31136,RightController
5/2/2017 1:18:01 PM:607,0.06079924,1.445596,-0.4416211,296.1844,107.8928,28.62148,RightController
5/2/2017 1:18:01 PM:664,0.05776972,1.443887,-0.4465834,296.4809,108.7143,28.87315,RightController
5/2/2017 1:18:01 PM:718,0.05346084,1.442865,-0.4526823,296.7246,109.9321,28.63643,RightController
5/2/2017 1:18:01 PM:785,0.04741752,1.442307,-0.4598273,296.7021,111.2007,28.72751,RightController
5/2/2017 1:18:01 PM:854,0.0430882,1.441962,-0.4659498,296.6436,112.5395,28.39489,RightController
5/2/2017 1:18:01 PM:910,0.04097557,1.441713,-0.4698418,296.6475,113.4313,28.13938,RightController
5/2/2017 1:18:01 PM:973,0.03731424,1.441242,-0.4750917,296.5742,115.4494,26.97522,RightController
5/2/2017 1:18:02 PM:33,0.0372082,1.440377,-0.4765397,296.8163,115.7818,26.75168,RightController
5/2/2017 1:18:02 PM:84,0.03790551,1.44003,-0.4767925,296.8105,115.5422,26.8976,RightController
5/2/2017 1:18:02 PM:154,0.03851664,1.439842,-0.4761138,296.7801,115.4727,26.52414,RightController
5/2/2017 1:18:02 PM:217,0.0391596,1.439187,-0.4759078,296.6889,115.2059,26.60385,RightController
5/2/2017 1:18:02 PM:277,0.04038966,1.438404,-0.4763706,296.8195,115.0447,26.5258,RightController
5/2/2017 1:18:02 PM:343,0.04143965,1.437688,-0.4779822,296.9315,115.4516,26.10555,RightController
5/2/2017 1:18:02 PM:402,0.04175222,1.437513,-0.4779947,296.873,115.5312,25.94466,RightController
5/2/2017 1:18:02 PM:453,0.04263079,1.437745,-0.4776847,296.9206,115.1529,26.09033,RightController
5/2/2017 1:18:02 PM:520,0.04276919,1.437455,-0.4770156,296.8003,114.676,26.41839,RightController
5/2/2017 1:18:02 PM:584,0.04286408,1.43749,-0.4775672,296.8601,114.6689,26.39353,RightController
5/2/2017 1:18:02 PM:641,0.04236305,1.437858,-0.4787376,296.8404,115.0763,26.07301,RightController
5/2/2017 1:18:02 PM:714,0.04134572,1.438621,-0.4807122,296.6991,115.2164,26.19719,RightController
5/2/2017 1:18:02 PM:767,0.04048622,1.439109,-0.4815253,296.6602,115.5721,25.8914,RightController
5/2/2017 1:18:02 PM:812,0.03946179,1.439511,-0.4821736,296.5876,116.0613,25.59688,RightController
5/2/2017 1:18:02 PM:853,0.03941059,1.439744,-0.4818794,296.5059,115.9489,25.60648,RightController
5/2/2017 1:18:02 PM:933,0.04084665,1.440573,-0.4814161,296.4642,116.5871,24.70538,RightController
5/2/2017 1:18:02 PM:993,0.04102713,1.441214,-0.4794041,296.1463,116.3013,24.73271,RightController
5/2/2017 1:18:03 PM:43,0.04160506,1.441823,-0.4768616,296.0485,115.7813,24.78827,RightController
5/2/2017 1:18:03 PM:118,0.04338354,1.44202,-0.4726739,295.9604,114.4812,25.41673,RightController
5/2/2017 1:18:03 PM:189,0.0429796,1.442678,-0.4723592,295.9393,114.667,25.02628,RightController
5/2/2017 1:18:03 PM:293,0.04139948,1.443952,-0.4712209,295.6137,114.5534,25.03381,RightController
5/2/2017 1:18:03 PM:377,0.04040754,1.443748,-0.4714496,295.54,115.1922,24.31873,RightController
5/2/2017 1:18:03 PM:477,0.04338896,1.441023,-0.4697992,296.1625,114.6179,24.34313,RightController
5/2/2017 1:18:03 PM:574,0.04494852,1.442634,-0.4649124,295.7063,114.4317,23.48738,RightController
5/2/2017 1:18:03 PM:670,0.04546064,1.444411,-0.4607917,295.1608,114.0556,22.73693,RightController
5/2/2017 1:18:03 PM:746,0.04683268,1.442672,-0.4590276,295.3585,113.2549,23.19833,RightController
5/2/2017 1:18:03 PM:847,0.04932559,1.440678,-0.4597687,295.8872,113.9143,22.34315,RightController
5/2/2017 1:18:03 PM:958,0.05037433,1.440095,-0.4568923,295.5765,113.7777,21.28463,RightController
5/2/2017 1:18:04 PM:44,0.0512982,1.437866,-0.4508038,295.6915,110.1987,23.57191,RightController
5/2/2017 1:18:04 PM:126,0.04991812,1.435579,-0.4487231,295.6385,109.3902,23.9122,RightController
5/2/2017 1:18:04 PM:198,0.05202353,1.432863,-0.4512947,296.5367,110.0889,23.80382,RightController
5/2/2017 1:18:04 PM:287,0.05392313,1.432995,-0.4533125,296.8233,111.9598,21.9243,RightController
5/2/2017 1:18:04 PM:362,0.0536806,1.436191,-0.4498789,296.3001,111.0375,22.47432,RightController
5/2/2017 1:18:04 PM:453,0.05337936,1.438403,-0.4466487,295.7636,110.4568,22.57311,RightController
5/2/2017 1:18:04 PM:542,0.05342078,1.439829,-0.4463662,295.7674,111.128,21.72166,RightController
5/2/2017 1:18:04 PM:591,0.05332476,1.440839,-0.4463496,295.6985,111.4414,21.15329,RightController
5/2/2017 1:18:04 PM:659,0.05339646,1.443559,-0.4447669,295.6018,113.5988,18.6039,RightController
5/2/2017 1:18:04 PM:744,0.05213916,1.448186,-0.4357213,294.7087,112.5718,17.64865,RightController
5/2/2017 1:18:04 PM:820,0.04850882,1.450763,-0.4306324,293.873,110.8089,18.72792,RightController
5/2/2017 1:18:04 PM:912,0.04378438,1.451761,-0.4301376,293.5045,110.2974,19.06435,RightController
5/2/2017 1:18:04 PM:977,0.0395292,1.453032,-0.4343044,293.549,114.0751,15.366,RightController
5/2/2017 1:18:05 PM:43,0.03202266,1.456914,-0.4358975,292.7144,120.4348,8.576054,RightController
5/2/2017 1:18:05 PM:115,0.02373278,1.46111,-0.4304543,290.3717,120.0556,8.14489,RightController
5/2/2017 1:18:05 PM:169,0.0237118,1.460758,-0.4293485,290.5328,120.4406,7.149731,RightController
5/2/2017 1:18:05 PM:224,0.02553868,1.459496,-0.429225,290.9676,120.7338,6.562803,RightController
5/2/2017 1:18:05 PM:297,0.0286569,1.458723,-0.427603,291.4406,122.2411,4.229737,RightController
5/2/2017 1:18:05 PM:376,0.02906287,1.462726,-0.4225936,290.8641,124.2206,0.6277894,RightController
5/2/2017 1:18:05 PM:481,0.0239988,1.474636,-0.4085441,286.9962,128.8694,352.8094,RightController
5/2/2017 1:18:05 PM:578,0.0180378,1.482406,-0.3973522,283.5572,122.6392,358.9442,RightController
5/2/2017 1:18:05 PM:672,0.009131491,1.485616,-0.3992443,283.7707,129.9142,351.6017,RightController
5/2/2017 1:18:05 PM:751,-3.147125E-05,1.491225,-0.3836582,285.3438,140.8274,336.107,RightController
5/2/2017 1:18:05 PM:834,-0.01241153,1.49456,-0.3422644,276.7592,85.61581,30.49579,RightController
5/2/2017 1:18:05 PM:897,-0.01782638,1.493499,-0.3460376,277.1277,84.69199,29.79142,RightController
5/2/2017 1:18:05 PM:946,-0.02138937,1.493794,-0.354666,277.3126,103.2368,11.63495,RightController
5/2/2017 1:18:06 PM:19,-0.02478933,1.49157,-0.3689098,279.9747,135.159,339.6749,RightController
5/2/2017 1:18:06 PM:81,-0.02414745,1.490724,-0.3673425,279.0281,131.1784,344.3738,RightController
5/2/2017 1:18:06 PM:140,-0.02317655,1.49043,-0.3648472,278.3737,118.4269,357.3029,RightController
5/2/2017 1:18:06 PM:203,-0.02550036,1.493644,-0.3654897,278.8389,131.1367,343.8085,RightController
5/2/2017 1:18:06 PM:275,-0.02178079,1.499508,-0.3576951,280.8393,138.2137,333.6347,RightController
5/2/2017 1:18:06 PM:320,-0.02011967,1.50197,-0.345952,278.6727,133.2402,336.5427,RightController
5/2/2017 1:18:06 PM:362,-0.01761293,1.504213,-0.3320014,276.678,124.1185,343.9553,RightController
5/2/2017 1:18:06 PM:411,-0.01489526,1.504028,-0.320847,275.5385,114.331,351.8258,RightController
5/2/2017 1:18:06 PM:464,-0.01033729,1.501814,-0.3105557,275.2412,99.99255,4.098251,RightController
5/2/2017 1:18:06 PM:527,3.534555E-05,1.497799,-0.3008547,276.7208,97.33389,4.564777,RightController
5/2/2017 1:18:06 PM:588,0.006750405,1.496162,-0.2962391,277.9463,99.27745,1.490733,RightController
5/2/2017 1:18:06 PM:632,0.01154995,1.495062,-0.2905838,278.7055,98.46329,1.132739,RightController
5/2/2017 1:18:06 PM:684,0.01242077,1.494871,-0.2848737,278.4235,94.03668,4.922448,RightController
5/2/2017 1:18:06 PM:741,0.01026398,1.495363,-0.2805467,277.6926,86.11942,12.38126,RightController
5/2/2017 1:18:06 PM:798,0.006585956,1.495473,-0.2810056,277.0574,73.76622,26.01299,RightController
5/2/2017 1:18:06 PM:868,0.001264334,1.495351,-0.2930038,277.4676,62.3393,41.15118,RightController
5/2/2017 1:18:06 PM:918,-0.002048254,1.495645,-0.3032713,277.6909,65.25687,40.63288,RightController
5/2/2017 1:18:06 PM:992,-0.01449984,1.496751,-0.3330815,278.341,81.47424,31.1405,RightController
5/2/2017 1:18:07 PM:99,-0.02765262,1.49712,-0.3542821,278.0673,86.33293,32.33173,RightController
5/2/2017 1:18:07 PM:168,-0.05043268,1.4973,-0.383198,278.2838,102.4355,23.95233,RightController
5/2/2017 1:18:07 PM:222,-0.05760902,1.497817,-0.3909078,278.2126,104.9138,23.98569,RightController
5/2/2017 1:18:07 PM:263,-0.06392926,1.497876,-0.3974049,278.1447,107.684,23.31555,RightController
5/2/2017 1:18:07 PM:309,-0.06917953,1.498033,-0.402318,278.0009,110.1475,22.5993,RightController
5/2/2017 1:18:07 PM:353,-0.0728569,1.498331,-0.4063804,278.0909,113.3841,20.72643,RightController
5/2/2017 1:18:07 PM:407,-0.07511568,1.498287,-0.409555,278.0973,115.6123,19.45245,RightController
5/2/2017 1:18:07 PM:472,-0.07639486,1.498462,-0.4117754,278.1124,117.2871,18.82193,RightController
5/2/2017 1:18:07 PM:533,-0.07464868,1.498633,-0.4116271,277.9956,115.9217,20.61614,RightController
5/2/2017 1:18:07 PM:580,-0.07305187,1.498842,-0.4110301,278.1855,116.644,19.68815,RightController
5/2/2017 1:18:07 PM:625,-0.07135749,1.498659,-0.4095919,278.3064,116.4968,19.52893,RightController
5/2/2017 1:18:07 PM:674,-0.06991827,1.498522,-0.4068685,278.0501,113.6933,22.13059,RightController
5/2/2017 1:18:07 PM:744,-0.06237078,1.496968,-0.4014349,278.7816,116.9969,17.01997,RightController
5/2/2017 1:18:07 PM:803,-0.05760032,1.495614,-0.3962126,278.7062,110.474,22.67114,RightController
5/2/2017 1:18:07 PM:848,-0.05452085,1.494872,-0.3919649,278.5533,108.5816,23.72794,RightController
5/2/2017 1:18:07 PM:892,-0.05085921,1.49429,-0.3891892,278.8043,109.8124,21.38123,RightController
5/2/2017 1:18:07 PM:948,-0.04422337,1.49326,-0.3855736,279.276,108.583,21.43452,RightController
5/2/2017 1:18:08 PM:2,-0.03740066,1.492088,-0.3815517,279.6678,107.0623,21.55808,RightController
5/2/2017 1:18:08 PM:51,-0.03159308,1.491656,-0.3780053,279.918,105.2758,22.40279,RightController
5/2/2017 1:18:08 PM:125,-0.01806134,1.490449,-0.3698316,281.2149,91.50047,35.09059,RightController
5/2/2017 1:18:08 PM:185,-0.01059681,1.488803,-0.3662353,283.2386,87.97599,38.20866,RightController
5/2/2017 1:18:08 PM:236,-0.00565815,1.487622,-0.3622141,284.651,83.507,42.03961,RightController
5/2/2017 1:18:08 PM:299,-0.003397763,1.48727,-0.3568306,285.1568,79.31395,46.02833,RightController
5/2/2017 1:18:08 PM:358,-0.00202632,1.48975,-0.3492727,284.8766,75.94414,48.33052,RightController
5/2/2017 1:18:08 PM:427,-0.001172781,1.49615,-0.332967,285.1771,59.0553,63.7946,RightController
5/2/2017 1:18:08 PM:496,-0.0006332397,1.505788,-0.3092728,287.9641,35.45571,87.15479,RightController
5/2/2017 1:18:08 PM:551,-0.002383471,1.510053,-0.2910032,291.1157,21.99663,100.8112,RightController
5/2/2017 1:18:08 PM:609,-0.002201796,1.509982,-0.2668474,297.7261,13.04497,109.279,RightController
5/2/2017 1:18:08 PM:673,-0.006877303,1.503163,-0.2328415,306.7078,4.257376,116.4799,RightController
5/2/2017 1:18:08 PM:739,-0.02095866,1.491055,-0.2047763,315.3872,356.2218,121.4879,RightController
5/2/2017 1:18:08 PM:787,-0.02815074,1.482803,-0.1933894,320.2172,352.2469,124.4947,RightController
5/2/2017 1:18:08 PM:852,-0.04104221,1.4677,-0.175046,328.3002,347.9635,125.0514,RightController
5/2/2017 1:18:08 PM:912,-0.05010146,1.460635,-0.1711087,332.0983,344.3997,126.0082,RightController
5/2/2017 1:18:08 PM:952,-0.05735004,1.45571,-0.1734092,335.0839,339.3074,130.3378,RightController
5/2/2017 1:18:09 PM:9,-0.04030782,1.453905,-0.1881373,339.5073,337.3379,131.4471,RightController
5/2/2017 1:18:09 PM:81,0.1137235,1.496787,-0.2693572,340.5131,0.7854742,139.2617,RightController
5/2/2017 1:18:09 PM:148,0.2590851,1.560517,-0.4515522,323.0802,56.9286,106.3955,RightController
5/2/2017 1:18:09 PM:197,0.2397761,1.599199,-0.5631553,306.6869,101.0202,56.26377,RightController
5/2/2017 1:18:09 PM:243,0.1814573,1.617444,-0.5605215,295.3087,80.65807,93.16237,RightController
5/2/2017 1:18:09 PM:310,0.1358848,1.62148,-0.5467296,293.1206,66.89573,103.6477,RightController
5/2/2017 1:18:09 PM:360,0.1277951,1.617092,-0.5486054,294.9498,61.39056,111.2673,RightController
5/2/2017 1:18:09 PM:420,0.1191735,1.613402,-0.5542084,295.6255,59.50399,114.5679,RightController
5/2/2017 1:18:09 PM:480,0.1171899,1.605228,-0.5620128,298.2084,61.01834,113.3586,RightController
5/2/2017 1:18:09 PM:544,0.1201121,1.593869,-0.5602689,303.6837,60.84251,114.7197,RightController
5/2/2017 1:18:09 PM:591,0.1176963,1.590983,-0.5573876,304.6257,59.52917,115.5891,RightController
5/2/2017 1:18:09 PM:643,0.1146935,1.5861,-0.5536007,306.6155,57.93582,118.3144,RightController
5/2/2017 1:18:09 PM:707,0.1110015,1.582322,-0.5518334,308.1608,57.5966,119.1651,RightController
5/2/2017 1:18:09 PM:770,0.1084774,1.57874,-0.5532676,309.5052,58.06721,118.9055,RightController
5/2/2017 1:18:09 PM:816,0.1076269,1.577128,-0.5543534,310.0198,58.55935,118.6935,RightController
5/2/2017 1:18:09 PM:869,0.1055958,1.57659,-0.5565078,309.9595,59.1569,117.9913,RightController
5/2/2017 1:18:09 PM:941,0.104157,1.575935,-0.5592562,309.7954,60.08212,117.2717,RightController
5/2/2017 1:18:09 PM:994,0.1040584,1.574409,-0.5614059,309.7009,60.6681,116.664,RightController
5/2/2017 1:18:10 PM:37,0.1047245,1.573111,-0.5617375,309.701,61.18132,115.8658,RightController
5/2/2017 1:18:10 PM:82,0.105728,1.572073,-0.5614769,309.7438,61.32013,115.5923,RightController
5/2/2017 1:18:10 PM:125,0.107276,1.571218,-0.5604625,309.8314,61.45637,115.2159,RightController
5/2/2017 1:18:10 PM:176,0.1088713,1.570127,-0.5587689,310.0718,61.5498,114.7359,RightController
5/2/2017 1:18:10 PM:240,0.1111625,1.5685,-0.5546864,310.4958,60.83773,115.398,RightController
5/2/2017 1:18:10 PM:296,0.1120948,1.568266,-0.5526972,310.3727,60.77799,115.1348,RightController
5/2/2017 1:18:10 PM:347,0.1130086,1.567963,-0.5508215,310.3141,60.51219,115.3644,RightController
5/2/2017 1:18:10 PM:454,0.1147299,1.566911,-0.5486774,310.2932,60.65888,114.8495,RightController
5/2/2017 1:18:10 PM:563,0.1199707,1.561286,-0.5423174,311.2753,60.3738,114.3279,RightController
5/2/2017 1:18:10 PM:668,0.1222061,1.558511,-0.5413231,311.3186,60.68062,113.7649,RightController
5/2/2017 1:18:10 PM:889,0.12638,1.555019,-0.5415238,311.6523,61.24284,112.888,RightController
5/2/2017 1:18:10 PM:983,0.1295438,1.553926,-0.5413792,311.7018,61.29116,112.4959,RightController
5/2/2017 1:18:11 PM:56,0.1311738,1.554551,-0.5419792,311.4995,61.53897,112.2014,RightController
5/2/2017 1:18:11 PM:116,0.1321313,1.554243,-0.5417557,311.5978,61.44548,112.1672,RightController
5/2/2017 1:18:11 PM:187,0.1330963,1.554039,-0.5416615,311.6898,61.29808,112.3997,RightController
5/2/2017 1:18:11 PM:240,0.1340017,1.553777,-0.5419388,311.7514,61.26619,112.4607,RightController
5/2/2017 1:18:11 PM:301,0.1348847,1.552157,-0.5434904,312.0399,61.85324,112.0357,RightController
5/2/2017 1:18:11 PM:368,0.1347659,1.550239,-0.5453908,312.483,61.98859,112.1166,RightController
5/2/2017 1:18:11 PM:423,0.1343589,1.549773,-0.5467083,312.6115,62.31302,111.8256,RightController
5/2/2017 1:18:11 PM:503,0.1325147,1.549196,-0.5482433,312.5396,62.65752,111.5416,RightController
5/2/2017 1:18:11 PM:569,0.1311616,1.548304,-0.5501281,312.55,62.83542,111.537,RightController
5/2/2017 1:18:11 PM:649,0.1301032,1.548041,-0.5523837,312.5586,63.13704,111.2195,RightController
5/2/2017 1:18:11 PM:716,0.1284397,1.548548,-0.5530052,312.3818,63.16507,111.3004,RightController
5/2/2017 1:18:11 PM:791,0.1261298,1.549771,-0.5544258,312.0651,63.13554,111.3078,RightController
5/2/2017 1:18:11 PM:847,0.125779,1.550421,-0.5558834,311.8497,63.09364,111.4712,RightController
5/2/2017 1:18:11 PM:904,0.1249239,1.551595,-0.5576689,311.6445,63.27222,111.356,RightController
5/2/2017 1:18:11 PM:951,0.1238978,1.552284,-0.5586878,311.4027,63.35809,111.2086,RightController
5/2/2017 1:18:12 PM:15,0.1237023,1.553396,-0.5596956,311.1832,63.06396,111.5819,RightController
5/2/2017 1:18:12 PM:88,0.1241336,1.554188,-0.559738,310.6885,63.20689,110.9271,RightController
5/2/2017 1:18:12 PM:133,0.1242875,1.55383,-0.5590605,310.7787,62.86535,111.3227,RightController
5/2/2017 1:18:12 PM:205,0.1221941,1.554009,-0.5553749,310.1079,61.82118,111.5974,RightController
5/2/2017 1:18:12 PM:275,0.1217374,1.553532,-0.5527382,310.3891,61.07757,112.3902,RightController
5/2/2017 1:18:12 PM:330,0.1211835,1.554026,-0.5515823,310.567,60.66405,112.6575,RightController
5/2/2017 1:18:12 PM:393,0.1173376,1.554895,-0.5512551,310.5106,60.37976,113.3053,RightController
5/2/2017 1:18:12 PM:453,0.1087852,1.555081,-0.5480448,309.9839,59.92075,114.0014,RightController
5/2/2017 1:18:12 PM:514,0.09413457,1.555461,-0.5411732,307.8187,58.31995,114.3084,RightController
5/2/2017 1:18:12 PM:583,0.06502575,1.545653,-0.5247279,304.3182,55.87653,114.743,RightController
5/2/2017 1:18:12 PM:652,0.04385698,1.530887,-0.5123049,301.0496,55.06873,112.4719,RightController
5/2/2017 1:18:12 PM:708,0.0244478,1.512406,-0.4986006,298.6464,54.04451,110.9443,RightController
5/2/2017 1:18:12 PM:767,0.007364631,1.491437,-0.4849712,296.1033,53.58291,108.6985,RightController
5/2/2017 1:18:12 PM:972,-0.003276706,1.468679,-0.4745654,294.8066,58.46716,100.627,RightController
5/2/2017 1:18:13 PM:42,-0.006304204,1.406204,-0.4678082,300.5985,79.81254,74.16878,RightController
5/2/2017 1:18:13 PM:110,-0.008025587,1.402617,-0.4698844,300.7855,81.42033,73.08833,RightController
5/2/2017 1:18:13 PM:157,-0.01061809,1.405288,-0.4717973,300.1782,82.86893,71.8599,RightController
5/2/2017 1:18:13 PM:228,-0.01472157,1.412196,-0.4727935,298.5561,82.87704,72.29854,RightController
5/2/2017 1:18:13 PM:281,-0.01671076,1.416632,-0.4729559,298.0935,82.67431,72.79352,RightController
5/2/2017 1:18:13 PM:333,-0.01798487,1.420064,-0.4725876,297.3002,81.97394,73.76125,RightController
5/2/2017 1:18:13 PM:400,-0.01924896,1.422167,-0.472802,296.7779,82.48399,73.26484,RightController
5/2/2017 1:18:13 PM:474,-0.0199573,1.422674,-0.4718429,296.9045,81.70551,74.26694,RightController
5/2/2017 1:18:13 PM:561,-0.0210011,1.423714,-0.4710612,296.5444,82.06859,73.70636,RightController
5/2/2017 1:18:13 PM:641,-0.02229589,1.424878,-0.4693234,296.3524,81.83819,73.76676,RightController
5/2/2017 1:18:13 PM:714,-0.02291298,1.425666,-0.4669431,296.2428,81.47206,74.03477,RightController
5/2/2017 1:18:13 PM:782,-0.02395165,1.426664,-0.4665072,295.9958,81.49844,73.8707,RightController
5/2/2017 1:18:13 PM:846,-0.02445281,1.427473,-0.4664062,295.9135,81.53975,73.93051,RightController
5/2/2017 1:18:13 PM:924,-0.02422655,1.428451,-0.4657205,296.0594,81.08388,74.41669,RightController
5/2/2017 1:18:13 PM:980,-0.02457094,1.429504,-0.4647025,295.9729,80.51744,74.9343,RightController
5/2/2017 1:18:14 PM:40,-0.02525651,1.431637,-0.4642094,295.6481,79.83812,75.57162,RightController
5/2/2017 1:18:14 PM:112,-0.02553391,1.433204,-0.462938,295.5785,79.22515,76.00405,RightController
5/2/2017 1:18:14 PM:180,-0.02560848,1.433397,-0.4624927,295.3089,79.41291,75.64755,RightController
5/2/2017 1:18:14 PM:230,-0.02489221,1.432869,-0.4619246,295.3714,79.54267,75.28393,RightController
5/2/2017 1:18:14 PM:295,-0.02340382,1.432165,-0.459857,295.5719,78.93487,75.44652,RightController
5/2/2017 1:18:14 PM:356,-0.02236426,1.432421,-0.4587291,295.6337,78.56667,75.33691,RightController
5/2/2017 1:18:14 PM:411,-0.02222967,1.433114,-0.4584103,295.5246,78.2458,75.65604,RightController
5/2/2017 1:18:14 PM:486,-0.02175272,1.434116,-0.4581306,295.1357,77.99692,75.69186,RightController
5/2/2017 1:18:14 PM:551,-0.02188098,1.434559,-0.4581487,295.1113,78.07845,75.43316,RightController
5/2/2017 1:18:14 PM:598,-0.02146089,1.434726,-0.4580028,295.093,77.86442,75.67649,RightController
5/2/2017 1:18:14 PM:659,-0.02208567,1.434668,-0.4584763,294.8843,78.26572,75.10467,RightController
5/2/2017 1:18:14 PM:715,-0.02266937,1.434812,-0.458165,294.8916,78.21425,75.0769,RightController
5/2/2017 1:18:14 PM:762,-0.02286476,1.43501,-0.4581234,294.9021,78.16711,75.07226,RightController
5/2/2017 1:18:14 PM:819,-0.02359259,1.435351,-0.4584999,294.7402,78.3223,74.81839,RightController
5/2/2017 1:18:14 PM:888,-0.02468413,1.436423,-0.4579799,294.6107,77.96699,75.19759,RightController
5/2/2017 1:18:14 PM:931,-0.02492976,1.437072,-0.4578997,294.5357,77.77963,75.31847,RightController
5/2/2017 1:18:14 PM:988,-0.02564311,1.437613,-0.4582198,294.3727,77.69709,75.47904,RightController
5/2/2017 1:18:15 PM:54,-0.02648997,1.437387,-0.4586716,294.3423,77.7465,75.44041,RightController
5/2/2017 1:18:15 PM:112,-0.02709997,1.437604,-0.4584409,294.3503,77.88832,75.27292,RightController
5/2/2017 1:18:15 PM:166,-0.0270676,1.437794,-0.4586411,294.1581,78.17389,74.75049,RightController
5/2/2017 1:18:15 PM:237,-0.02589339,1.437259,-0.4588373,294.2795,78.08713,74.83124,RightController
5/2/2017 1:18:15 PM:302,-0.02578461,1.43788,-0.458879,294.1472,77.94138,74.78838,RightController
5/2/2017 1:18:15 PM:357,-0.02561361,1.43838,-0.4589719,294.112,77.51633,75.16331,RightController
5/2/2017 1:18:15 PM:422,-0.02542919,1.438785,-0.4598714,294.0952,77.6257,75.00719,RightController
5/2/2017 1:18:15 PM:475,-0.02542359,1.438563,-0.460325,294.1212,77.55691,75.20602,RightController
5/2/2017 1:18:15 PM:530,-0.0253278,1.438752,-0.4610683,294.0759,77.5118,75.25461,RightController
5/2/2017 1:18:15 PM:590,-0.02591884,1.439568,-0.4625348,294.0305,77.75567,75.06606,RightController
5/2/2017 1:18:15 PM:657,-0.02632397,1.440578,-0.4632996,294.0821,77.57117,75.46137,RightController
5/2/2017 1:18:15 PM:707,-0.0262453,1.441019,-0.4639753,294.0058,77.37515,75.71416,RightController
5/2/2017 1:18:15 PM:769,-0.02703762,1.442075,-0.4646312,293.836,77.36693,75.74062,RightController
5/2/2017 1:18:15 PM:832,-0.02787036,1.442466,-0.463438,293.8134,76.89572,76.27798,RightController
5/2/2017 1:18:15 PM:880,-0.02811933,1.442705,-0.4635298,293.7401,76.89771,76.14794,RightController
5/2/2017 1:18:15 PM:929,-0.02777642,1.443086,-0.4632618,293.6695,76.83326,76.17672,RightController
5/2/2017 1:18:16 PM:11,-0.02730966,1.442991,-0.4637573,293.7502,77.06659,75.86353,RightController
5/2/2017 1:18:16 PM:74,-0.02735233,1.44333,-0.4639016,293.7318,76.63729,76.13448,RightController
5/2/2017 1:18:16 PM:149,-0.0283519,1.443256,-0.4642253,293.4603,76.65968,76.04202,RightController
5/2/2017 1:18:16 PM:203,-0.02912503,1.443235,-0.4651854,293.3995,76.61578,76.14914,RightController
5/2/2017 1:18:16 PM:257,-0.03037381,1.442924,-0.4657062,293.1918,77.05013,75.63641,RightController
5/2/2017 1:18:16 PM:327,-0.02981102,1.44142,-0.4664885,293.4118,77.36955,75.44601,RightController
5/2/2017 1:18:16 PM:385,-0.02937227,1.441074,-0.4674634,293.3297,77.96864,74.73074,RightController
5/2/2017 1:18:16 PM:433,-0.02887005,1.441102,-0.4681504,293.3288,77.89885,74.82217,RightController
5/2/2017 1:18:16 PM:486,-0.0284133,1.441318,-0.4683976,293.3167,77.7661,74.91857,RightController
5/2/2017 1:18:16 PM:562,-0.02876002,1.441255,-0.4686221,293.1586,77.68857,74.85752,RightController
5/2/2017 1:18:16 PM:625,-0.02821648,1.440802,-0.4698815,293.3346,77.70232,74.99715,RightController
5/2/2017 1:18:16 PM:682,-0.02797037,1.440553,-0.4715701,293.2491,78.49011,74.26238,RightController
5/2/2017 1:18:16 PM:753,-0.02672297,1.439911,-0.4722357,293.3958,78.52094,74.20502,RightController
5/2/2017 1:18:16 PM:811,-0.02591085,1.440162,-0.4723132,293.5152,78.11201,74.74471,RightController
5/2/2017 1:18:16 PM:860,-0.02569228,1.441061,-0.4727347,293.3986,78.30561,74.51465,RightController
5/2/2017 1:18:16 PM:911,-0.02585399,1.442322,-0.4729416,293.0443,77.94492,74.8867,RightController
5/2/2017 1:18:16 PM:959,-0.02601516,1.442848,-0.4726744,292.9671,77.71541,75.08344,RightController
5/2/2017 1:18:17 PM:8,-0.02530116,1.443172,-0.4722638,292.9379,77.46834,75.33009,RightController
5/2/2017 1:18:17 PM:77,-0.02483952,1.443435,-0.4716107,292.9039,77.06963,75.63854,RightController
5/2/2017 1:18:17 PM:148,-0.02403671,1.443564,-0.4717942,292.9706,77.22977,75.39252,RightController
5/2/2017 1:18:17 PM:204,-0.02356344,1.443942,-0.4715072,292.9194,76.93898,75.6553,RightController
5/2/2017 1:18:17 PM:277,-0.02260125,1.444458,-0.4707625,292.848,76.6156,75.91056,RightController
5/2/2017 1:18:17 PM:329,-0.02222395,1.444902,-0.4710696,292.7508,76.75893,75.65561,RightController
5/2/2017 1:18:17 PM:376,-0.021568,1.445052,-0.470925,292.7604,76.38249,76.03735,RightController
5/2/2017 1:18:17 PM:431,-0.02097571,1.445251,-0.4708976,292.7374,76.35358,75.97885,RightController
5/2/2017 1:18:17 PM:502,-0.01941085,1.444835,-0.4705238,292.7827,76.34872,75.90431,RightController
5/2/2017 1:18:17 PM:554,-0.01894933,1.44458,-0.4704555,292.8547,76.32617,75.78526,RightController
5/2/2017 1:18:17 PM:606,-0.01835513,1.444472,-0.4696836,292.8871,76.29765,75.80152,RightController
5/2/2017 1:18:17 PM:666,-0.01813841,1.444324,-0.4692942,292.8364,76.22864,75.81136,RightController
5/2/2017 1:18:17 PM:724,-0.0183149,1.444724,-0.469259,292.7204,76.27586,75.82179,RightController
5/2/2017 1:18:17 PM:780,-0.01760149,1.444339,-0.4697381,292.801,76.42405,75.73524,RightController
5/2/2017 1:18:17 PM:834,-0.01779866,1.444092,-0.470229,292.7519,76.65943,75.49472,RightController
5/2/2017 1:18:17 PM:905,-0.01753122,1.443618,-0.4705676,292.8759,76.93601,75.28968,RightController
5/2/2017 1:18:17 PM:970,-0.01741719,1.443496,-0.4708955,292.7424,77.30676,74.88103,RightController
5/2/2017 1:18:18 PM:20,-0.01710594,1.443252,-0.4711633,292.8425,77.17629,75.11308,RightController
5/2/2017 1:18:18 PM:73,-0.01676887,1.443403,-0.471113,292.7573,77.11935,75.09496,RightController
5/2/2017 1:18:18 PM:137,-0.01585329,1.443665,-0.4712211,292.8024,76.97609,75.11575,RightController
5/2/2017 1:18:18 PM:191,-0.01519895,1.443402,-0.4712305,292.8727,76.7742,75.27335,RightController
5/2/2017 1:18:18 PM:234,-0.01381695,1.443516,-0.472728,292.9601,77.07468,74.88811,RightController
5/2/2017 1:18:18 PM:295,-0.01191568,1.443983,-0.4749649,292.8542,77.5501,74.34628,RightController
5/2/2017 1:18:18 PM:339,-0.01168668,1.444592,-0.4761037,292.6762,77.82743,73.75402,RightController
5/2/2017 1:18:18 PM:395,-0.011567,1.445742,-0.4766643,292.5944,76.95052,74.29659,RightController
5/2/2017 1:18:18 PM:458,-0.01145661,1.447304,-0.4785024,292.5053,74.74329,75.89745,RightController
5/2/2017 1:18:18 PM:518,-0.01068139,1.447651,-0.4822646,292.6255,74.90757,75.19889,RightController
5/2/2017 1:18:18 PM:561,-0.009077549,1.448553,-0.4865842,292.7638,74.43645,75.21607,RightController
5/2/2017 1:18:18 PM:615,-0.008111,1.450412,-0.4924064,292.2082,73.64633,75.19843,RightController
5/2/2017 1:18:18 PM:691,-0.003964603,1.452294,-0.501797,292.0607,72.54939,74.95074,RightController
5/2/2017 1:18:18 PM:760,-0.001360655,1.453648,-0.5086421,291.7217,71.14509,75.25799,RightController
5/2/2017 1:18:18 PM:847,0.003159106,1.454309,-0.5193259,291.587,69.81595,75.1841,RightController
5/2/2017 1:18:18 PM:937,0.01026428,1.454139,-0.5326322,291.5216,69.43304,73.90156,RightController
5/2/2017 1:18:18 PM:997,0.01139563,1.45383,-0.5364563,290.9096,70.14111,71.93524,RightController
5/2/2017 1:18:19 PM:61,0.01090133,1.4532,-0.5371624,290.6364,70.76108,70.08794,RightController
5/2/2017 1:18:19 PM:109,0.008769393,1.453048,-0.5372051,290.0435,72.42145,67.68372,RightController
5/2/2017 1:18:19 PM:150,0.005039454,1.453852,-0.5364751,289.0104,76.15757,62.83965,RightController
5/2/2017 1:18:19 PM:200,0.0004808903,1.454594,-0.5348009,287.7433,83.45208,53.84277,RightController
5/2/2017 1:18:19 PM:264,-0.005504429,1.452532,-0.5251191,287.4124,85.55127,49.67479,RightController
5/2/2017 1:18:19 PM:322,-0.009939373,1.451108,-0.5206801,287.0302,94.01843,39.70126,RightController
5/2/2017 1:18:19 PM:369,-0.01353288,1.4494,-0.5152617,287.3652,104.7912,26.74149,RightController
5/2/2017 1:18:19 PM:422,-0.01548052,1.447111,-0.5080273,288.4926,115.9276,13.61954,RightController
5/2/2017 1:18:19 PM:467,-0.01669455,1.444612,-0.4940286,290.3216,123.028,4.485848,RightController
5/2/2017 1:18:19 PM:528,-0.01704681,1.443586,-0.4740598,289.597,118.1761,7.181894,RightController
5/2/2017 1:18:19 PM:582,-0.01740587,1.443944,-0.4555367,288.2194,112.8382,11.87511,RightController
5/2/2017 1:18:19 PM:642,-0.01814222,1.445478,-0.4383346,288.8579,118.7407,2.588323,RightController
5/2/2017 1:18:19 PM:714,-0.01518655,1.445976,-0.4198101,288.049,115.2628,3.658088,RightController
5/2/2017 1:18:19 PM:768,-0.01219225,1.447004,-0.4080367,287.27,112.3258,6.173643,RightController
5/2/2017 1:18:19 PM:835,-0.008115053,1.449712,-0.3930712,287.5726,116.0939,359.7054,RightController
5/2/2017 1:18:19 PM:892,-0.005231738,1.450985,-0.38218,287.3636,115.5303,358.7621,RightController
5/2/2017 1:18:19 PM:943,-0.002054334,1.451373,-0.3690202,286.8682,114.5169,358.3718,RightController
5/2/2017 1:18:19 PM:993,0.003625989,1.451868,-0.3510566,287.0074,112.2024,358.2984,RightController
5/2/2017 1:18:20 PM:55,0.009394169,1.452987,-0.3216116,286.5888,108.9077,357.317,RightController
5/2/2017 1:18:20 PM:121,0.01377594,1.453949,-0.2927098,286.3136,102.4142,359.0696,RightController
5/2/2017 1:18:20 PM:167,0.01512033,1.453919,-0.2782249,285.7072,98.05656,1.518005,RightController
5/2/2017 1:18:20 PM:233,0.01850086,1.45489,-0.2478182,284.7469,88.93036,6.781257,RightController
5/2/2017 1:18:20 PM:285,0.02030241,1.455356,-0.2369714,284.7398,86.98376,7.019722,RightController
5/2/2017 1:18:20 PM:338,0.02267593,1.456213,-0.2200553,284.5209,82.7534,8.80537,RightController
5/2/2017 1:18:20 PM:388,0.02339292,1.456553,-0.2079175,284.1217,78.96938,11.04258,RightController
5/2/2017 1:18:20 PM:435,0.02312011,1.456352,-0.194077,283.5651,72.26891,16.38132,RightController
5/2/2017 1:18:20 PM:480,0.02287078,1.45652,-0.1848273,283.3394,67.75847,19.60669,RightController
5/2/2017 1:18:20 PM:538,0.02251935,1.457307,-0.1765232,283.1195,61.96857,24.6447,RightController
5/2/2017 1:18:20 PM:606,0.02051985,1.458167,-0.171119,282.7691,49.40499,38.43566,RightController
5/2/2017 1:18:20 PM:666,0.01978713,1.457505,-0.174685,282.8723,45.79359,43.82254,RightController
5/2/2017 1:18:20 PM:715,0.02120364,1.454831,-0.1821418,284.2647,41.0349,51.55689,RightController
5/2/2017 1:18:20 PM:776,0.02257669,1.452295,-0.1943326,285.9422,39.42379,57.43546,RightController
5/2/2017 1:18:20 PM:836,0.02098596,1.450854,-0.2190011,286.5781,45.20992,57.55021,RightController
5/2/2017 1:18:20 PM:892,0.01696545,1.450294,-0.2328346,286.7739,48.65942,57.14701,RightController
5/2/2017 1:18:20 PM:947,0.01024288,1.448772,-0.2489476,286.7708,53.22066,56.86271,RightController
5/2/2017 1:18:20 PM:996,0.003350258,1.445925,-0.2647231,286.8342,60.70727,52.45364,RightController
5/2/2017 1:18:21 PM:37,-0.0008217096,1.44327,-0.2726266,286.8405,66.22956,48.4993,RightController
5/2/2017 1:18:21 PM:82,-0.004333436,1.44075,-0.2796032,287.0482,71.22359,44.71824,RightController
5/2/2017 1:18:21 PM:125,-0.007885337,1.43647,-0.2859888,287.7005,74.93959,42.37086,RightController
5/2/2017 1:18:21 PM:204,-0.01130217,1.429315,-0.295563,288.6379,81.79264,38.00031,RightController
5/2/2017 1:18:21 PM:273,-0.01016545,1.427453,-0.2981224,288.9676,84.34492,36.02833,RightController
5/2/2017 1:18:21 PM:332,-0.00981617,1.427568,-0.2991517,288.7188,84.42428,36.68822,RightController
5/2/2017 1:18:21 PM:399,-0.01107186,1.429313,-0.2998326,288.1961,83.57523,38.1015,RightController
5/2/2017 1:18:21 PM:453,-0.01180005,1.430176,-0.3007185,287.8678,84.5858,37.09672,RightController
5/2/2017 1:18:21 PM:511,-0.0119369,1.42955,-0.3010142,287.7143,85.43671,36.30189,RightController
5/2/2017 1:18:21 PM:582,-0.009824038,1.427239,-0.3006859,288.1495,87.24296,34.39566,RightController
5/2/2017 1:18:21 PM:633,-0.008618891,1.425549,-0.300175,288.5052,87.98215,33.37032,RightController
5/2/2017 1:18:21 PM:683,-0.00751251,1.423094,-0.2971492,289.0637,88.05951,32.66184,RightController
5/2/2017 1:18:21 PM:744,-0.006532371,1.420493,-0.2924995,289.5241,86.44038,33.56266,RightController
5/2/2017 1:18:21 PM:824,-0.004207611,1.417357,-0.28652,290.2871,84.94367,34.15651,RightController
5/2/2017 1:18:21 PM:878,-0.002735138,1.416252,-0.2855072,290.6339,85.12311,33.65927,RightController
5/2/2017 1:18:21 PM:948,-0.0004986525,1.413401,-0.2830927,291.242,83.92047,34.48104,RightController
5/2/2017 1:18:22 PM:2,0.0004743338,1.412183,-0.2822487,291.7014,82.62799,35.70418,RightController
5/2/2017 1:18:22 PM:65,0.00166291,1.411212,-0.28266,292.0229,82.67632,35.78923,RightController
5/2/2017 1:18:22 PM:125,0.004334748,1.40993,-0.2825511,292.5004,83.18871,35.19326,RightController
5/2/2017 1:18:22 PM:191,0.007452607,1.409478,-0.2810562,292.5165,82.74844,35.72446,RightController
5/2/2017 1:18:22 PM:235,0.009828925,1.409583,-0.2796695,292.7133,83.01759,35.02522,RightController
5/2/2017 1:18:22 PM:294,0.01273555,1.409609,-0.2751296,292.6844,82.20354,35.2212,RightController
5/2/2017 1:18:22 PM:357,0.01735169,1.408822,-0.2648191,293.0421,79.19485,36.52555,RightController
5/2/2017 1:18:22 PM:424,0.01996267,1.408282,-0.2555659,293.1212,77.58922,36.47888,RightController
5/2/2017 1:18:22 PM:472,0.02200329,1.408181,-0.2467093,293.2061,75.54691,37.04982,RightController
5/2/2017 1:18:22 PM:529,0.02353978,1.407946,-0.234848,293.2698,73.45499,37.03172,RightController
5/2/2017 1:18:22 PM:597,0.02467453,1.406671,-0.2176828,293.3878,70.1374,37.32954,RightController
5/2/2017 1:18:22 PM:662,0.02658397,1.403668,-0.2036004,294.1786,67.85755,36.92873,RightController
5/2/2017 1:18:22 PM:724,0.02758545,1.400707,-0.1899312,294.9398,64.63799,37.83415,RightController
5/2/2017 1:18:22 PM:796,0.02882242,1.398659,-0.178318,295.6801,62.19189,38.21317,RightController
5/2/2017 1:18:22 PM:840,0.02938986,1.398052,-0.1732013,296.0059,61.10564,38.58817,RightController
5/2/2017 1:18:22 PM:892,0.03006959,1.397174,-0.1651053,296.3486,59.41452,38.97974,RightController
5/2/2017 1:18:22 PM:962,0.03001112,1.397251,-0.1549826,296.5654,57.12051,39.56955,RightController
5/2/2017 1:18:23 PM:19,0.02905262,1.398398,-0.1502049,296.3756,56.08094,39.69633,RightController
5/2/2017 1:18:23 PM:69,0.02763343,1.399112,-0.1468785,296.0746,55.55239,39.45645,RightController
5/2/2017 1:18:23 PM:120,0.02632129,1.399232,-0.1425335,296.0113,54.74641,39.26006,RightController
5/2/2017 1:18:23 PM:176,0.02537858,1.39857,-0.1393099,295.9466,54.11502,39.17616,RightController
5/2/2017 1:18:23 PM:261,0.02316242,1.397574,-0.1326799,296.0559,52.68979,38.98347,RightController
5/2/2017 1:18:23 PM:342,0.01998419,1.397668,-0.1283171,295.7932,51.74344,38.58978,RightController
5/2/2017 1:18:23 PM:411,0.01798868,1.397329,-0.125973,295.7197,51.23609,38.37729,RightController
5/2/2017 1:18:23 PM:464,0.01740015,1.396995,-0.1251504,295.7081,51.37481,37.77646,RightController
5/2/2017 1:18:23 PM:557,0.01586777,1.395948,-0.1216981,296.0628,50.14466,38.06015,RightController
5/2/2017 1:18:23 PM:619,0.01417214,1.395705,-0.1204751,296.0709,48.96062,38.5909,RightController
5/2/2017 1:18:23 PM:663,0.01224512,1.395819,-0.1198347,295.901,47.56305,39.69144,RightController
5/2/2017 1:18:23 PM:715,0.01138926,1.3961,-0.1201043,295.8533,47.03904,40.02351,RightController
5/2/2017 1:18:23 PM:773,0.0100469,1.397244,-0.1219161,295.7321,46.76803,40.38286,RightController
5/2/2017 1:18:23 PM:834,0.008721471,1.399853,-0.1261735,295.619,46.29519,41.14174,RightController
5/2/2017 1:18:23 PM:899,0.008528531,1.401392,-0.1301317,295.3485,46.296,41.58352,RightController
5/2/2017 1:18:23 PM:953,0.009028137,1.403391,-0.1353741,295.0867,46.34966,42.20341,RightController
5/2/2017 1:18:24 PM:15,0.009407461,1.404807,-0.1388054,294.8725,46.99036,41.94679,RightController
5/2/2017 1:18:24 PM:86,0.009532094,1.40488,-0.1423025,294.8173,47.61793,41.31105,RightController
5/2/2017 1:18:24 PM:144,0.009522557,1.404262,-0.142,294.9316,47.40038,41.49279,RightController
5/2/2017 1:18:24 PM:189,0.009770989,1.403447,-0.1419232,295.1031,47.66636,40.91939,RightController
5/2/2017 1:18:24 PM:247,0.009966135,1.402299,-0.1424062,295.4165,47.15697,41.42904,RightController
5/2/2017 1:18:24 PM:318,0.01030016,1.401861,-0.1447179,295.2921,47.42197,41.31278,RightController
5/2/2017 1:18:24 PM:370,0.01056266,1.401377,-0.1460621,295.3297,46.99942,41.95739,RightController
5/2/2017 1:18:24 PM:425,0.01238823,1.400435,-0.1480067,295.5087,47.77002,41.54673,RightController
5/2/2017 1:18:24 PM:465,0.0136503,1.400195,-0.1488106,295.6402,48.07893,41.38955,RightController
5/2/2017 1:18:24 PM:532,0.0150249,1.399782,-0.1494796,295.5449,48.60349,41.31396,RightController
5/2/2017 1:18:24 PM:586,0.01552439,1.400048,-0.1500819,295.5016,48.6195,41.35696,RightController
5/2/2017 1:18:24 PM:635,0.0156672,1.400373,-0.1503954,295.4658,48.87815,41.11869,RightController
5/2/2017 1:18:24 PM:702,0.01595789,1.399766,-0.1504662,295.4519,48.78043,41.2822,RightController
5/2/2017 1:18:24 PM:757,0.01651543,1.399199,-0.1507163,295.6768,48.71883,41.38719,RightController
5/2/2017 1:18:24 PM:807,0.01739597,1.398749,-0.151108,295.5938,49.37158,40.83754,RightController
5/2/2017 1:18:24 PM:868,0.02000177,1.396802,-0.1488163,296.0296,50.30026,39.45776,RightController
5/2/2017 1:18:24 PM:923,0.01919609,1.396843,-0.1456535,295.855,49.35413,39.61342,RightController
5/2/2017 1:18:24 PM:976,0.01879287,1.397358,-0.141624,295.6658,47.95066,40.03522,RightController
5/2/2017 1:18:25 PM:47,0.01918757,1.397999,-0.1379409,295.2513,47.65952,39.18468,RightController
5/2/2017 1:18:25 PM:99,0.02073479,1.397068,-0.1341822,295.6651,46.33086,39.86377,RightController
5/2/2017 1:18:25 PM:166,0.02127272,1.39622,-0.131767,295.5434,45.61965,39.82903,RightController
5/2/2017 1:18:25 PM:224,0.02080232,1.396392,-0.1309171,295.5314,44.57127,40.53843,RightController
5/2/2017 1:18:25 PM:269,0.02041739,1.396974,-0.1310151,295.0389,43.89988,40.98849,RightController
5/2/2017 1:18:25 PM:314,0.02172953,1.397732,-0.1325393,294.4539,44.50253,40.68412,RightController
5/2/2017 1:18:25 PM:379,0.0261234,1.397171,-0.1341679,294.8452,45.8181,39.49513,RightController
5/2/2017 1:18:25 PM:448,0.03045595,1.398132,-0.137845,294.553,44.55037,41.94539,RightController
5/2/2017 1:18:25 PM:515,0.03378534,1.401243,-0.1439068,294.0212,44.06391,43.96022,RightController
5/2/2017 1:18:25 PM:579,0.03893542,1.40641,-0.1543081,293.1474,45.51965,44.44144,RightController
5/2/2017 1:18:25 PM:646,0.04361171,1.411015,-0.167088,292.1772,46.85486,45.47852,RightController
5/2/2017 1:18:25 PM:705,0.04591048,1.412151,-0.1737387,291.8818,48.79776,44.36312,RightController
5/2/2017 1:18:25 PM:750,0.04750526,1.412643,-0.1788332,291.6566,50.34285,43.55529,RightController
5/2/2017 1:18:25 PM:798,0.04897255,1.412666,-0.1822977,291.5931,51.44004,43.0804,RightController
5/2/2017 1:18:25 PM:854,0.04888499,1.411967,-0.1850724,291.5669,52.61914,42.06029,RightController
5/2/2017 1:18:25 PM:915,0.04854769,1.410786,-0.186219,291.6724,53.59393,40.93291,RightController
5/2/2017 1:18:25 PM:979,0.04736191,1.410617,-0.1866801,291.4958,53.71217,40.59847,RightController
5/2/2017 1:18:26 PM:29,0.04626626,1.41083,-0.1867716,291.4377,53.27964,40.76505,RightController
5/2/2017 1:18:26 PM:79,0.04560798,1.410817,-0.1869347,291.3758,52.88785,40.99129,RightController
5/2/2017 1:18:26 PM:157,0.04596508,1.411599,-0.1877093,291.1425,52.9978,40.68195,RightController
5/2/2017 1:18:26 PM:213,0.04652834,1.411923,-0.1873174,291.0494,53.53582,39.83559,RightController
5/2/2017 1:18:26 PM:254,0.04638457,1.411952,-0.1867213,290.933,53.48701,39.64759,RightController
5/2/2017 1:18:26 PM:317,0.04695147,1.411177,-0.1849077,291.0648,53.37639,39.26329,RightController
5/2/2017 1:18:26 PM:375,0.04724211,1.410798,-0.1827812,291.219,52.99699,39.02924,RightController
5/2/2017 1:18:26 PM:461,0.04751718,1.410221,-0.178582,291.3503,51.72911,39.18362,RightController
5/2/2017 1:18:26 PM:523,0.04670894,1.411143,-0.1751587,291.3131,50.20722,39.95773,RightController
5/2/2017 1:18:26 PM:567,0.04600513,1.41223,-0.1734164,291.1514,49.64048,40.0564,RightController
5/2/2017 1:18:26 PM:609,0.04564744,1.413051,-0.1717067,291.0869,48.91675,40.37841,RightController
5/2/2017 1:18:26 PM:657,0.04520595,1.413727,-0.1704016,290.9315,48.45079,40.53477,RightController
5/2/2017 1:18:26 PM:722,0.04483855,1.413958,-0.1684129,291.0615,47.72695,40.6055,RightController
5/2/2017 1:18:26 PM:777,0.04432666,1.414166,-0.167032,291.0618,47.21672,40.81453,RightController
5/2/2017 1:18:26 PM:837,0.0434109,1.414484,-0.1656051,291.0868,46.479,41.19915,RightController
5/2/2017 1:18:26 PM:902,0.04279077,1.414594,-0.1634126,291.1021,45.48369,41.79911,RightController
5/2/2017 1:18:26 PM:956,0.04208016,1.415009,-0.1628098,291.1698,45.44204,41.53315,RightController
5/2/2017 1:18:27 PM:4,0.04136199,1.415451,-0.1621282,290.9723,44.96455,41.96741,RightController
5/2/2017 1:18:27 PM:54,0.04057473,1.415867,-0.1612377,291.0358,44.42452,42.19566,RightController
5/2/2017 1:18:27 PM:116,0.03959751,1.417208,-0.1596067,290.9283,43.60317,42.59338,RightController
5/2/2017 1:18:27 PM:177,0.03828049,1.419011,-0.1563914,290.8298,41.088,44.4065,RightController
5/2/2017 1:18:27 PM:227,0.03830498,1.421159,-0.1532953,290.6903,39.56789,45.31841,RightController
5/2/2017 1:18:27 PM:270,0.03913689,1.427014,-0.1447165,290.9736,36.24083,47.25458,RightController
5/2/2017 1:18:27 PM:333,0.03617519,1.436473,-0.1304059,290.2512,22.60762,59.38906,RightController
5/2/2017 1:18:27 PM:404,0.03200287,1.452036,-0.1058135,292.4209,2.421159,78.94843,RightController
5/2/2017 1:18:27 PM:463,0.02693403,1.462335,-0.09715128,291.9866,354.8447,85.81615,RightController
5/2/2017 1:18:27 PM:504,0.01637679,1.471217,-0.08783793,293.5375,343.1848,96.69186,RightController
5/2/2017 1:18:27 PM:555,0.0001480579,1.477071,-0.07878995,296.8427,331.2095,109.3646,RightController
5/2/2017 1:18:27 PM:594,-0.01692814,1.481583,-0.07245874,300.0488,321.9671,116.8278,RightController
5/2/2017 1:18:27 PM:639,-0.02930713,1.484624,-0.0672493,302.6316,316.7546,121.7041,RightController
5/2/2017 1:18:27 PM:693,-0.04455364,1.488841,-0.06404352,305.2698,310.4747,125.2509,RightController
5/2/2017 1:18:27 PM:740,-0.04934293,1.489956,-0.06334496,306.2914,307.842,127.834,RightController
5/2/2017 1:18:27 PM:790,-0.05294979,1.490768,-0.06185389,307.5919,305.7886,129.2742,RightController
5/2/2017 1:18:27 PM:838,-0.05144507,1.491554,-0.05950022,308.3139,305.8921,129.6162,RightController
5/2/2017 1:18:27 PM:889,-0.04380155,1.491824,-0.05874395,307.7902,307.432,128.7271,RightController
5/2/2017 1:18:27 PM:953,-0.03265744,1.493828,-0.06192017,306.0564,310.1567,126.8135,RightController
5/2/2017 1:18:28 PM:10,-0.02992368,1.497133,-0.06779242,304.8142,310.7929,126.716,RightController
5/2/2017 1:18:28 PM:58,-0.03055024,1.49943,-0.07427692,304.283,309.8264,127.9398,RightController
5/2/2017 1:18:28 PM:121,-0.03479522,1.501602,-0.08269978,304.3318,308.5291,130.0706,RightController
5/2/2017 1:18:28 PM:197,-0.03841305,1.50201,-0.08596683,305.3766,307.8897,131.2931,RightController
5/2/2017 1:18:28 PM:229,-0.03900367,1.502173,-0.08692336,305.6475,308.0508,131.5155,RightController
5/2/2017 1:18:28 PM:274,-0.0394758,1.503204,-0.08925176,305.5198,308.2307,131.489,RightController
5/2/2017 1:18:28 PM:334,-0.04064769,1.504469,-0.09182572,305.5658,308.0371,131.8926,RightController
5/2/2017 1:18:28 PM:380,-0.0421294,1.506021,-0.09554744,305.349,307.3739,132.9735,RightController
5/2/2017 1:18:28 PM:439,-0.04230523,1.50723,-0.09863019,305.035,307.2246,133.5086,RightController
5/2/2017 1:18:28 PM:510,-0.0407927,1.508027,-0.1013885,305.0167,307.7621,133.6108,RightController
5/2/2017 1:18:28 PM:627,-0.04063237,1.510537,-0.1035779,304.8109,307.1014,135.2939,RightController
5/2/2017 1:18:28 PM:743,-0.03955424,1.512671,-0.1055291,303.1776,307.2719,135.2011,RightController
5/2/2017 1:18:28 PM:847,-0.04282856,1.510292,-0.1048563,303.5885,306.7244,134.9854,RightController
5/2/2017 1:18:28 PM:911,-0.04279971,1.50833,-0.1047177,303.8268,307.1006,134.451,RightController
5/2/2017 1:18:28 PM:971,-0.0419842,1.508787,-0.1058233,303.4544,306.9091,134.5786,RightController
5/2/2017 1:18:29 PM:13,-0.04112166,1.509277,-0.1065977,303.3574,306.8763,134.9797,RightController
5/2/2017 1:18:29 PM:73,-0.03777355,1.510466,-0.1096389,302.7313,306.936,135.672,RightController
5/2/2017 1:18:29 PM:348,-0.02537477,1.510765,-0.113414,300.4048,310.9689,133.5266,RightController
5/2/2017 1:18:29 PM:439,-0.01886082,1.514292,-0.1205063,298.1902,312.0899,133.6811,RightController
5/2/2017 1:18:29 PM:510,-0.01399702,1.515936,-0.1221941,297.4255,313.9755,131.9574,RightController
5/2/2017 1:18:29 PM:568,-0.01485884,1.51615,-0.1230226,297.5555,313.7584,132.2142,RightController
5/2/2017 1:18:29 PM:637,-0.01643682,1.515644,-0.1264679,297.2535,312.5699,133.8492,RightController
5/2/2017 1:18:29 PM:697,-0.01455933,1.5154,-0.1288035,297.2473,313.5807,133.3438,RightController
5/2/2017 1:18:29 PM:750,-0.0116756,1.515878,-0.1321476,296.8932,314.0843,134.3654,RightController
5/2/2017 1:18:29 PM:810,0.000333488,1.522005,-0.1480494,293.1218,314.2564,140.5584,RightController
5/2/2017 1:18:29 PM:869,0.01847208,1.537017,-0.1743197,289.9892,314.7645,153.9487,RightController
5/2/2017 1:18:29 PM:949,0.05708921,1.592635,-0.262373,276.313,239.2012,245.3565,RightController
5/2/2017 1:18:30 PM:10,0.04035497,1.64381,-0.294251,300.6504,233,286.4107,RightController
5/2/2017 1:18:30 PM:89,0.05636191,1.699848,-0.2364702,297.8222,255.5881,275.7192,RightController
5/2/2017 1:18:30 PM:177,0.2396742,1.649095,0.01798034,315.5069,7.692117,164.581,RightController
5/2/2017 1:18:30 PM:258,0.2628151,1.343633,0.05664849,22.4635,20.22105,132.4014,RightController
5/2/2017 1:18:30 PM:322,0.1829771,1.168042,-0.02470589,46.75525,12.79973,140.6203,RightController
5/2/2017 1:18:30 PM:400,0.09226573,1.076854,-0.07060504,51.04875,340.5354,110.5643,RightController
5/2/2017 1:18:30 PM:481,0.03021896,1.023362,-0.1016326,48.33102,339.1717,91.1972,RightController
5/2/2017 1:18:30 PM:564,-0.001472354,1.030817,-0.1148329,43.32173,339.2493,77.3614,RightController
5/2/2017 1:18:30 PM:622,-0.01102269,1.041667,-0.111341,37.77331,344.3994,76.46765,RightController
5/2/2017 1:18:30 PM:689,-0.00221169,1.060424,-0.1019623,30.56252,352.1317,73.84477,RightController
5/2/2017 1:18:30 PM:747,0.008773506,1.073681,-0.1027951,27.76068,356.8705,75.38272,RightController
5/2/2017 1:18:30 PM:814,0.02940488,1.099227,-0.1121156,21.05916,5.845484,77.37743,RightController
5/2/2017 1:18:30 PM:870,0.04134595,1.112136,-0.1291809,18.25786,11.85883,77.42516,RightController
5/2/2017 1:18:30 PM:921,0.05248833,1.118818,-0.1525781,18.29405,17.60277,77.32769,RightController
5/2/2017 1:18:30 PM:990,0.0625174,1.118231,-0.1813922,20.42417,24.81539,79.1615,RightController
5/2/2017 1:18:31 PM:50,0.06396466,1.114395,-0.190732,21.35817,27.37603,77.98413,RightController
5/2/2017 1:18:31 PM:102,0.06301665,1.108274,-0.1988194,22.48583,30.09605,77.14385,RightController
5/2/2017 1:18:31 PM:182,0.05645227,1.093156,-0.2034671,23.5465,31.84054,77.2117,RightController
5/2/2017 1:18:31 PM:239,0.05546731,1.082785,-0.2089422,24.91493,33.87079,81.32684,RightController
5/2/2017 1:18:31 PM:296,0.05729079,1.066628,-0.2167394,25.94577,36.38693,92.21419,RightController
5/2/2017 1:18:31 PM:360,0.07780123,1.025089,-0.226423,23.75603,52.37163,101.8261,RightController
5/2/2017 1:18:31 PM:418,0.04925102,0.9669833,-0.2242966,39.46828,53.44679,95.51518,RightController
5/2/2017 1:18:31 PM:479,-0.01025498,0.9668124,-0.1737545,40.3653,23.90679,33.97314,RightController
5/2/2017 1:18:31 PM:554,0.0189414,1.031069,-0.1599214,17.76243,37.44789,39.33501,RightController
5/2/2017 1:18:31 PM:629,0.04717481,1.073888,-0.1697609,10.44031,46.64892,32.21008,RightController
5/2/2017 1:18:31 PM:707,0.0643084,1.118665,-0.1614954,2.014565,49.43468,40.37485,RightController
5/2/2017 1:18:31 PM:763,0.07018876,1.137332,-0.1578672,358.559,50.15798,38.64565,RightController
5/2/2017 1:18:31 PM:819,0.07852137,1.155358,-0.1592083,356.399,52.10889,37.93177,RightController
5/2/2017 1:18:31 PM:877,0.08026016,1.177154,-0.1663063,351.5768,52.84841,37.87392,RightController
5/2/2017 1:18:31 PM:931,0.08029902,1.187435,-0.1811421,351.8413,54.82166,37.43893,RightController
5/2/2017 1:18:32 PM:1,0.07408321,1.20036,-0.204155,348.9312,57.34287,39.20183,RightController
5/2/2017 1:18:32 PM:55,0.06744814,1.199065,-0.2168512,349.6319,58.98425,40.1657,RightController
5/2/2017 1:18:32 PM:111,0.05863827,1.194631,-0.2306061,350.7808,60.58038,40.69641,RightController
5/2/2017 1:18:32 PM:177,0.04736763,1.182312,-0.2473204,352.42,63.11634,41.25174,RightController
5/2/2017 1:18:32 PM:249,0.04054773,1.161596,-0.2602353,355.2304,65.7389,40.93042,RightController
5/2/2017 1:18:32 PM:303,0.03542233,1.148574,-0.2674742,357.7665,67.52807,41.13436,RightController
5/2/2017 1:18:32 PM:364,0.02567989,1.139895,-0.2752328,359.4255,69.4946,40.57335,RightController
5/2/2017 1:18:32 PM:440,0.01707083,1.141353,-0.27671,358.8913,69.39485,40.22081,RightController
5/2/2017 1:18:32 PM:497,0.01369441,1.147271,-0.2780523,357.2679,70.24731,38.77547,RightController
5/2/2017 1:18:32 PM:568,0.00857985,1.160807,-0.2790806,353.8668,71.73187,36.71514,RightController
5/2/2017 1:18:32 PM:624,0.006993532,1.172241,-0.2786696,350.4356,72.68297,36.1395,RightController
5/2/2017 1:18:32 PM:670,0.005530298,1.184472,-0.2784152,347.0173,73.96029,34.90425,RightController
5/2/2017 1:18:32 PM:730,0.001789272,1.204821,-0.2753069,341.9602,74.79404,33.40835,RightController
5/2/2017 1:18:32 PM:803,-0.003900647,1.230222,-0.2702546,336.5357,74.94592,32.15628,RightController
5/2/2017 1:18:32 PM:868,-0.0105347,1.250154,-0.2659943,332.4588,74.52203,31.82183,RightController
5/2/2017 1:18:32 PM:924,-0.01410991,1.261011,-0.2643838,330.5132,74.56342,31.42005,RightController
5/2/2017 1:18:32 PM:965,-0.01693141,1.271376,-0.2633874,328.4496,74.80501,31.05273,RightController
5/2/2017 1:18:33 PM:15,-0.01845235,1.280996,-0.263597,326.5824,75.51384,30.63722,RightController
5/2/2017 1:18:33 PM:90,-0.02027363,1.296691,-0.2647016,323.4998,77.14617,29.24633,RightController
5/2/2017 1:18:33 PM:149,-0.0229286,1.306858,-0.2642035,321.2866,77.28915,29.9889,RightController
5/2/2017 1:18:33 PM:203,-0.02550858,1.314743,-0.2638972,319.4062,77.17018,30.03955,RightController
5/2/2017 1:18:33 PM:259,-0.02644277,1.326442,-0.2619927,317.002,76.37455,30.5953,RightController
5/2/2017 1:18:33 PM:325,-0.02662355,1.34186,-0.2609737,313.4461,76.15605,30.62339,RightController
5/2/2017 1:18:33 PM:398,-0.02627909,1.353639,-0.259738,311.4303,75.81521,31.4282,RightController
5/2/2017 1:18:33 PM:449,-0.02715015,1.359267,-0.2582715,310.5921,74.5624,32.43951,RightController
5/2/2017 1:18:33 PM:514,-0.0278219,1.370232,-0.2545166,308.6573,71.95022,35.68399,RightController
5/2/2017 1:18:33 PM:578,-0.02722943,1.376558,-0.2539213,307.5929,71.44633,35.9281,RightController
5/2/2017 1:18:33 PM:644,-0.0267998,1.385676,-0.2542748,306.0662,70.40772,37.56987,RightController
5/2/2017 1:18:33 PM:717,-0.02438748,1.402092,-0.2547247,303.786,68.33072,40.40826,RightController
5/2/2017 1:18:33 PM:783,-0.02593803,1.411481,-0.255173,301.8052,66.22009,43.73179,RightController
5/2/2017 1:18:33 PM:840,-0.02431172,1.410161,-0.2554963,302.3792,65.27393,45.32543,RightController
5/2/2017 1:18:33 PM:915,-0.02431607,1.407249,-0.2579255,302.6312,66.08936,45.6153,RightController
5/2/2017 1:18:33 PM:984,-0.02493358,1.402012,-0.2620111,302.7102,68.13394,43.582,RightController
5/2/2017 1:18:34 PM:34,-0.02247602,1.396231,-0.2639587,303.2429,69.43748,42.97082,RightController
5/2/2017 1:18:34 PM:83,-0.01532674,1.382098,-0.2645407,305.5728,71.37892,42.51539,RightController
5/2/2017 1:18:34 PM:149,-0.00788635,1.363189,-0.2616911,308.8209,71.24313,45.47612,RightController
5/2/2017 1:18:34 PM:222,-0.009650648,1.35196,-0.2572155,310.3868,72.45898,41.88054,RightController
5/2/2017 1:18:34 PM:282,-0.01139939,1.347468,-0.2526979,310.5756,71.2234,43.45339,RightController
5/2/2017 1:18:34 PM:350,-0.011078,1.342545,-0.2489016,311.6167,71.84269,41.06982,RightController
5/2/2017 1:18:34 PM:424,-0.008614779,1.337129,-0.2472224,311.4978,72.1111,43.06018,RightController
5/2/2017 1:18:34 PM:501,-0.001537144,1.319582,-0.2419205,314.8602,70.75529,44.76198,RightController
5/2/2017 1:18:34 PM:578,-0.002560616,1.309981,-0.236419,315.8559,70.46261,44.14655,RightController
5/2/2017 1:18:34 PM:664,-0.001859307,1.303282,-0.2331784,316.7932,70.49487,43.27272,RightController
5/2/2017 1:18:34 PM:730,0.0007051229,1.297071,-0.2303123,317.7454,70.59927,42.93746,RightController
5/2/2017 1:18:34 PM:800,0.003217578,1.294163,-0.2271349,318.1445,71.51749,41.211,RightController
5/2/2017 1:18:34 PM:884,0.003413022,1.294858,-0.2242117,317.7724,70.97696,41.32759,RightController
5/2/2017 1:18:34 PM:957,0.004827857,1.295264,-0.2214689,317.652,69.97407,41.85723,RightController
5/2/2017 1:18:35 PM:28,0.005734682,1.297194,-0.221271,317.3527,69.75523,42.33747,RightController
5/2/2017 1:18:35 PM:97,0.006322563,1.299834,-0.2216368,316.8357,69.96892,41.73814,RightController
5/2/2017 1:18:35 PM:161,0.005838931,1.301697,-0.2212141,316.6482,69.80854,41.70237,RightController
5/2/2017 1:18:35 PM:249,0.005259752,1.303368,-0.2200553,316.3228,69.08594,42.49017,RightController
5/2/2017 1:18:35 PM:325,0.005336702,1.30458,-0.2212391,316.1429,68.91318,42.58392,RightController
5/2/2017 1:18:35 PM:492,0.00363642,1.309406,-0.2242959,315.3183,69.42863,42.40227,RightController
5/2/2017 1:18:35 PM:650,-0.0009096265,1.32071,-0.225359,313.8343,68.12241,44.05163,RightController
5/2/2017 1:18:35 PM:825,-0.00730747,1.342916,-0.2257466,310.8665,65.29675,47.76088,RightController
5/2/2017 1:18:35 PM:879,-0.01152104,1.353903,-0.2256243,309.7079,62.95091,50.93177,RightController
5/2/2017 1:18:35 PM:943,-0.01626098,1.366043,-0.2280102,307.7719,61.73463,53.59403,RightController
5/2/2017 1:18:36 PM:10,-0.02000666,1.37537,-0.2310939,306.5001,60.85569,55.32345,RightController
5/2/2017 1:18:36 PM:62,-0.02349895,1.383775,-0.23312,305.4962,59.64651,57.4214,RightController
5/2/2017 1:18:36 PM:120,-0.02654541,1.39184,-0.2345214,304.5219,58.64579,59.24988,RightController
5/2/2017 1:18:36 PM:193,-0.03165489,1.402243,-0.2338469,303.0359,56.20269,62.08831,RightController
5/2/2017 1:18:36 PM:248,-0.03298533,1.405104,-0.2317522,302.7512,55.13753,63.42208,RightController
5/2/2017 1:18:36 PM:317,-0.03592592,1.410635,-0.2291229,301.7624,53.76385,64.65565,RightController
5/2/2017 1:18:36 PM:386,-0.04105967,1.417276,-0.2272999,300.341,51.36457,67.26778,RightController
5/2/2017 1:18:36 PM:445,-0.04380548,1.42034,-0.2288225,299.5744,50.74655,68.08184,RightController
5/2/2017 1:18:36 PM:503,-0.04655713,1.423194,-0.2295501,299.4746,49.16999,69.86837,RightController
5/2/2017 1:18:36 PM:579,-0.05171895,1.425672,-0.2315454,299.2357,46.23714,73.94262,RightController
5/2/2017 1:18:36 PM:644,-0.05227506,1.428338,-0.23317,299.1012,46.08739,73.88109,RightController
5/2/2017 1:18:36 PM:712,-0.05434048,1.431583,-0.2337515,298.912,43.09723,77.2598,RightController
5/2/2017 1:18:36 PM:798,-0.05497563,1.436204,-0.2349567,299.1344,39.98509,80.73014,RightController
5/2/2017 1:18:36 PM:869,-0.05199349,1.440257,-0.2392488,299.9323,36.3597,86.00098,RightController
5/2/2017 1:18:36 PM:933,-0.04988778,1.443799,-0.242444,299.8336,35.02751,87.09589,RightController
5/2/2017 1:18:37 PM:8,-0.04802322,1.445748,-0.243886,300.2736,33.71951,88.7242,RightController
5/2/2017 1:18:37 PM:78,-0.04489768,1.446195,-0.2449052,300.8038,32.39314,90.47181,RightController
5/2/2017 1:18:37 PM:134,-0.03802818,1.448419,-0.2473247,300.8597,32.24433,90.0341,RightController
5/2/2017 1:18:37 PM:185,-0.03241837,1.448257,-0.2478468,301.5319,31.71577,90.64417,RightController
5/2/2017 1:18:37 PM:243,-0.02740067,1.449425,-0.2483916,301.7775,31.085,91.09064,RightController
5/2/2017 1:18:37 PM:313,-0.02110845,1.451057,-0.2479393,302.2861,29.65518,92.18974,RightController
5/2/2017 1:18:37 PM:365,-0.01826406,1.451863,-0.2461829,302.6747,28.34482,93.52646,RightController
5/2/2017 1:18:37 PM:427,-0.01355129,1.452169,-0.2442045,303.145,27.47598,93.60289,RightController
5/2/2017 1:18:37 PM:493,-0.005593061,1.452111,-0.2394333,304.3094,25.51616,95.18598,RightController
5/2/2017 1:18:37 PM:548,-0.001815021,1.452339,-0.2372417,304.3195,25.02275,94.77426,RightController
5/2/2017 1:18:37 PM:592,0.001616478,1.451622,-0.2359524,303.9876,24.9537,94.48212,RightController
5/2/2017 1:18:37 PM:648,0.005248368,1.44829,-0.2354369,304.0155,25.38101,93.24373,RightController
5/2/2017 1:18:37 PM:712,0.01061761,1.443161,-0.2363431,303.8924,26.81644,91.30191,RightController
5/2/2017 1:18:37 PM:794,0.01520205,1.440454,-0.236629,304.3872,27.21224,90.59087,RightController
5/2/2017 1:18:37 PM:857,0.01852703,1.440441,-0.2368855,304.0505,27.34255,89.85104,RightController
5/2/2017 1:18:37 PM:927,0.02068621,1.442479,-0.2329743,303.2977,26.03562,89.78282,RightController
5/2/2017 1:18:37 PM:980,0.02159464,1.444514,-0.2283094,302.5091,24.39514,90.18539,RightController
5/2/2017 1:18:38 PM:41,0.02510077,1.44604,-0.2212985,302.0408,22.73925,90.10066,RightController
5/2/2017 1:18:38 PM:88,0.02989715,1.446526,-0.2130249,301.7791,20.8337,90.22104,RightController
5/2/2017 1:18:38 PM:149,0.03550088,1.448241,-0.1987138,301.1971,17.12193,90.77146,RightController
5/2/2017 1:18:38 PM:206,0.03646642,1.448827,-0.191298,300.699,14.55226,91.3065,RightController
5/2/2017 1:18:38 PM:250,0.03713012,1.449575,-0.1847589,300.2293,12.73482,91.36907,RightController
5/2/2017 1:18:38 PM:304,0.03504932,1.4498,-0.1783037,299.6711,9.995358,91.86231,RightController
5/2/2017 1:18:38 PM:370,0.03391647,1.448151,-0.1723039,299.2263,7.979857,91.37965,RightController
5/2/2017 1:18:38 PM:432,0.0334956,1.446661,-0.1719589,298.9039,7.25812,91.73307,RightController
5/2/2017 1:18:38 PM:484,0.03397888,1.445947,-0.1733611,298.4825,7.2619,91.00614,RightController
5/2/2017 1:18:38 PM:553,0.03515941,1.443798,-0.1796114,297.9901,7.646957,90.57309,RightController
5/2/2017 1:18:38 PM:608,0.03617805,1.443131,-0.184931,297.5526,9.136811,89.47993,RightController
5/2/2017 1:18:38 PM:657,0.03742427,1.442446,-0.1904609,297.2772,10.22512,88.75969,RightController
5/2/2017 1:18:38 PM:712,0.03840494,1.441527,-0.1957779,297.3019,10.92153,88.96201,RightController
5/2/2017 1:18:38 PM:775,0.04004622,1.44079,-0.2034407,297.7229,12.17138,88.98679,RightController
5/2/2017 1:18:38 PM:861,0.03890681,1.44262,-0.2134888,296.9069,13.09106,89.90872,RightController
5/2/2017 1:18:38 PM:913,0.03881216,1.443027,-0.2187414,296.7043,13.26386,91.24703,RightController
5/2/2017 1:18:38 PM:961,0.04012412,1.442932,-0.2246521,296.8208,14.68237,91.55669,RightController
5/2/2017 1:18:39 PM:33,0.04474694,1.443913,-0.2378418,296.5739,19.5018,89.91499,RightController
5/2/2017 1:18:39 PM:89,0.04480189,1.445917,-0.2449207,295.8625,22.05393,88.57132,RightController
5/2/2017 1:18:39 PM:132,0.04150379,1.448363,-0.2497129,295.6198,22.40722,89.03787,RightController
5/2/2017 1:18:39 PM:191,0.0360961,1.449443,-0.2519655,295.6525,20.32926,92.82418,RightController
5/2/2017 1:18:39 PM:255,0.03498781,1.44814,-0.2570326,295.6147,22.24984,92.32243,RightController
5/2/2017 1:18:39 PM:299,0.038077,1.446939,-0.256716,296.1538,24.00974,90.64089,RightController
5/2/2017 1:18:39 PM:355,0.0403074,1.44536,-0.255255,296.6523,24.28912,90.69696,RightController
5/2/2017 1:18:39 PM:402,0.04115939,1.444847,-0.253252,297.1071,24.26026,90.51784,RightController
5/2/2017 1:18:39 PM:452,0.04073668,1.444447,-0.2514102,297.3445,23.62579,90.7718,RightController
5/2/2017 1:18:39 PM:513,0.03989458,1.444277,-0.2478909,297.7253,22.57112,91.39802,RightController
5/2/2017 1:18:39 PM:582,0.03829598,1.442886,-0.2434137,298.4367,21.98479,91.90884,RightController
5/2/2017 1:18:39 PM:634,0.03622961,1.44249,-0.2439921,298.4411,22.61774,91.27046,RightController
5/2/2017 1:18:39 PM:703,0.03147864,1.44146,-0.2448945,298.4672,22.46872,91.38409,RightController
5/2/2017 1:18:39 PM:771,0.02546787,1.438152,-0.2480989,299.0656,23.40277,90.8026,RightController
5/2/2017 1:18:39 PM:836,0.02194858,1.436739,-0.2522531,299.602,24.01653,91.14754,RightController
5/2/2017 1:18:39 PM:901,0.01896811,1.437713,-0.2570345,299.7886,25.78836,90.60658,RightController
5/2/2017 1:18:39 PM:963,0.01190901,1.440043,-0.2649744,299.4673,28.49906,89.84877,RightController
5/2/2017 1:18:40 PM:32,0.001378834,1.439321,-0.2743199,299.2745,29.95528,90.36427,RightController
5/2/2017 1:18:40 PM:99,-0.004679739,1.435477,-0.2812223,300.5073,33.12004,89.00129,RightController
5/2/2017 1:18:40 PM:150,-0.007828772,1.433903,-0.2861702,300.7972,35.06844,88.38222,RightController
5/2/2017 1:18:40 PM:194,-0.01072162,1.432896,-0.2905238,300.8315,36.27903,87.95177,RightController
5/2/2017 1:18:40 PM:251,-0.01126152,1.432833,-0.2952654,300.5781,38.23137,86.87434,RightController
5/2/2017 1:18:40 PM:315,-0.009265959,1.434178,-0.2990408,300.4444,41.14195,85.06973,RightController
5/2/2017 1:18:40 PM:371,-0.01023066,1.434775,-0.2990379,300.1701,40.28629,86.31828,RightController
5/2/2017 1:18:40 PM:417,-0.01033944,1.435357,-0.2996585,300.0132,40.8597,86.30921,RightController
5/2/2017 1:18:40 PM:461,-0.01049387,1.436135,-0.301204,299.4727,42.00978,85.58209,RightController
5/2/2017 1:18:40 PM:518,-0.01140678,1.436262,-0.3034692,299.3378,42.55765,85.9704,RightController
5/2/2017 1:18:40 PM:573,-0.01172674,1.436746,-0.306437,299.3197,43.40836,85.89178,RightController
5/2/2017 1:18:40 PM:646,-0.01164198,1.437255,-0.3106725,299.2574,44.63409,85.56241,RightController
5/2/2017 1:18:40 PM:690,-0.01142931,1.437455,-0.3122978,299.3144,44.92936,85.76717,RightController
5/2/2017 1:18:40 PM:744,-0.01156342,1.43802,-0.3138559,299.0788,45.16535,85.86192,RightController
5/2/2017 1:18:40 PM:814,-0.009507418,1.438058,-0.3154001,298.9603,46.28346,85.07456,RightController
5/2/2017 1:18:40 PM:880,-0.007889271,1.438456,-0.3157604,298.8306,46.39336,85.19216,RightController
5/2/2017 1:18:40 PM:943,-0.005778313,1.439001,-0.315073,298.7121,46.645,84.78928,RightController
5/2/2017 1:18:41 PM:1,-0.004628181,1.438827,-0.3134639,298.7038,46.18546,84.95746,RightController
5/2/2017 1:18:41 PM:58,-0.002856374,1.438684,-0.3125079,298.7387,46.08331,84.7703,RightController
5/2/2017 1:18:41 PM:121,-0.001439154,1.438531,-0.3113084,298.4707,46.29652,84.21661,RightController
5/2/2017 1:18:41 PM:177,-0.0005913973,1.437977,-0.3103869,298.4883,46.43242,83.84272,RightController
5/2/2017 1:18:41 PM:225,0.000336051,1.437132,-0.3094997,298.513,46.37253,83.74591,RightController
5/2/2017 1:18:41 PM:267,0.001308024,1.436497,-0.3090029,298.5105,46.52692,83.47614,RightController
5/2/2017 1:18:41 PM:313,0.00204885,1.435837,-0.3088186,298.3178,47.15706,82.6833,RightController
5/2/2017 1:18:41 PM:358,0.002568424,1.435076,-0.3082788,298.221,47.72356,81.87542,RightController
5/2/2017 1:18:41 PM:405,0.002982259,1.43388,-0.3083136,297.9714,48.64303,81.04346,RightController
5/2/2017 1:18:41 PM:452,0.003222883,1.433503,-0.3090966,297.1539,50.92535,78.35301,RightController
5/2/2017 1:18:41 PM:504,0.003155708,1.432173,-0.30918,295.8172,54.46273,74.30856,RightController
5/2/2017 1:18:41 PM:582,0.004601121,1.429807,-0.3073773,295.309,56.99833,71.33212,RightController
5/2/2017 1:18:41 PM:634,0.004546642,1.430542,-0.3061266,294.9847,57.25945,70.88177,RightController
5/2/2017 1:18:41 PM:680,0.00532198,1.431836,-0.3049691,294.6597,57.24867,70.82539,RightController
5/2/2017 1:18:41 PM:735,0.006690621,1.4348,-0.3026752,294.6657,55.28828,73.31233,RightController
5/2/2017 1:18:41 PM:798,0.007078826,1.439713,-0.2999041,294.143,51.86389,76.76648,RightController
5/2/2017 1:18:41 PM:876,0.009421766,1.445406,-0.2984354,293.6526,49.82481,78.88256,RightController
5/2/2017 1:18:41 PM:964,0.009986877,1.450251,-0.2977796,293.1146,47.90102,80.96195,RightController
5/2/2017 1:18:42 PM:37,0.006256759,1.455522,-0.2975621,291.5285,46.65193,81.96126,RightController
5/2/2017 1:18:42 PM:116,0.004950523,1.456948,-0.2974441,290.8982,46.72284,81.79157,RightController
5/2/2017 1:18:42 PM:174,0.004111707,1.456408,-0.2962949,290.9868,46.16872,82.16953,RightController
5/2/2017 1:18:42 PM:225,0.003525794,1.456324,-0.2952704,291.1005,45.63151,82.58902,RightController
5/2/2017 1:18:42 PM:284,0.002767622,1.456172,-0.2943995,291.5183,44.85516,83.0792,RightController
5/2/2017 1:18:42 PM:329,0.00199455,1.456365,-0.2946784,291.4662,44.45338,83.68362,RightController
5/2/2017 1:18:42 PM:384,0.002034664,1.456708,-0.2965133,291.4016,45.10394,82.95879,RightController
5/2/2017 1:18:42 PM:439,0.00227046,1.456841,-0.2976048,291.3339,45.53651,82.81818,RightController
5/2/2017 1:18:42 PM:505,0.001880229,1.457259,-0.2988038,291.2363,45.52177,82.67761,RightController
5/2/2017 1:18:42 PM:555,0.001186073,1.457309,-0.2985749,291.1284,44.9394,83.32901,RightController
5/2/2017 1:18:42 PM:607,0.0023669,1.457184,-0.299123,291.2901,45.10962,83.17081,RightController
5/2/2017 1:18:42 PM:674,0.004270375,1.456799,-0.3001449,291.5963,45.5046,82.73676,RightController
5/2/2017 1:18:42 PM:730,0.004856467,1.457027,-0.3003647,291.4633,45.00849,83.5302,RightController
5/2/2017 1:18:42 PM:774,0.008134604,1.457801,-0.3004816,291.6682,44.56392,84.14091,RightController
5/2/2017 1:18:42 PM:832,0.01840317,1.464611,-0.3022361,289.7431,46.81948,78.00964,RightController
5/2/2017 1:18:42 PM:897,0.05406106,1.481812,-0.3054826,284.2277,68.8775,53.00039,RightController
5/2/2017 1:18:42 PM:952,0.08018523,1.490579,-0.2944338,284.5539,82.57771,45.12834,RightController
5/2/2017 1:18:42 PM:998,0.09170353,1.497502,-0.2820244,283.4717,95.58307,27.39094,RightController
5/2/2017 1:18:43 PM:48,0.1018226,1.500752,-0.263772,283.8031,87.43719,32.88078,RightController
5/2/2017 1:18:43 PM:101,0.1073961,1.501512,-0.2391026,284.9934,64.64657,56.31055,RightController
5/2/2017 1:18:43 PM:166,0.1042489,1.503376,-0.2211452,285.0651,52.35284,66.84487,RightController
5/2/2017 1:18:43 PM:220,0.1029069,1.503666,-0.2172225,285.3556,51.10096,67.04308,RightController
5/2/2017 1:18:43 PM:270,0.1023329,1.503424,-0.2141166,285.6035,48.29481,69.89205,RightController
5/2/2017 1:18:43 PM:333,0.1022428,1.502805,-0.2127824,285.8665,50.28486,67.07656,RightController
5/2/2017 1:18:43 PM:387,0.1018729,1.501578,-0.2125535,285.6327,50.74414,66.78893,RightController
5/2/2017 1:18:43 PM:437,0.1025014,1.499976,-0.2115934,285.8622,52.68025,64.3666,RightController
5/2/2017 1:18:43 PM:502,0.1049592,1.497322,-0.2061763,286.1349,52.96718,63.21423,RightController
5/2/2017 1:18:43 PM:568,0.1063555,1.496554,-0.1992583,286.4539,52.49615,62.63404,RightController
5/2/2017 1:18:43 PM:611,0.1060615,1.496542,-0.1936481,286.5263,51.38653,62.7377,RightController
5/2/2017 1:18:43 PM:681,0.1044475,1.496463,-0.1832938,286.7134,47.00132,65.62134,RightController
5/2/2017 1:18:43 PM:734,0.1041727,1.496393,-0.1788359,286.5511,47.80678,63.85442,RightController
5/2/2017 1:18:43 PM:779,0.1044875,1.496025,-0.1736398,286.363,48.74012,61.48441,RightController
5/2/2017 1:18:43 PM:823,0.105064,1.494539,-0.1648784,286.6467,47.56556,61.37441,RightController
5/2/2017 1:18:43 PM:868,0.1047426,1.493385,-0.1554561,286.7321,46.24122,61.15736,RightController
5/2/2017 1:18:43 PM:911,0.1035715,1.492409,-0.1460488,286.8502,44.13283,62.00712,RightController
5/2/2017 1:18:43 PM:956,0.1018687,1.491881,-0.1375437,286.9197,43.05573,61.67345,RightController
5/2/2017 1:18:44 PM:25,0.09672749,1.491274,-0.1248899,286.8138,38.94182,63.76266,RightController
5/2/2017 1:18:44 PM:80,0.09441519,1.490517,-0.1200349,286.9675,36.17923,65.88877,RightController
5/2/2017 1:18:44 PM:171,0.09287655,1.490416,-0.1156178,287.3423,35.56402,65.83849,RightController
5/2/2017 1:18:44 PM:218,0.08976591,1.489031,-0.1103606,287.7668,33.60077,66.75178,RightController
5/2/2017 1:18:44 PM:275,0.08996969,1.48728,-0.1061037,288.0566,35.32475,63.90822,RightController
5/2/2017 1:18:44 PM:340,0.08952272,1.482872,-0.09713674,288.245,39.8201,57.31023,RightController
5/2/2017 1:18:44 PM:405,0.08448446,1.475303,-0.07974005,289.5658,36.82285,57.39883,RightController
5/2/2017 1:18:44 PM:450,0.08063436,1.470454,-0.06917453,290.355,32.77006,60.17562,RightController
5/2/2017 1:18:44 PM:504,0.07562447,1.463881,-0.05330563,291.6895,28.24228,62.63541,RightController
5/2/2017 1:18:44 PM:571,0.07016146,1.456506,-0.03610277,293.0017,24.65903,63.75689,RightController
5/2/2017 1:18:44 PM:632,0.06827962,1.453683,-0.0288825,293.3155,24.25496,62.65624,RightController
5/2/2017 1:18:44 PM:683,0.06675017,1.44941,-0.01959467,293.8377,22.92812,62.73517,RightController
5/2/2017 1:18:44 PM:756,0.06584388,1.443088,-0.00992465,294.756,23.09566,60.95557,RightController
5/2/2017 1:18:44 PM:819,0.06263614,1.440963,-0.005121946,294.7761,22.85494,60.08271,RightController
5/2/2017 1:18:44 PM:886,0.05882442,1.439556,-0.001824141,294.4874,21.97153,60.39992,RightController
5/2/2017 1:18:44 PM:955,0.05559719,1.439973,0.004143,294.1934,20.96322,60.39695,RightController
5/2/2017 1:18:45 PM:3,0.05528367,1.440998,0.005504847,294.1397,20.62557,60.54592,RightController
5/2/2017 1:18:45 PM:58,0.05397826,1.44297,0.005776882,293.8915,19.89313,61.04819,RightController
5/2/2017 1:18:45 PM:109,0.05246556,1.445807,0.004714012,293.1426,19.08676,61.92813,RightController
5/2/2017 1:18:45 PM:174,0.05316454,1.448022,0.002722502,292.6544,20.23065,60.71039,RightController
5/2/2017 1:18:45 PM:230,0.05335867,1.449433,0.001942158,292.3474,20.21444,60.8834,RightController
5/2/2017 1:18:45 PM:298,0.05352181,1.451736,0.0003802776,292.1064,19.98885,61.1554,RightController
5/2/2017 1:18:45 PM:364,0.05229414,1.453751,-0.0002453327,291.9524,18.63873,62.56313,RightController
5/2/2017 1:18:45 PM:415,0.05113363,1.455023,-0.0008254051,291.958,17.73058,63.48135,RightController
5/2/2017 1:18:45 PM:466,0.05063522,1.457118,-0.002976179,291.657,17.30645,64.08629,RightController
5/2/2017 1:18:45 PM:533,0.05023956,1.459657,-0.007107973,291.5987,16.26262,65.519,RightController
5/2/2017 1:18:45 PM:587,0.04876077,1.46191,-0.01111031,291.3217,16.11875,66.02225,RightController
5/2/2017 1:18:45 PM:633,0.04710174,1.463781,-0.01536012,291.1599,16.14834,66.20773,RightController
5/2/2017 1:18:45 PM:685,0.04383862,1.46527,-0.01985216,290.9865,15.43501,67.51912,RightController
5/2/2017 1:18:45 PM:757,0.03743446,1.467524,-0.03117514,289.9724,17.66521,65.11547,RightController
5/2/2017 1:18:45 PM:817,0.03631145,1.468274,-0.03330708,289.5792,18.40143,64.17679,RightController
5/2/2017 1:18:45 PM:857,0.03489232,1.468556,-0.03204298,290.136,16.31355,66.24876,RightController
5/2/2017 1:18:45 PM:903,0.03359509,1.469714,-0.03069854,290.5752,14.77078,68.11131,RightController
5/2/2017 1:18:45 PM:950,0.03176093,1.472116,-0.03115034,290.5329,14.09483,68.44255,RightController
5/2/2017 1:18:46 PM:3,0.02800101,1.47586,-0.0343008,289.6453,13.3408,68.7692,RightController
5/2/2017 1:18:46 PM:80,0.02420801,1.478921,-0.03870893,288.8529,12.27148,69.69634,RightController
5/2/2017 1:18:46 PM:137,0.02261674,1.479561,-0.03817415,289.5715,11.41164,70.36102,RightController
5/2/2017 1:18:46 PM:205,0.0186103,1.481915,-0.041682,288.8772,12.58502,68.85328,RightController
5/2/2017 1:18:46 PM:275,0.01172352,1.484964,-0.04885697,286.8329,13.35892,66.47778,RightController
5/2/2017 1:18:46 PM:323,0.009493589,1.485435,-0.05198669,285.5498,13.86308,65.15154,RightController
5/2/2017 1:18:46 PM:373,0.005446613,1.484668,-0.05263424,285.0616,10.21696,68.6149,RightController
5/2/2017 1:18:46 PM:431,0.004620433,1.484168,-0.05006099,285.7929,8.524174,69.48177,RightController
5/2/2017 1:18:46 PM:507,0.002462745,1.485621,-0.0499599,285.7457,6.398777,71.00533,RightController
5/2/2017 1:18:46 PM:561,0.001713812,1.486661,-0.05234098,284.9041,8.124728,68.42999,RightController
5/2/2017 1:18:46 PM:604,0.0007285476,1.48611,-0.05385685,285.0215,6.101133,70.95638,RightController
5/2/2017 1:18:46 PM:671,0.001069427,1.483285,-0.06203985,285.1705,5.850686,71.97169,RightController
5/2/2017 1:18:46 PM:739,0.003783703,1.477908,-0.07553267,285.1532,10.29842,67.40952,RightController
5/2/2017 1:18:46 PM:784,0.006161213,1.474842,-0.08303046,285.292,12.71031,64.90871,RightController
5/2/2017 1:18:46 PM:840,0.01128268,1.471229,-0.09322214,286.4528,15.67146,61.84455,RightController
5/2/2017 1:18:46 PM:887,0.01375008,1.470436,-0.1022871,286.6017,17.42323,60.98652,RightController
5/2/2017 1:18:46 PM:935,0.0131942,1.469707,-0.1131632,286.6865,17.32707,61.09888,RightController
5/2/2017 1:18:46 PM:995,0.009996355,1.468074,-0.1334524,286.9475,14.90186,64.20369,RightController
5/2/2017 1:18:47 PM:66,0.01109403,1.466371,-0.152766,287.1174,15.55012,64.18382,RightController
5/2/2017 1:18:47 PM:130,0.01418966,1.465405,-0.1646836,287.207,16.33078,64.8909,RightController
5/2/2017 1:18:47 PM:209,0.02036721,1.462897,-0.1909006,287.0778,23.3581,59.72509,RightController
5/2/2017 1:18:47 PM:289,0.02279127,1.460179,-0.2037904,287.2472,26.6594,57.00892,RightController
5/2/2017 1:18:47 PM:344,0.02339906,1.458658,-0.2075441,287.3852,23.95877,60.43747,RightController
5/2/2017 1:18:47 PM:406,0.02540517,1.458386,-0.2110186,287.6949,24.98006,59.59591,RightController
5/2/2017 1:18:47 PM:481,0.02728677,1.460227,-0.2185116,287.4587,23.05277,62.51443,RightController
5/2/2017 1:18:47 PM:555,0.03279155,1.460947,-0.2231326,286.9054,25.87761,60.7847,RightController
5/2/2017 1:18:47 PM:610,0.03671587,1.460622,-0.2229929,286.6709,28.52384,58.67214,RightController
5/2/2017 1:18:47 PM:668,0.04033995,1.459913,-0.2207947,286.1269,31.58331,55.96087,RightController
5/2/2017 1:18:47 PM:728,0.04378039,1.458732,-0.2150004,285.6378,34.98639,52.85701,RightController
5/2/2017 1:18:47 PM:789,0.04795325,1.45778,-0.1999147,286.6163,39.23272,47.63802,RightController
5/2/2017 1:18:47 PM:855,0.04471332,1.457832,-0.1838491,286.3871,34.08363,52.01026,RightController
5/2/2017 1:18:47 PM:910,0.04269516,1.456737,-0.1725254,286.9186,30.23411,55.78999,RightController
5/2/2017 1:18:47 PM:979,0.04062021,1.455493,-0.15751,287.1065,31.50326,53.3737,RightController
5/2/2017 1:18:48 PM:36,0.03926098,1.453881,-0.1480176,287.8346,30.23277,54.30671,RightController
5/2/2017 1:18:48 PM:78,0.03803945,1.452618,-0.1390615,288.2924,28.85182,55.29811,RightController
5/2/2017 1:18:48 PM:130,0.03683811,1.452282,-0.1309533,288.4695,28.94886,54.98882,RightController
5/2/2017 1:18:48 PM:182,0.03459048,1.452136,-0.1211784,288.5221,28.94181,54.55836,RightController
5/2/2017 1:18:48 PM:247,0.02917278,1.451245,-0.1058795,288.9601,26.38896,56.1705,RightController
5/2/2017 1:18:48 PM:325,0.02406186,1.448639,-0.08856773,290.1222,23.04989,58.9655,RightController
5/2/2017 1:18:48 PM:384,0.02164865,1.447364,-0.07933784,290.8549,21.8937,59.57487,RightController
5/2/2017 1:18:48 PM:442,0.01904351,1.446128,-0.06674314,291.4731,21.01072,60.17864,RightController
5/2/2017 1:18:48 PM:498,0.01507258,1.445787,-0.05363059,291.4937,20.26929,60.58989,RightController
5/2/2017 1:18:48 PM:549,0.01106429,1.445824,-0.04051352,291.2231,19.99951,59.93776,RightController
5/2/2017 1:18:48 PM:625,0.002072453,1.442772,-0.01881075,291.6736,17.62943,61.20966,RightController
5/2/2017 1:18:48 PM:680,-0.001720011,1.440332,-0.008627653,292.2207,16.84484,61.94944,RightController
5/2/2017 1:18:48 PM:738,-0.004811943,1.436508,0.001702785,292.9021,17.02836,61.87519,RightController
5/2/2017 1:18:48 PM:801,-0.006161094,1.433833,0.007391453,293.1328,18.54194,60.47936,RightController
5/2/2017 1:18:48 PM:857,-0.005949378,1.430983,0.013767,293.3643,21.6555,58.00152,RightController
5/2/2017 1:18:48 PM:908,-0.006064534,1.430838,0.01617312,292.8398,23.30544,57.14846,RightController
5/2/2017 1:18:48 PM:973,-0.005031109,1.432566,0.01774025,292.7751,25.36694,55.64149,RightController
5/2/2017 1:18:49 PM:28,-0.00548172,1.433753,0.01896954,292.9013,24.19612,57.03358,RightController
5/2/2017 1:18:49 PM:74,-0.007485151,1.435172,0.0200541,293.036,22.62957,58.66891,RightController
5/2/2017 1:18:49 PM:135,-0.01142788,1.435437,0.01997042,292.7716,20.71795,60.50647,RightController
5/2/2017 1:18:49 PM:196,-0.01586622,1.431939,0.01952696,293.3533,18.11541,61.90652,RightController
5/2/2017 1:18:49 PM:263,-0.01587856,1.426309,0.01846051,294.1209,17.42719,62.45009,RightController
5/2/2017 1:18:49 PM:309,-0.01347512,1.424568,0.0169239,294.3698,17.89058,61.7938,RightController
5/2/2017 1:18:49 PM:357,-0.009886384,1.422928,0.01452065,294.6857,18.63664,61.15631,RightController
5/2/2017 1:18:49 PM:408,-0.005214334,1.423735,0.01029539,294.4521,20.77878,59.02243,RightController
5/2/2017 1:18:49 PM:470,-0.001763344,1.425224,0.005000591,293.7025,21.72688,57.87417,RightController
5/2/2017 1:18:49 PM:541,0.003487051,1.426266,-0.0004105568,293.5191,19.56002,60.80462,RightController
5/2/2017 1:18:49 PM:598,0.00763011,1.427065,-0.004417658,293.5741,19.97374,60.65868,RightController
5/2/2017 1:18:49 PM:642,0.01214135,1.429004,-0.00971365,293.0771,22.17365,58.59809,RightController
5/2/2017 1:18:49 PM:700,0.01616263,1.43009,-0.0152967,292.8412,22.985,58.20638,RightController
5/2/2017 1:18:49 PM:770,0.0223425,1.429322,-0.02090883,292.703,23.8537,57.75137,RightController
5/2/2017 1:18:49 PM:826,0.02587104,1.427878,-0.02156019,293.31,25.16633,56.32914,RightController
5/2/2017 1:18:49 PM:877,0.02749157,1.42623,-0.02185464,293.8372,24.64057,56.53245,RightController
5/2/2017 1:18:49 PM:946,0.02752805,1.425957,-0.02161431,293.8515,23.67268,57.44416,RightController
5/2/2017 1:18:50 PM:22,0.02680987,1.426353,-0.02247977,293.935,22.4904,58.3434,RightController
5/2/2017 1:18:50 PM:67,0.02613056,1.426325,-0.02390194,293.6772,20.4804,60.99752,RightController
5/2/2017 1:18:50 PM:124,0.02852821,1.426114,-0.02516079,293.5311,22.41514,59.52061,RightController
5/2/2017 1:18:50 PM:179,0.03031147,1.424886,-0.02498674,294.1412,22.8862,59.7547,RightController
5/2/2017 1:18:50 PM:245,0.02983308,1.4238,-0.02472234,294.594,22.15004,61.03983,RightController
5/2/2017 1:18:50 PM:307,0.03054142,1.424495,-0.0263803,294.2962,24.9106,59.36335,RightController
5/2/2017 1:18:50 PM:352,0.03274024,1.425388,-0.02642369,293.9681,29.0598,58.45549,RightController
5/2/2017 1:18:50 PM:425,0.03976321,1.42657,-0.02607656,292.1814,47.19574,57.55874,RightController
5/2/2017 1:18:50 PM:485,0.0371114,1.427173,-0.02847004,291.7723,47.26255,52.3926,RightController
5/2/2017 1:18:50 PM:540,0.03459436,1.426946,-0.02754974,292.7509,44.93272,54.12408,RightController
5/2/2017 1:18:50 PM:603,0.0329107,1.426796,-0.03130412,293.5692,44.77073,49.75327,RightController
5/2/2017 1:18:50 PM:660,0.03071368,1.426239,-0.03304791,293.1822,42.09656,51.28774,RightController
5/2/2017 1:18:50 PM:710,0.028579,1.426009,-0.03517246,292.6804,40.79047,51.39167,RightController
5/2/2017 1:18:50 PM:782,0.02574682,1.426308,-0.03643966,292.7886,40.88484,49.69946,RightController
5/2/2017 1:18:50 PM:838,0.02321494,1.425473,-0.03496027,292.8122,39.57235,50.94737,RightController
5/2/2017 1:18:50 PM:889,0.02097178,1.424784,-0.03365707,292.9605,39.06546,50.84174,RightController
5/2/2017 1:18:50 PM:933,0.01903689,1.423993,-0.03242183,293.0944,38.63438,50.99393,RightController
5/2/2017 1:18:51 PM:9,0.01588023,1.423365,-0.0323472,293.2182,37.66653,51.26031,RightController
5/2/2017 1:18:51 PM:60,0.01468182,1.423986,-0.03346443,293.0038,37.80529,50.92912,RightController
5/2/2017 1:18:51 PM:119,0.01231426,1.425382,-0.03463078,292.7219,37.47558,50.80231,RightController
5/2/2017 1:18:51 PM:190,0.01004934,1.426968,-0.03705573,292.0665,37.38643,51.17827,RightController
5/2/2017 1:18:51 PM:243,0.009136438,1.427501,-0.03875446,291.7443,37.76942,50.73061,RightController
5/2/2017 1:18:51 PM:291,0.008595169,1.427755,-0.03955054,291.5683,38.25765,50.41624,RightController
5/2/2017 1:18:51 PM:334,0.007967591,1.42755,-0.03983235,291.5176,37.85406,50.74138,RightController
5/2/2017 1:18:51 PM:379,0.007041454,1.427025,-0.03869605,291.8572,36.34571,52.23316,RightController
5/2/2017 1:18:51 PM:438,0.00573349,1.426923,-0.03804684,291.608,35.65775,52.35794,RightController
5/2/2017 1:18:51 PM:492,0.003538013,1.426886,-0.03577328,291.486,33.33974,54.5056,RightController
5/2/2017 1:18:51 PM:566,-9.179115E-06,1.426633,-0.03174424,291.0615,29.2714,57.65123,RightController
5/2/2017 1:18:51 PM:631,-0.0006933808,1.427153,-0.02999687,291.0024,27.67503,58.92859,RightController
5/2/2017 1:18:51 PM:680,-0.001013219,1.427599,-0.02972126,290.8123,27.16399,59.21511,RightController
5/2/2017 1:18:51 PM:759,-0.0008153915,1.427444,-0.03063345,290.5518,25.11042,61.17031,RightController
