5/2/2017 11:13:30 AM:438,0,0,0,0,0,0,RightController
5/2/2017 11:13:30 AM:481,-0.6683655,0.8406039,0.4996486,23.87743,261.8035,25.93264,RightController
5/2/2017 11:13:30 AM:514,-0.6692152,0.8420274,0.4970202,23.21828,260.4616,25.28052,RightController
5/2/2017 11:13:30 AM:547,-0.6687924,0.8433394,0.4950345,22.37437,259.3183,25.13413,RightController
5/2/2017 11:13:30 AM:580,-0.6674627,0.8425716,0.4931645,22.81104,257.699,27.54229,RightController
5/2/2017 11:13:30 AM:614,-0.6655897,0.8412224,0.4942067,25.34185,257.4955,23.83892,RightController
5/2/2017 11:13:30 AM:648,-0.6645287,0.8428504,0.4964302,25.50441,257.4473,20.95632,RightController
5/2/2017 11:13:30 AM:681,-0.6645657,0.8449963,0.4955857,23.97071,256.8538,21.57908,RightController
5/2/2017 11:13:30 AM:715,-0.6645031,0.8458675,0.4961998,23.66828,256.9669,22.66829,RightController
5/2/2017 11:13:30 AM:759,-0.6636122,0.8472711,0.4973426,23.44925,257.1903,21.70512,RightController
5/2/2017 11:13:30 AM:807,-0.662022,0.847469,0.4977636,22.85751,257.0287,23.79347,RightController
5/2/2017 11:13:30 AM:849,-0.6597731,0.8486042,0.4998586,22.77974,257.0865,25.96105,RightController
5/2/2017 11:13:30 AM:894,-0.6595876,0.8492557,0.5026309,22.83643,258.4767,26.2854,RightController
5/2/2017 11:13:30 AM:937,-0.6598221,0.8478401,0.5048215,22.3879,260.0936,28.08977,RightController
5/2/2017 11:13:30 AM:970,-0.6600047,0.8479908,0.5065124,21.76393,261.3413,29.38668,RightController
5/2/2017 11:13:31 AM:21,-0.6608716,0.8487754,0.509867,22.48213,262.6764,28.73721,RightController
5/2/2017 11:13:31 AM:51,-0.6616116,0.8482833,0.5112054,22.93434,263.2514,29.80449,RightController
5/2/2017 11:13:31 AM:86,-0.6616585,0.8480202,0.5118148,23.34793,263.783,30.58624,RightController
5/2/2017 11:13:31 AM:127,-0.6613027,0.8478104,0.513552,25.30383,263.6423,27.9916,RightController
5/2/2017 11:13:31 AM:182,-0.6601213,0.8463876,0.5121789,26.44647,262.3053,25.92008,RightController
5/2/2017 11:13:31 AM:216,-0.6599058,0.8461736,0.5107284,26.52678,261.2744,25.24361,RightController
5/2/2017 11:13:31 AM:249,-0.6587777,0.8458029,0.5097289,26.65306,260.3239,25.77501,RightController
5/2/2017 11:13:31 AM:283,-0.6578423,0.8459674,0.5084991,26.56723,259.4352,26.13026,RightController
5/2/2017 11:13:31 AM:317,-0.6566927,0.8457602,0.5077627,26.86035,258.9491,26.25703,RightController
5/2/2017 11:13:31 AM:350,-0.6562307,0.8456668,0.5077777,27.0316,258.6835,26.2682,RightController
5/2/2017 11:13:31 AM:384,-0.6557882,0.8461164,0.507437,26.96906,258.3263,26.17062,RightController
5/2/2017 11:13:31 AM:417,-0.65613,0.8464423,0.5074847,26.94417,258.1011,26.42131,RightController
5/2/2017 11:13:31 AM:451,-0.6562008,0.8469089,0.5074546,26.72462,257.7506,26.8347,RightController
5/2/2017 11:13:31 AM:484,-0.6562847,0.8469529,0.5078313,27.01297,257.7105,27.17249,RightController
5/2/2017 11:13:31 AM:518,-0.656123,0.8469999,0.5083179,27.17456,257.5701,27.38837,RightController
5/2/2017 11:13:31 AM:551,-0.6559598,0.8472811,0.5088651,27.14571,257.2497,27.5708,RightController
5/2/2017 11:13:31 AM:587,-0.6559108,0.8474137,0.5096524,27.20338,257.0732,27.83259,RightController
5/2/2017 11:13:31 AM:622,-0.6556745,0.8475192,0.5098748,27.24504,257.0702,28.14701,RightController
5/2/2017 11:13:31 AM:685,-0.6549311,0.8481884,0.5111713,27.2144,257.022,28.4709,RightController
5/2/2017 11:13:31 AM:741,-0.6540211,0.8458563,0.5095446,27.5327,256.7745,28.69414,RightController
5/2/2017 11:13:31 AM:801,-0.6526093,0.845592,0.5091956,27.86261,256.4511,28.68075,RightController
5/2/2017 11:13:31 AM:875,-0.6512897,0.8443549,0.5075517,28.13243,256.1323,29.01383,RightController
5/2/2017 11:13:31 AM:931,-0.6517003,0.8440406,0.5068283,28.10309,256.0528,29.15759,RightController
5/2/2017 11:13:31 AM:964,-0.6522652,0.842366,0.5050654,28.10953,256.0046,29.30062,RightController
5/2/2017 11:13:32 AM:9,-0.6523516,0.8429456,0.5056188,28.07175,256.0296,29.43624,RightController
5/2/2017 11:13:32 AM:43,-0.6523888,0.8427534,0.505722,28.06195,256.1739,29.6009,RightController
5/2/2017 11:13:32 AM:87,-0.6522771,0.8431343,0.5064597,28.07857,256.2037,29.85605,RightController
5/2/2017 11:13:32 AM:124,-0.6519004,0.842891,0.5063171,28.1531,256.16,29.85542,RightController
5/2/2017 11:13:32 AM:169,-0.6519381,0.84227,0.5055566,28.20573,256.151,29.95971,RightController
5/2/2017 11:13:32 AM:214,-0.6514779,0.841289,0.5049095,28.25938,256.1205,30.04312,RightController
5/2/2017 11:13:32 AM:255,-0.6511451,0.841422,0.5047362,28.29398,256.1069,30.1413,RightController
5/2/2017 11:13:32 AM:293,-0.6511868,0.8409181,0.5045481,28.32225,256.2009,30.18376,RightController
5/2/2017 11:13:32 AM:344,-0.6511211,0.8397974,0.503756,28.32665,256.2003,30.20591,RightController
5/2/2017 11:13:32 AM:411,-0.6511801,0.8388728,0.5028598,28.48196,256.1714,30.34599,RightController
5/2/2017 11:13:32 AM:456,-0.6516646,0.8386673,0.5022688,28.39554,256.12,30.33878,RightController
5/2/2017 11:13:32 AM:501,-0.6526802,0.8370564,0.5005479,28.33507,256.0568,30.50121,RightController
5/2/2017 11:13:32 AM:539,-0.6536236,0.8368332,0.500154,28.30021,256.1038,30.5742,RightController
5/2/2017 11:13:32 AM:582,-0.6547393,0.8372631,0.5002527,28.11782,256.1426,30.6831,RightController
5/2/2017 11:13:32 AM:635,-0.6571832,0.8372027,0.4998727,27.6473,256.2576,30.90027,RightController
5/2/2017 11:13:32 AM:680,-0.6585826,0.8371888,0.4997959,27.38359,256.4503,31.21723,RightController
5/2/2017 11:13:32 AM:724,-0.6600198,0.8378825,0.5008826,26.87319,256.837,31.64487,RightController
5/2/2017 11:13:32 AM:758,-0.661983,0.8381969,0.5012383,26.39236,257.3368,31.9624,RightController
5/2/2017 11:13:32 AM:814,-0.6644547,0.8379084,0.5020196,25.78058,258.2044,32.68061,RightController
5/2/2017 11:13:32 AM:870,-0.6661166,0.8378128,0.5029523,25.28794,258.7707,33.56669,RightController
5/2/2017 11:13:32 AM:903,-0.6664375,0.8373504,0.5027602,25.22589,258.85,33.63115,RightController
5/2/2017 11:13:32 AM:941,-0.6669372,0.8370483,0.5028605,25.1225,258.9608,33.80518,RightController
5/2/2017 11:13:32 AM:981,-0.6667527,0.8370428,0.5033383,25.04157,259.1044,33.96894,RightController
5/2/2017 11:13:33 AM:37,-0.666127,0.8364035,0.503989,24.86247,259.5128,34.32861,RightController
5/2/2017 11:13:33 AM:82,-0.6657329,0.8360399,0.5041273,24.80255,259.6748,34.40995,RightController
5/2/2017 11:13:33 AM:126,-0.6651225,0.8354371,0.5039711,24.72282,259.8901,34.60082,RightController
5/2/2017 11:13:33 AM:160,-0.6646856,0.835023,0.503937,24.70727,260.1123,34.73443,RightController
5/2/2017 11:13:33 AM:205,-0.6644484,0.8343171,0.5035923,24.65844,260.342,34.86081,RightController
5/2/2017 11:13:33 AM:250,-0.6640234,0.8341967,0.503933,24.58922,260.5729,35.03717,RightController
5/2/2017 11:13:33 AM:307,-0.6633074,0.8339345,0.5047555,24.3622,261.0947,35.28637,RightController
5/2/2017 11:13:33 AM:374,-0.6638708,0.8337003,0.5053849,24.09341,261.9772,35.29385,RightController
5/2/2017 11:13:33 AM:419,-0.6639117,0.8335038,0.5054913,23.95417,262.1763,35.55024,RightController
5/2/2017 11:13:33 AM:474,-0.6641307,0.8326548,0.5057089,23.93304,262.4597,35.8251,RightController
5/2/2017 11:13:33 AM:513,-0.6642781,0.8324386,0.5056288,23.83096,262.5938,35.85565,RightController
5/2/2017 11:13:33 AM:558,-0.664636,0.8324898,0.5050948,23.66854,262.7617,35.95104,RightController
5/2/2017 11:13:33 AM:631,-0.664546,0.8320104,0.5042765,23.59652,263.2275,35.94728,RightController
5/2/2017 11:13:33 AM:687,-0.6646224,0.8320832,0.5047023,23.53079,263.4263,35.85956,RightController
5/2/2017 11:13:33 AM:724,-0.6648149,0.832149,0.504262,23.53798,263.4542,36,RightController
5/2/2017 11:13:33 AM:765,-0.6654257,0.8324072,0.5039132,23.44759,263.4442,36.17393,RightController
5/2/2017 11:13:33 AM:809,-0.6663927,0.8331993,0.5046046,23.2275,263.6998,36.36521,RightController
5/2/2017 11:13:33 AM:854,-0.6673346,0.8335555,0.5056894,23.04186,264.099,36.51559,RightController
5/2/2017 11:13:33 AM:898,-0.6679611,0.8333809,0.5061777,22.78994,264.4881,36.63385,RightController
5/2/2017 11:13:33 AM:944,-0.6680142,0.8333362,0.5064468,22.67617,264.9642,36.6628,RightController
5/2/2017 11:13:33 AM:989,-0.6675287,0.8332467,0.5060468,22.56692,265.2809,36.65636,RightController
5/2/2017 11:13:34 AM:33,-0.6668735,0.8327752,0.5056703,22.40662,265.6563,36.56586,RightController
5/2/2017 11:13:34 AM:100,-0.6644448,0.8320156,0.505729,22.3476,266.3084,36.26372,RightController
5/2/2017 11:13:34 AM:167,-0.6618687,0.8308181,0.5054524,22.4204,266.703,36.13148,RightController
5/2/2017 11:13:34 AM:212,-0.6604501,0.8302768,0.5056565,22.45369,266.8506,35.98383,RightController
5/2/2017 11:13:34 AM:267,-0.6585785,0.8291513,0.505157,22.61432,267.2078,35.87502,RightController
5/2/2017 11:13:34 AM:323,-0.6568829,0.8285284,0.5059643,22.79982,267.4675,35.65498,RightController
5/2/2017 11:13:34 AM:379,-0.6565183,0.828041,0.5058193,22.85258,267.415,35.63613,RightController
5/2/2017 11:13:34 AM:447,-0.6570531,0.8280411,0.5062761,22.77434,267.4771,35.48013,RightController
5/2/2017 11:13:34 AM:501,-0.65832,0.8283033,0.5062306,22.56962,267.3507,35.37924,RightController
5/2/2017 11:13:34 AM:546,-0.6594809,0.828494,0.506469,22.47305,267.3145,35.31792,RightController
5/2/2017 11:13:34 AM:586,-0.6600193,0.8286456,0.5061879,22.38984,267.1667,35.25313,RightController
5/2/2017 11:13:34 AM:624,-0.6610627,0.828581,0.5053179,22.3121,266.8628,35.19354,RightController
5/2/2017 11:13:34 AM:669,-0.6615697,0.8290991,0.5056481,22.28897,266.6682,35.17942,RightController
5/2/2017 11:13:34 AM:714,-0.6618679,0.8292569,0.5058093,22.30031,266.4613,35.13042,RightController
5/2/2017 11:13:34 AM:758,-0.662546,0.8292097,0.50511,22.26769,266.2729,35.18246,RightController
5/2/2017 11:13:34 AM:816,-0.6627148,0.8299911,0.506206,22.25711,266.0664,35.18261,RightController
5/2/2017 11:13:34 AM:851,-0.6629353,0.8299084,0.5065193,22.29999,266.0283,35.22928,RightController
5/2/2017 11:13:34 AM:892,-0.6626005,0.8296574,0.506175,22.37703,265.8966,35.25743,RightController
5/2/2017 11:13:34 AM:948,-0.6617512,0.8299485,0.506917,22.49488,265.6248,35.38656,RightController
5/2/2017 11:13:35 AM:15,-0.6605829,0.8298466,0.5075688,22.69936,265.39,35.44217,RightController
5/2/2017 11:13:35 AM:71,-0.6598545,0.8295791,0.5072997,22.83274,265.2201,35.50304,RightController
5/2/2017 11:13:35 AM:116,-0.6591458,0.829517,0.5074389,22.9609,265.0598,35.55728,RightController
5/2/2017 11:13:35 AM:153,-0.6585714,0.8293655,0.5079148,23.03886,264.9964,35.642,RightController
5/2/2017 11:13:35 AM:205,-0.658106,0.8290756,0.5080459,23.21408,265.0061,35.70423,RightController
5/2/2017 11:13:35 AM:261,-0.6580281,0.8287294,0.5079529,23.25407,264.7303,35.87269,RightController
5/2/2017 11:13:35 AM:328,-0.6582439,0.8284613,0.5078013,23.37852,264.6826,35.85229,RightController
5/2/2017 11:13:35 AM:373,-0.6588045,0.8285067,0.5074799,23.35395,264.6768,35.88514,RightController
5/2/2017 11:13:35 AM:406,-0.6589106,0.8284726,0.5075512,23.295,264.6356,35.84278,RightController
5/2/2017 11:13:35 AM:462,-0.6596111,0.8282907,0.5067611,23.27241,264.6658,35.87527,RightController
5/2/2017 11:13:35 AM:529,-0.660971,0.8285966,0.5062745,23.12014,264.602,35.82965,RightController
5/2/2017 11:13:35 AM:585,-0.6613044,0.8286889,0.5065565,23.14443,264.5912,35.82735,RightController
5/2/2017 11:13:35 AM:630,-0.661911,0.8285189,0.5065551,23.12483,264.5956,35.85832,RightController
5/2/2017 11:13:35 AM:674,-0.6620928,0.8289106,0.5072098,23.0967,264.6755,35.90875,RightController
5/2/2017 11:13:35 AM:722,-0.6622165,0.8291174,0.5075881,23.09295,264.7295,35.97461,RightController
5/2/2017 11:13:35 AM:768,-0.66258,0.829043,0.5077875,23.11205,264.778,36.04256,RightController
5/2/2017 11:13:35 AM:808,-0.662472,0.8290818,0.5077972,23.12466,264.8014,36.06363,RightController
5/2/2017 11:13:35 AM:853,-0.6623377,0.829428,0.5081534,23.12998,264.817,36.10999,RightController
5/2/2017 11:13:35 AM:886,-0.6623595,0.8294436,0.5083942,23.11249,264.8839,36.13003,RightController
5/2/2017 11:13:35 AM:931,-0.6625668,0.829137,0.508249,23.0768,264.9482,36.14177,RightController
5/2/2017 11:13:35 AM:976,-0.6626072,0.829212,0.5081489,23.04058,265.0964,36.15687,RightController
5/2/2017 11:13:36 AM:13,-0.6622268,0.8289827,0.5081034,23.03791,265.1476,36.08426,RightController
5/2/2017 11:13:36 AM:66,-0.6615758,0.8284878,0.5070553,23.13907,265.1682,36.05095,RightController
5/2/2017 11:13:36 AM:133,-0.6603953,0.8279823,0.5061011,23.25253,265.0316,35.78826,RightController
5/2/2017 11:13:36 AM:188,-0.660277,0.8276173,0.506628,23.35179,265.0966,35.85751,RightController
5/2/2017 11:13:36 AM:226,-0.6600727,0.8274264,0.5072482,23.32881,265.2481,35.8966,RightController
5/2/2017 11:13:36 AM:270,-0.6601825,0.827063,0.5071187,23.29712,265.3236,35.85676,RightController
5/2/2017 11:13:36 AM:312,-0.6604254,0.8270857,0.5071788,23.21635,265.325,35.88873,RightController
5/2/2017 11:13:36 AM:348,-0.6610273,0.8270355,0.5071821,23.17667,265.4249,35.88535,RightController
5/2/2017 11:13:36 AM:401,-0.6616685,0.8269038,0.5061696,23.08471,265.3357,35.8088,RightController
5/2/2017 11:13:36 AM:446,-0.662148,0.8268037,0.5060222,23.039,265.3269,35.74153,RightController
5/2/2017 11:13:36 AM:483,-0.6623306,0.8268759,0.5057034,22.99667,265.3246,35.70613,RightController
5/2/2017 11:13:36 AM:523,-0.6627185,0.8269181,0.5053704,22.93995,265.2941,35.64278,RightController
5/2/2017 11:13:36 AM:568,-0.6628591,0.8267405,0.5053144,22.91576,265.2906,35.58227,RightController
5/2/2017 11:13:36 AM:624,-0.6624372,0.8268049,0.5056283,22.91661,265.308,35.57702,RightController
5/2/2017 11:13:36 AM:681,-0.6623887,0.8264611,0.5056779,22.94366,265.4053,35.59152,RightController
5/2/2017 11:13:36 AM:792,-0.6618204,0.8265226,0.5064709,22.9767,265.471,35.61454,RightController
5/2/2017 11:13:36 AM:870,-0.6623846,0.826295,0.5061274,22.82647,265.6701,35.55649,RightController
5/2/2017 11:13:36 AM:926,-0.6629016,0.8263109,0.5055892,22.65865,265.7561,35.49369,RightController
5/2/2017 11:13:36 AM:973,-0.6630213,0.8270836,0.5062194,22.51823,265.8619,35.54616,RightController
5/2/2017 11:13:37 AM:26,-0.6639233,0.8271806,0.5060382,22.40018,265.8499,35.59434,RightController
5/2/2017 11:13:37 AM:71,-0.6633534,0.8275987,0.5073738,22.39843,265.857,35.74104,RightController
5/2/2017 11:13:37 AM:120,-0.6628885,0.8279141,0.5081246,22.43775,265.9016,35.83961,RightController
5/2/2017 11:13:37 AM:205,-0.6622334,0.8281345,0.5092652,22.51672,265.8929,36.00265,RightController
5/2/2017 11:13:37 AM:260,-0.6618646,0.8279768,0.5095766,22.53516,265.9677,36.01787,RightController
5/2/2017 11:13:37 AM:305,-0.6618632,0.8284926,0.5100377,22.51388,265.9285,36.06592,RightController
5/2/2017 11:13:37 AM:361,-0.6614076,0.8287631,0.5101159,22.47353,266.0316,36.14921,RightController
5/2/2017 11:13:37 AM:406,-0.6615715,0.8289616,0.5106254,22.45592,266.0359,36.19492,RightController
5/2/2017 11:13:37 AM:443,-0.6612403,0.8291078,0.5108097,22.40094,266.0631,36.28334,RightController
5/2/2017 11:13:37 AM:484,-0.6611333,0.8292862,0.5107541,22.36862,266.1823,36.48839,RightController
5/2/2017 11:13:37 AM:529,-0.6607684,0.8290164,0.5105779,22.34238,266.2304,36.51651,RightController
5/2/2017 11:13:37 AM:585,-0.6600978,0.8292551,0.5109692,22.40785,266.3181,36.6094,RightController
5/2/2017 11:13:37 AM:652,-0.6586509,0.8290707,0.5115702,22.51598,266.3164,36.5876,RightController
5/2/2017 11:13:37 AM:719,-0.6579825,0.8285596,0.5119417,22.60635,266.2936,36.64104,RightController
5/2/2017 11:13:37 AM:763,-0.6580737,0.828244,0.5112762,22.63574,266.3431,36.64501,RightController
5/2/2017 11:13:37 AM:808,-0.6582227,0.8282744,0.511313,22.60641,266.3238,36.65783,RightController
5/2/2017 11:13:37 AM:852,-0.6579602,0.8283126,0.511694,22.59843,266.4845,36.63582,RightController
5/2/2017 11:13:37 AM:886,-0.6582744,0.828293,0.5111539,22.5329,266.4321,36.56017,RightController
5/2/2017 11:13:37 AM:930,-0.6585469,0.8276424,0.510551,22.51013,266.304,36.56084,RightController
5/2/2017 11:13:37 AM:997,-0.6584018,0.8273412,0.5106962,22.54143,266.4798,36.58918,RightController
5/2/2017 11:13:38 AM:54,-0.6586225,0.8272526,0.5104461,22.50667,266.3203,36.49449,RightController
5/2/2017 11:13:38 AM:102,-0.6584355,0.8266011,0.510325,22.55075,266.3804,36.4781,RightController
5/2/2017 11:13:38 AM:165,-0.6579661,0.8260691,0.5094173,22.56006,266.254,36.3237,RightController
5/2/2017 11:13:38 AM:222,-0.6577845,0.8257284,0.5093977,22.56996,266.2957,36.30956,RightController
5/2/2017 11:13:38 AM:266,-0.6579853,0.8253715,0.5089698,22.59231,266.3118,36.25114,RightController
5/2/2017 11:13:38 AM:311,-0.6580443,0.8253587,0.5086396,22.55164,266.2475,36.18295,RightController
5/2/2017 11:13:38 AM:355,-0.6577941,0.8252728,0.5087533,22.545,266.3355,36.18553,RightController
5/2/2017 11:13:38 AM:403,-0.6578096,0.8248106,0.5081477,22.56313,266.3342,36.16027,RightController
5/2/2017 11:13:38 AM:470,-0.6578071,0.8248376,0.5087485,22.61138,266.3101,36.14788,RightController
5/2/2017 11:13:38 AM:534,-0.6577243,0.8246683,0.5086863,22.69415,266.2448,36.19554,RightController
5/2/2017 11:13:38 AM:601,-0.6575526,0.824798,0.5088742,22.71467,266.2308,36.17048,RightController
5/2/2017 11:13:38 AM:651,-0.6576892,0.8247943,0.5089197,22.70494,266.2365,36.24721,RightController
5/2/2017 11:13:38 AM:713,-0.6579677,0.8250026,0.5085073,22.67671,266.2529,36.16568,RightController
5/2/2017 11:13:38 AM:769,-0.6582278,0.8248349,0.5083668,22.68368,266.1589,36.1864,RightController
5/2/2017 11:13:38 AM:814,-0.658186,0.8248073,0.5086739,22.69106,266.2862,36.17329,RightController
5/2/2017 11:13:38 AM:847,-0.6585611,0.8248709,0.507875,22.64231,266.2433,36.11068,RightController
5/2/2017 11:13:38 AM:892,-0.6591374,0.8242968,0.5071325,22.63799,266.2089,36.09542,RightController
5/2/2017 11:13:38 AM:947,-0.6589661,0.824502,0.5075293,22.6623,266.3685,36.0879,RightController
5/2/2017 11:13:38 AM:992,-0.6592549,0.8240424,0.5065649,22.65564,266.2567,36.06511,RightController
5/2/2017 11:13:39 AM:30,-0.6589475,0.8239743,0.5066578,22.64248,266.2771,36.03048,RightController
5/2/2017 11:13:39 AM:93,-0.6587627,0.8242055,0.5070615,22.66656,266.3901,36.03635,RightController
5/2/2017 11:13:39 AM:148,-0.6589596,0.8239653,0.5061619,22.65505,266.3405,36.0145,RightController
5/2/2017 11:13:39 AM:193,-0.6589274,0.8233757,0.505846,22.67118,266.4139,36.01799,RightController
5/2/2017 11:13:39 AM:237,-0.6591161,0.8236066,0.5061126,22.67174,266.3698,35.96563,RightController
5/2/2017 11:13:39 AM:284,-0.6592075,0.8236531,0.5064795,22.59254,266.5067,35.96541,RightController
5/2/2017 11:13:39 AM:349,-0.6592002,0.8235475,0.5067365,22.44931,266.7426,35.89312,RightController
5/2/2017 11:13:39 AM:405,-0.6591899,0.8228729,0.5062015,22.50735,266.6802,35.78135,RightController
5/2/2017 11:13:39 AM:450,-0.6586289,0.8225414,0.5060439,22.54507,266.613,35.65182,RightController
5/2/2017 11:13:39 AM:495,-0.658338,0.8217899,0.5053973,22.61839,266.5064,35.60655,RightController
5/2/2017 11:13:39 AM:542,-0.6578954,0.8218827,0.5051477,22.77153,266.4689,35.56878,RightController
5/2/2017 11:13:39 AM:595,-0.6576512,0.8213648,0.5041187,22.94801,266.0311,35.5228,RightController
5/2/2017 11:13:39 AM:639,-0.6576726,0.8215129,0.5044825,23.09738,265.8064,35.55455,RightController
5/2/2017 11:13:39 AM:684,-0.6577488,0.8218031,0.5043535,23.15907,265.5589,35.57182,RightController
5/2/2017 11:13:39 AM:729,-0.6587311,0.8217403,0.503577,23.19403,265.2368,35.57929,RightController
5/2/2017 11:13:39 AM:774,-0.6597229,0.8221291,0.503932,23.25452,265.0543,35.63517,RightController
5/2/2017 11:13:39 AM:818,-0.6606641,0.8225042,0.5037897,23.26911,264.7869,35.6031,RightController
5/2/2017 11:13:39 AM:863,-0.6615163,0.8228178,0.5028124,23.22238,264.5375,35.63706,RightController
5/2/2017 11:13:39 AM:908,-0.6622497,0.823669,0.5033486,23.20431,264.5433,35.71075,RightController
5/2/2017 11:13:39 AM:952,-0.6631631,0.8239616,0.5033896,23.20497,264.4875,35.78019,RightController
5/2/2017 11:13:39 AM:997,-0.663362,0.8239378,0.503504,23.18861,264.4865,35.80964,RightController
5/2/2017 11:13:40 AM:43,-0.6630414,0.8243772,0.5037997,23.23407,264.4648,35.87598,RightController
5/2/2017 11:13:40 AM:87,-0.6625282,0.8245209,0.5042012,23.42196,264.3413,35.91199,RightController
5/2/2017 11:13:40 AM:125,-0.6625255,0.8247962,0.5040362,23.56258,264.2575,35.98109,RightController
5/2/2017 11:13:40 AM:187,-0.6632003,0.8262466,0.5062103,23.58024,264.3763,36.25521,RightController
5/2/2017 11:13:40 AM:256,-0.6645299,0.8270792,0.5088806,23.35213,264.9508,36.6212,RightController
5/2/2017 11:13:40 AM:309,-0.6656618,0.8272736,0.5091038,23.28657,265.0911,36.68985,RightController
5/2/2017 11:13:40 AM:376,-0.6662909,0.8280439,0.5096362,23.13205,265.3488,36.7495,RightController
5/2/2017 11:13:40 AM:432,-0.6660504,0.8275696,0.5092897,23.17206,265.358,36.59615,RightController
5/2/2017 11:13:40 AM:476,-0.6655082,0.8271837,0.5089219,23.18481,265.2561,36.55557,RightController
5/2/2017 11:13:40 AM:543,-0.6646641,0.8263352,0.5085511,23.40174,265.4136,36.55144,RightController
5/2/2017 11:13:40 AM:599,-0.6644967,0.8260893,0.5082529,23.4549,265.1793,36.4217,RightController
5/2/2017 11:13:40 AM:644,-0.6644951,0.8257365,0.5082688,23.56476,265.1953,36.44195,RightController
5/2/2017 11:13:40 AM:688,-0.6645226,0.8255317,0.5084879,23.61235,265.1076,36.43316,RightController
5/2/2017 11:13:40 AM:734,-0.6653699,0.8254995,0.5079696,23.58077,264.9662,36.43163,RightController
5/2/2017 11:13:40 AM:790,-0.6671458,0.8255075,0.5080991,23.52981,264.9501,36.47029,RightController
5/2/2017 11:13:40 AM:857,-0.6686392,0.8255044,0.5075388,23.43491,264.7528,36.4003,RightController
5/2/2017 11:13:40 AM:905,-0.6693219,0.8252497,0.5072453,23.41758,264.7402,36.34774,RightController
5/2/2017 11:13:40 AM:979,-0.6696984,0.8245652,0.5064576,23.40877,264.7376,36.21517,RightController
5/2/2017 11:13:41 AM:35,-0.6689364,0.823796,0.505825,23.54399,264.6064,36.07152,RightController
5/2/2017 11:13:41 AM:91,-0.6681179,0.8231009,0.5051403,23.66892,264.5438,35.96851,RightController
5/2/2017 11:13:41 AM:147,-0.6674598,0.8221228,0.5048494,23.93907,264.3346,35.81085,RightController
5/2/2017 11:13:41 AM:202,-0.6671447,0.8219405,0.5045416,24.0603,264.2749,35.86306,RightController
5/2/2017 11:13:41 AM:239,-0.6670538,0.82196,0.5049212,24.14128,264.3364,35.87118,RightController
5/2/2017 11:13:41 AM:281,-0.6676145,0.8222234,0.5052347,24.14039,264.1508,35.87164,RightController
5/2/2017 11:13:41 AM:326,-0.6685978,0.8221754,0.5060709,24.12508,264.1344,35.99589,RightController
5/2/2017 11:13:41 AM:371,-0.6696684,0.8228097,0.5069747,24.08585,264.2455,36.12332,RightController
5/2/2017 11:13:41 AM:427,-0.671455,0.8234457,0.5069041,23.932,264.1277,36.17494,RightController
5/2/2017 11:13:41 AM:494,-0.672407,0.823817,0.5074613,23.94105,264.1039,36.279,RightController
5/2/2017 11:13:41 AM:538,-0.6728655,0.8242676,0.507725,23.93062,264.0113,36.27978,RightController
5/2/2017 11:13:41 AM:583,-0.6730587,0.8244021,0.507514,23.92648,263.948,36.28415,RightController
5/2/2017 11:13:41 AM:627,-0.6730983,0.8240858,0.5075338,23.96922,263.9617,36.31815,RightController
5/2/2017 11:13:41 AM:661,-0.6729618,0.824174,0.5073328,23.97075,263.9207,36.30384,RightController
5/2/2017 11:13:41 AM:707,-0.6725036,0.8245821,0.5073276,24.02584,263.856,36.29782,RightController
5/2/2017 11:13:41 AM:742,-0.6722934,0.8244171,0.5072629,24.08476,263.8176,36.29082,RightController
5/2/2017 11:13:41 AM:784,-0.6719593,0.8243153,0.5070343,24.13093,263.8322,36.32033,RightController
5/2/2017 11:13:41 AM:821,-0.6719259,0.8242494,0.506958,24.16299,263.85,36.33709,RightController
5/2/2017 11:13:41 AM:873,-0.672183,0.8241795,0.5069761,24.13984,263.8375,36.32835,RightController
5/2/2017 11:13:41 AM:951,-0.6724979,0.8242459,0.5066128,24.01972,263.9136,36.36885,RightController
5/2/2017 11:13:42 AM:18,-0.6720802,0.8242844,0.505532,23.97434,263.8094,36.31836,RightController
5/2/2017 11:13:42 AM:75,-0.6715558,0.8242224,0.5050972,24.0331,263.9181,36.30693,RightController
5/2/2017 11:13:42 AM:111,-0.6708225,0.8242812,0.5048461,24.05141,263.8073,36.25394,RightController
5/2/2017 11:13:42 AM:164,-0.6703285,0.8239115,0.5043755,24.10707,263.6261,36.25662,RightController
5/2/2017 11:13:42 AM:208,-0.6698887,0.8241611,0.5053422,24.11705,263.7231,36.35745,RightController
5/2/2017 11:13:42 AM:253,-0.6702766,0.8243947,0.5053771,24.03321,263.6729,36.32748,RightController
5/2/2017 11:13:42 AM:298,-0.6703039,0.8242745,0.5056465,23.96088,263.6796,36.43108,RightController
5/2/2017 11:13:42 AM:365,-0.6708715,0.8245921,0.5058692,23.81543,263.6817,36.41764,RightController
5/2/2017 11:13:42 AM:411,-0.6715455,0.8251228,0.5055792,23.70661,263.5974,36.42359,RightController
5/2/2017 11:13:42 AM:456,-0.6719167,0.8253446,0.5054317,23.6314,263.5774,36.43137,RightController
5/2/2017 11:13:42 AM:500,-0.6718124,0.8251657,0.5050957,23.58476,263.4469,36.4104,RightController
5/2/2017 11:13:42 AM:537,-0.6717038,0.8252909,0.5050249,23.59097,263.4086,36.40789,RightController
5/2/2017 11:13:42 AM:578,-0.6715544,0.8253769,0.505697,23.68185,263.365,36.40953,RightController
5/2/2017 11:13:42 AM:616,-0.6718656,0.8253932,0.506156,23.67003,263.3939,36.43312,RightController
5/2/2017 11:13:42 AM:672,-0.6729609,0.8255534,0.50652,23.52671,263.5392,36.54159,RightController
5/2/2017 11:13:42 AM:750,-0.6744508,0.8256667,0.5065398,23.15762,263.5316,36.4545,RightController
5/2/2017 11:13:42 AM:813,-0.6749558,0.8253587,0.5060146,23.05489,263.4599,36.32152,RightController
5/2/2017 11:13:42 AM:858,-0.6744057,0.8251319,0.505831,23.02512,263.4036,36.22784,RightController
5/2/2017 11:13:42 AM:914,-0.6730903,0.824481,0.5057838,23.05752,263.4884,36.22429,RightController
5/2/2017 11:13:42 AM:981,-0.6710885,0.8238764,0.504842,23.11774,263.2961,35.95663,RightController
5/2/2017 11:13:43 AM:36,-0.6695793,0.8230661,0.5050657,23.15359,263.4388,35.97441,RightController
5/2/2017 11:13:43 AM:81,-0.6684002,0.8224893,0.5049706,23.21369,263.5849,35.94538,RightController
5/2/2017 11:13:43 AM:118,-0.6673818,0.822353,0.5047097,23.21424,263.5364,35.87202,RightController
5/2/2017 11:13:43 AM:182,-0.6656209,0.8223329,0.5034895,23.19937,263.4746,35.7071,RightController
5/2/2017 11:13:43 AM:237,-0.6655104,0.8222554,0.5032494,23.23437,263.482,35.61842,RightController
5/2/2017 11:13:43 AM:282,-0.6654481,0.8223976,0.5028684,23.24209,263.2685,35.61905,RightController
5/2/2017 11:13:43 AM:349,-0.6654463,0.8226248,0.5028038,23.20819,263.1417,35.62877,RightController
5/2/2017 11:13:43 AM:405,-0.6659902,0.8229963,0.5022168,23.13401,263.0718,35.61755,RightController
5/2/2017 11:13:43 AM:449,-0.6667347,0.8235626,0.5015519,23.00276,263.0702,35.51623,RightController
5/2/2017 11:13:43 AM:497,-0.6674564,0.8235134,0.5006759,22.99407,262.8992,35.46397,RightController
5/2/2017 11:13:43 AM:539,-0.6679869,0.8237721,0.5005248,22.93637,262.8545,35.47345,RightController
5/2/2017 11:13:43 AM:584,-0.6685952,0.8239825,0.5003958,22.86005,262.8694,35.48116,RightController
5/2/2017 11:13:43 AM:639,-0.6687776,0.8243271,0.4996665,22.77458,262.7164,35.42286,RightController
5/2/2017 11:13:43 AM:695,-0.6688579,0.8240219,0.4987733,22.89072,262.6283,35.41985,RightController
5/2/2017 11:13:43 AM:740,-0.6685354,0.8242334,0.4990923,22.93523,262.5549,35.47602,RightController
5/2/2017 11:13:43 AM:775,-0.6684837,0.8244061,0.4993434,22.99706,262.6121,35.52156,RightController
5/2/2017 11:13:43 AM:818,-0.6684402,0.824718,0.4998217,23.02726,262.6069,35.49183,RightController
5/2/2017 11:13:43 AM:863,-0.6688004,0.8245705,0.4998455,23.03023,262.5661,35.58416,RightController
5/2/2017 11:13:43 AM:930,-0.6697649,0.8248605,0.5010946,23.04697,262.7539,35.68733,RightController
5/2/2017 11:13:43 AM:985,-0.670018,0.8251692,0.5014439,23.00635,262.6935,35.6647,RightController
5/2/2017 11:13:44 AM:35,-0.6702323,0.8249147,0.5015256,23.05115,262.7777,35.70234,RightController
5/2/2017 11:13:44 AM:97,-0.6706908,0.825199,0.5011139,23.06113,262.6809,35.63363,RightController
5/2/2017 11:13:44 AM:153,-0.6710902,0.8256547,0.5012836,23.05515,262.7541,35.62436,RightController
5/2/2017 11:13:44 AM:190,-0.6717875,0.8256061,0.5010688,23.07043,262.7451,35.61046,RightController
5/2/2017 11:13:44 AM:231,-0.6720669,0.825511,0.5011237,23.05456,262.6659,35.57995,RightController
5/2/2017 11:13:44 AM:276,-0.6728956,0.8257192,0.501087,23.06927,262.6458,35.6005,RightController
5/2/2017 11:13:44 AM:313,-0.6731982,0.8257408,0.5016136,23.06838,262.6002,35.60456,RightController
5/2/2017 11:13:44 AM:376,-0.6744031,0.8258432,0.5021851,23.07838,262.5983,35.67366,RightController
5/2/2017 11:13:44 AM:432,-0.6754358,0.8261009,0.5026007,23.08855,262.5388,35.75023,RightController
5/2/2017 11:13:44 AM:499,-0.6765338,0.826333,0.5035369,23.04415,262.4638,35.78353,RightController
5/2/2017 11:13:44 AM:555,-0.6775163,0.8264556,0.5038624,23.04559,262.4592,35.81844,RightController
5/2/2017 11:13:44 AM:611,-0.6794199,0.8267494,0.504153,22.91752,262.5443,35.77606,RightController
5/2/2017 11:13:44 AM:678,-0.6834954,0.828441,0.5048287,22.35036,263.2496,35.42722,RightController
5/2/2017 11:13:44 AM:733,-0.6857672,0.8287858,0.5042899,22.10209,263.1447,35.50103,RightController
5/2/2017 11:13:44 AM:801,-0.6889038,0.8298762,0.5053895,21.81326,263.4052,35.36035,RightController
5/2/2017 11:13:44 AM:845,-0.6920555,0.8315774,0.5058637,21.24211,263.886,35.05808,RightController
5/2/2017 11:13:44 AM:902,-0.695601,0.8328711,0.5054042,20.76481,264.0833,34.98518,RightController
5/2/2017 11:13:44 AM:968,-0.6999773,0.8346282,0.5053895,20.15516,264.3713,34.72903,RightController
5/2/2017 11:13:45 AM:37,-0.7020981,0.8358724,0.5048072,19.65993,264.2816,34.36018,RightController
5/2/2017 11:13:45 AM:80,-0.7026377,0.8368946,0.5047834,19.19267,264.3698,33.88054,RightController
5/2/2017 11:13:45 AM:124,-0.7031124,0.8375791,0.5043721,18.81774,264.4292,33.47403,RightController
5/2/2017 11:13:45 AM:192,-0.703476,0.8397188,0.5067019,18.36701,265.8394,32.17968,RightController
5/2/2017 11:13:45 AM:247,-0.7029536,0.8397973,0.5077589,18.30253,266.1994,32.18516,RightController
5/2/2017 11:13:45 AM:292,-0.7030741,0.8403651,0.5083439,18.05453,266.5596,31.64348,RightController
5/2/2017 11:13:45 AM:336,-0.7029619,0.8410814,0.5094614,17.94616,266.6696,31.97424,RightController
5/2/2017 11:13:45 AM:393,-0.7035884,0.844267,0.5108962,16.9334,267.1587,31.26448,RightController
5/2/2017 11:13:45 AM:439,-0.7041838,0.8440206,0.5115759,16.98483,267.5927,31.24383,RightController
5/2/2017 11:13:45 AM:482,-0.7036957,0.8445702,0.5121379,17.03347,267.5402,31.45946,RightController
5/2/2017 11:13:45 AM:538,-0.7029763,0.8456042,0.5124083,16.86483,267.082,31.04192,RightController
5/2/2017 11:13:45 AM:605,-0.7020456,0.8460175,0.5120041,16.79391,266.6041,31.4532,RightController
5/2/2017 11:13:45 AM:650,-0.7016153,0.846221,0.5129783,16.88985,266.9426,31.41488,RightController
5/2/2017 11:13:45 AM:687,-0.7016699,0.8465948,0.5132918,16.7714,267.0737,31.3685,RightController
5/2/2017 11:13:45 AM:728,-0.702124,0.8470169,0.5136836,16.61987,267.2176,31.47762,RightController
5/2/2017 11:13:45 AM:773,-0.7043959,0.8491317,0.5152626,16.12435,268.238,30.92858,RightController
5/2/2017 11:13:45 AM:817,-0.7104628,0.8550692,0.5194528,14.71158,270.6952,30.04185,RightController
5/2/2017 11:13:45 AM:862,-0.7203579,0.8633516,0.5249696,12.72648,273.3574,29.6244,RightController
5/2/2017 11:13:45 AM:907,-0.7310342,0.8728076,0.5293629,10.56084,275.4622,28.80779,RightController
5/2/2017 11:13:45 AM:943,-0.7505698,0.892956,0.5351005,5.99961,278.4693,27.80684,RightController
5/2/2017 11:13:45 AM:984,-0.7752538,0.9254243,0.542726,359.5348,282.6039,24.76775,RightController
5/2/2017 11:13:46 AM:44,-0.8134853,0.991062,0.5571086,347.8184,290.1845,18.48552,RightController
5/2/2017 11:13:46 AM:89,-0.8314023,1.035725,0.5605121,340.549,292.8309,15.26139,RightController
5/2/2017 11:13:46 AM:131,-0.8492116,1.090131,0.5611131,331.8947,294.5476,9.987494,RightController
5/2/2017 11:13:46 AM:175,-0.8642865,1.130256,0.5535405,324.0912,293.4557,9.147271,RightController
5/2/2017 11:13:46 AM:220,-0.9557987,1.080262,0.3936036,318.5863,291.0391,9.209781,RightController
5/2/2017 11:13:46 AM:264,-0.9624935,1.103885,0.3912754,315.1253,290.053,8.80552,RightController
5/2/2017 11:13:46 AM:309,-0.9639095,1.115474,0.3916652,314.5058,289.582,7.934787,RightController
5/2/2017 11:13:46 AM:354,-0.9626769,1.120983,0.3868196,314.709,288.3641,8.332685,RightController
5/2/2017 11:13:46 AM:398,-0.9600981,1.113712,0.3811858,315.8828,286.7486,9.191777,RightController
5/2/2017 11:13:46 AM:432,-0.9572273,1.103018,0.3746898,317.2619,285.3782,10.62184,RightController
5/2/2017 11:13:46 AM:476,-0.9528993,1.081388,0.3664722,320.7437,283.2098,13.32552,RightController
5/2/2017 11:13:46 AM:544,-0.9414953,1.031883,0.3492577,328.0721,279.5522,18.08301,RightController
5/2/2017 11:13:46 AM:599,-0.92933,0.9967322,0.3375626,332.3271,275.1462,23.57601,RightController
5/2/2017 11:13:46 AM:644,-0.9161584,0.9592876,0.3300443,338.089,273.1617,25.78795,RightController
5/2/2017 11:13:46 AM:711,-0.8825787,0.8861136,0.3190827,349.4913,267.0443,33.81789,RightController
5/2/2017 11:13:46 AM:778,-0.848263,0.8362237,0.3153694,357.1998,262.0412,37.63023,RightController
5/2/2017 11:13:46 AM:834,-0.8124315,0.790553,0.3174305,6.678192,261.213,39.20636,RightController
5/2/2017 11:13:46 AM:935,-0.7475928,0.7376809,0.3240571,18.65092,262.6239,39.75549,RightController
5/2/2017 11:13:47 AM:58,-0.719632,0.7252214,0.3252738,21.49828,265.6287,39.32016,RightController
5/2/2017 11:13:47 AM:125,-0.7168596,0.7227691,0.3243673,21.61294,266.041,39.5753,RightController
5/2/2017 11:13:47 AM:192,-0.7222316,0.7244663,0.3250246,20.90071,267.0276,39.78008,RightController
5/2/2017 11:13:47 AM:236,-0.726527,0.7274193,0.3266563,20.35348,267.6466,39.95319,RightController
5/2/2017 11:13:47 AM:303,-0.733544,0.7343602,0.3297918,19.08527,268.2656,39.7545,RightController
5/2/2017 11:13:47 AM:348,-0.7382473,0.7375247,0.330107,18.36572,268.1794,39.69092,RightController
5/2/2017 11:13:47 AM:414,-0.743251,0.7441807,0.3322568,17.55782,267.9081,39.46582,RightController
5/2/2017 11:13:47 AM:493,-0.7563751,0.7647812,0.3417931,15.23997,271.0607,36.58576,RightController
5/2/2017 11:13:47 AM:561,-0.7841617,0.8092206,0.3552899,7.707603,276.0844,34.51929,RightController
5/2/2017 11:13:47 AM:627,-0.8232887,0.8749902,0.3714809,356.0885,282.4992,30.79011,RightController
5/2/2017 11:13:47 AM:697,-0.858067,0.9353564,0.3857586,347.1194,282.9461,29.7633,RightController
5/2/2017 11:13:47 AM:772,-0.8928767,0.9860481,0.3938832,340.9754,283.867,26.90459,RightController
5/2/2017 11:13:47 AM:850,-0.9362878,0.9741894,0.3287318,336.1778,284.3515,23.90831,RightController
5/2/2017 11:13:47 AM:918,-0.9501971,0.996639,0.3173387,333.5232,285.7136,21.6109,RightController
5/2/2017 11:13:47 AM:996,-0.9499675,1.019307,0.3129387,332.0906,286.0801,18.53931,RightController
5/2/2017 11:13:48 AM:52,-0.9439658,1.01969,0.3104389,332.0569,283.9296,19.77934,RightController
5/2/2017 11:13:48 AM:96,-0.9373317,1.015256,0.3087327,333.2386,282.4153,21.00298,RightController
5/2/2017 11:13:48 AM:141,-0.9303341,1.004968,0.3085032,335.3635,281.2667,22.41441,RightController
5/2/2017 11:13:48 AM:186,-0.9224755,0.9909759,0.3093848,337.9138,280.8794,23.64013,RightController
5/2/2017 11:13:48 AM:230,-0.9153316,0.9771365,0.3117766,340.3898,280.7175,25.22786,RightController
5/2/2017 11:13:48 AM:275,-0.9069668,0.9629589,0.3126798,342.6907,279.7636,27.07547,RightController
5/2/2017 11:13:48 AM:342,-0.8893542,0.9362577,0.3162782,346.8794,279.6251,30.12118,RightController
5/2/2017 11:13:48 AM:409,-0.8755075,0.9117523,0.3154502,350.6837,277.0995,34.17048,RightController
5/2/2017 11:13:48 AM:457,-0.8624612,0.8930514,0.3147585,353.1704,275.3113,36.82895,RightController
5/2/2017 11:13:48 AM:498,-0.847389,0.8726485,0.3140531,356.8057,273.1647,39.62875,RightController
5/2/2017 11:13:48 AM:543,-0.828601,0.8513211,0.3124919,0.6642184,270.4192,42.58634,RightController
5/2/2017 11:13:48 AM:599,-0.7991592,0.8221033,0.308959,7.084217,265.3033,46.46424,RightController
5/2/2017 11:13:48 AM:643,-0.7711861,0.7988551,0.3077433,13.66165,261.7369,48.41624,RightController
5/2/2017 11:13:48 AM:688,-0.7421536,0.7796113,0.3071158,19.96378,259.2701,49.36039,RightController
5/2/2017 11:13:48 AM:732,-0.7153682,0.7674108,0.3068638,25.17922,258.3968,49.07658,RightController
5/2/2017 11:13:48 AM:781,-0.6949779,0.7588282,0.3050642,28.7352,258.8475,48.62184,RightController
5/2/2017 11:13:48 AM:822,-0.6817415,0.7536666,0.3009877,30.69709,259.6624,48.02449,RightController
5/2/2017 11:13:48 AM:867,-0.6776502,0.7517214,0.2945647,30.81536,260.264,47.68379,RightController
5/2/2017 11:13:48 AM:923,-0.6790248,0.7523812,0.2834146,30.33001,260.5343,47.15875,RightController
5/2/2017 11:13:48 AM:990,-0.6889654,0.7521882,0.2623703,28.98928,258.9364,45.99831,RightController
5/2/2017 11:13:49 AM:57,-0.7027324,0.7536668,0.2436156,27.19757,256.8276,45.25765,RightController
5/2/2017 11:13:49 AM:111,-0.7188207,0.7576606,0.2248356,24.95808,255.206,44.457,RightController
5/2/2017 11:13:49 AM:178,-0.7422012,0.7638317,0.1960592,21.00692,253.981,43.08403,RightController
5/2/2017 11:13:49 AM:234,-0.752782,0.7674211,0.1800601,19.11302,253.0923,42.32006,RightController
5/2/2017 11:13:49 AM:279,-0.7600762,0.7716669,0.1681898,17.73828,252.1239,41.93559,RightController
5/2/2017 11:13:49 AM:323,-0.7649187,0.7727054,0.1559227,17.11824,251.3341,41.6505,RightController
5/2/2017 11:13:49 AM:368,-0.7656786,0.7758082,0.1490011,17.04445,250.3051,41.21812,RightController
5/2/2017 11:13:49 AM:414,-0.7648329,0.7767928,0.1408973,16.91909,248.9296,40.95911,RightController
5/2/2017 11:13:49 AM:457,-0.7613595,0.7785486,0.1366394,17.18801,246.9814,40.69557,RightController
5/2/2017 11:13:49 AM:502,-0.7553412,0.7822562,0.1379092,17.56903,244.9796,40.80104,RightController
5/2/2017 11:13:49 AM:547,-0.7504717,0.7819536,0.1395528,18.14,244.3429,40.98217,RightController
5/2/2017 11:13:49 AM:591,-0.7462472,0.7806504,0.1443982,18.8932,245.0137,41.03425,RightController
5/2/2017 11:13:49 AM:645,-0.7417325,0.7790266,0.1513224,19.7937,246.1677,41.19889,RightController
5/2/2017 11:13:49 AM:681,-0.7363292,0.7783724,0.1589067,20.91237,247.2556,41.43019,RightController
5/2/2017 11:13:49 AM:717,-0.7323617,0.7774893,0.1636229,21.69412,247.7974,41.71148,RightController
5/2/2017 11:13:49 AM:781,-0.7243984,0.777018,0.1731451,22.98148,248.3609,42.31493,RightController
5/2/2017 11:13:49 AM:848,-0.7183071,0.7778071,0.1818593,23.61131,248.7244,42.40935,RightController
5/2/2017 11:13:49 AM:904,-0.7172953,0.7799947,0.1868844,23.61225,249.0385,42.43288,RightController
5/2/2017 11:13:49 AM:960,-0.717081,0.7824713,0.1933026,23.40846,249.5981,42.69141,RightController
5/2/2017 11:13:50 AM:27,-0.7205098,0.7873869,0.2038522,22.70271,250.3283,43.66423,RightController
5/2/2017 11:13:50 AM:82,-0.7232248,0.7883493,0.2110648,22.88423,250.157,43.55651,RightController
5/2/2017 11:13:50 AM:127,-0.7246022,0.787787,0.2163401,23.61954,248.5346,43.38287,RightController
5/2/2017 11:13:50 AM:172,-0.7274872,0.7898554,0.2230718,23.64459,247.3129,43.70711,RightController
5/2/2017 11:13:50 AM:217,-0.7326733,0.7934338,0.2302687,23.10243,247.1257,43.98603,RightController
5/2/2017 11:13:50 AM:262,-0.7390103,0.7983527,0.2387846,22.45171,247.5995,44.24158,RightController
5/2/2017 11:13:50 AM:306,-0.7451994,0.8038697,0.2486548,21.67148,248.1336,44.62103,RightController
5/2/2017 11:13:50 AM:351,-0.7519804,0.8077801,0.2579789,20.59128,248.878,44.90027,RightController
5/2/2017 11:13:50 AM:407,-0.7580068,0.8135477,0.2697785,18.89561,250.0136,45.21974,RightController
5/2/2017 11:13:50 AM:474,-0.7571467,0.8204688,0.2875409,17.65264,249.8953,44.77296,RightController
5/2/2017 11:13:50 AM:530,-0.7506016,0.8195951,0.2989709,18.5033,248.1275,44.76807,RightController
5/2/2017 11:13:50 AM:582,-0.7433867,0.8158914,0.3132222,19.7893,247.1524,45.27368,RightController
5/2/2017 11:13:50 AM:621,-0.7360377,0.8098543,0.3294764,21.4199,247.7307,45.76485,RightController
5/2/2017 11:13:50 AM:675,-0.7279871,0.8022884,0.3511584,23.54594,250.6387,46.27439,RightController
5/2/2017 11:13:50 AM:724,-0.7220833,0.7972401,0.3643959,24.9278,253.1472,46.523,RightController
5/2/2017 11:13:50 AM:775,-0.7148405,0.7960637,0.3755054,25.93953,254.0123,46.37531,RightController
5/2/2017 11:13:50 AM:843,-0.7100074,0.7982433,0.383106,24.94458,252.8751,45.51125,RightController
5/2/2017 11:13:50 AM:909,-0.7082188,0.8001611,0.3906789,23.65551,252.8336,45.04064,RightController
5/2/2017 11:13:50 AM:977,-0.7048466,0.7997133,0.400625,24.06648,253.3505,44.85581,RightController
5/2/2017 11:13:51 AM:36,-0.7017443,0.7972053,0.4100966,24.85981,253.0315,44.95274,RightController
5/2/2017 11:13:51 AM:123,-0.7003382,0.794906,0.4247692,25.6441,252.9734,45.49979,RightController
5/2/2017 11:13:51 AM:167,-0.7006718,0.795782,0.4289367,25.67892,253.187,45.68433,RightController
5/2/2017 11:13:51 AM:223,-0.7018374,0.7973995,0.4339209,25.64075,253.0795,45.84196,RightController
5/2/2017 11:13:51 AM:272,-0.7029283,0.7976462,0.4348488,25.46562,252.7264,45.84369,RightController
5/2/2017 11:13:51 AM:346,-0.7044771,0.7937781,0.4339406,25.46361,251.8061,45.73848,RightController
5/2/2017 11:13:51 AM:402,-0.7052712,0.7900786,0.4308534,25.98049,251.5019,45.59601,RightController
5/2/2017 11:13:51 AM:447,-0.7067742,0.7890861,0.4277332,26.00085,251.4874,45.40182,RightController
5/2/2017 11:13:51 AM:514,-0.7126371,0.788586,0.4167502,25.23267,251.33,44.66653,RightController
5/2/2017 11:13:51 AM:570,-0.7166628,0.788313,0.4095376,24.42741,251.2257,44.28922,RightController
5/2/2017 11:13:51 AM:614,-0.7205234,0.7886074,0.4035561,23.96733,250.9025,43.985,RightController
5/2/2017 11:13:51 AM:670,-0.7266874,0.786751,0.3944261,23.2475,251.3563,43.76323,RightController
5/2/2017 11:13:51 AM:826,-0.7396756,0.7870113,0.3654811,21.12624,251.9406,42.79515,RightController
5/2/2017 11:13:51 AM:893,-0.7401352,0.7875395,0.3565073,20.71601,252.2742,42.31264,RightController
5/2/2017 11:13:51 AM:938,-0.7387173,0.7878653,0.350261,20.62748,252.2579,41.91916,RightController
5/2/2017 11:13:52 AM:16,-0.7333018,0.7846869,0.3382392,21.01861,252.1844,41.40329,RightController
5/2/2017 11:13:52 AM:83,-0.7288896,0.7830045,0.3338511,21.5047,252.8641,41.28261,RightController
5/2/2017 11:13:52 AM:150,-0.7259082,0.7824329,0.330864,21.85559,253.1759,41.30546,RightController
5/2/2017 11:13:52 AM:251,-0.721463,0.7812909,0.3253551,22.4325,253.208,41.52721,RightController
5/2/2017 11:13:52 AM:318,-0.7212616,0.7823979,0.3245664,22.55269,253.1593,41.62226,RightController
5/2/2017 11:13:52 AM:367,-0.7225229,0.7830976,0.3231595,22.40918,253.1606,41.81457,RightController
5/2/2017 11:13:52 AM:430,-0.7243747,0.7842848,0.3213577,22.07443,253.301,41.99464,RightController
5/2/2017 11:13:52 AM:497,-0.7247248,0.7868179,0.3207326,21.92502,253.2804,42.13628,RightController
5/2/2017 11:13:52 AM:541,-0.7247478,0.7879668,0.3197296,21.89417,253.3265,42.09814,RightController
5/2/2017 11:13:52 AM:591,-0.7249217,0.7892512,0.3195171,21.75298,253.3237,42.15279,RightController
5/2/2017 11:13:52 AM:664,-0.7242386,0.7913477,0.3194625,21.73245,253.2521,42.22729,RightController
5/2/2017 11:13:52 AM:719,-0.7238063,0.7931453,0.3211389,21.69413,253.483,42.3382,RightController
5/2/2017 11:13:52 AM:787,-0.7228404,0.7938541,0.3236144,21.71585,253.8216,42.55191,RightController
5/2/2017 11:13:52 AM:843,-0.7215952,0.7949002,0.3264627,21.89353,254.0822,42.68383,RightController
5/2/2017 11:13:52 AM:902,-0.7200167,0.7942972,0.3279839,22.05589,254.2036,42.83327,RightController
5/2/2017 11:13:52 AM:976,-0.7170609,0.7940836,0.3309519,22.56216,254.1744,42.83922,RightController
5/2/2017 11:13:53 AM:32,-0.7159024,0.7926714,0.3315415,22.89164,254.0269,42.86713,RightController
5/2/2017 11:13:53 AM:88,-0.7156512,0.7923267,0.3314605,23.04759,253.964,42.79744,RightController
5/2/2017 11:13:53 AM:167,-0.717409,0.7916422,0.3298426,23.03155,253.5146,42.60212,RightController
5/2/2017 11:13:53 AM:222,-0.7191819,0.7921574,0.3293433,22.96264,253.3341,42.59344,RightController
5/2/2017 11:13:53 AM:267,-0.7213571,0.7921247,0.3287575,22.87404,253.0746,42.53863,RightController
5/2/2017 11:13:53 AM:312,-0.7235247,0.7928025,0.3285313,22.74152,252.8951,42.54643,RightController
5/2/2017 11:13:53 AM:361,-0.7258717,0.7928036,0.3277283,22.55391,252.829,42.55315,RightController
5/2/2017 11:13:53 AM:424,-0.7291452,0.7930003,0.3274827,22.34151,252.8262,42.59238,RightController
5/2/2017 11:13:53 AM:491,-0.7307738,0.7929348,0.3282416,22.37773,252.7005,42.56143,RightController
5/2/2017 11:13:53 AM:546,-0.7307923,0.7935603,0.3292961,22.37545,252.6684,42.52142,RightController
5/2/2017 11:13:53 AM:592,-0.731382,0.7928383,0.3290646,22.4445,252.6051,42.53893,RightController
5/2/2017 11:13:53 AM:647,-0.7313216,0.7930497,0.3297153,22.5793,252.5791,42.53056,RightController
5/2/2017 11:13:53 AM:702,-0.731301,0.7927996,0.3301976,22.62892,252.5034,42.58944,RightController
5/2/2017 11:13:53 AM:770,-0.7311385,0.7925663,0.3320019,22.80632,252.4746,42.73554,RightController
5/2/2017 11:13:53 AM:837,-0.7315289,0.7927642,0.3333635,22.93956,252.249,42.84627,RightController
5/2/2017 11:13:53 AM:915,-0.7328411,0.7933496,0.3349483,22.96294,252.2474,43.04921,RightController
5/2/2017 11:13:53 AM:970,-0.7333419,0.7945856,0.3358901,22.88654,252.1651,43.09546,RightController
5/2/2017 11:13:54 AM:38,-0.7343682,0.7943317,0.3346033,22.76104,251.9867,43.14932,RightController
5/2/2017 11:13:54 AM:116,-0.7352116,0.795146,0.3333585,22.65799,251.7415,43.10678,RightController
5/2/2017 11:13:54 AM:176,-0.7349825,0.7960483,0.3335814,22.60134,251.705,43.10147,RightController
5/2/2017 11:13:54 AM:250,-0.7344916,0.7955548,0.3325884,22.5686,251.8286,43.10058,RightController
5/2/2017 11:13:54 AM:317,-0.7335497,0.7957885,0.3327141,22.63009,251.8567,43.1032,RightController
5/2/2017 11:13:54 AM:398,-0.7317729,0.7951069,0.333086,22.83411,251.8887,43.13445,RightController
5/2/2017 11:13:54 AM:485,-0.7302451,0.7940588,0.3328161,23.00256,252.1028,43.15298,RightController
5/2/2017 11:13:54 AM:553,-0.7293029,0.7941288,0.332726,23.03275,252.1865,43.12502,RightController
5/2/2017 11:13:54 AM:608,-0.7285709,0.7944616,0.3326066,23.00307,252.2098,43.09667,RightController
5/2/2017 11:13:54 AM:667,-0.7281879,0.7939787,0.3315837,23.02006,252.2963,42.97661,RightController
5/2/2017 11:13:54 AM:720,-0.7278198,0.7938528,0.330976,22.9775,252.0996,42.96328,RightController
5/2/2017 11:13:54 AM:780,-0.7274889,0.7940743,0.3314915,23.00361,252.1389,42.96257,RightController
5/2/2017 11:13:54 AM:854,-0.7273703,0.7931494,0.3305786,22.96251,251.9998,42.82187,RightController
5/2/2017 11:13:54 AM:910,-0.7268403,0.7935537,0.3310409,23.05604,252.1024,42.41315,RightController
5/2/2017 11:13:54 AM:966,-0.7263544,0.7928095,0.3301127,23.27292,252.2094,41.73842,RightController
5/2/2017 11:13:55 AM:33,-0.7249312,0.7931379,0.3297498,23.7416,251.957,40.89573,RightController
5/2/2017 11:13:55 AM:89,-0.7245507,0.7926946,0.3284376,23.76095,251.7494,40.90311,RightController
5/2/2017 11:13:55 AM:133,-0.7238014,0.7936906,0.3292708,23.99611,251.8883,39.97411,RightController
5/2/2017 11:13:55 AM:177,-0.7238544,0.7936507,0.328351,23.72054,251.72,40.13508,RightController
5/2/2017 11:13:55 AM:255,-0.7233419,0.794022,0.3269272,23.47835,250.8347,40.42503,RightController
5/2/2017 11:13:55 AM:334,-0.721077,0.7937651,0.3281014,23.78293,250.6541,40.72981,RightController
5/2/2017 11:13:55 AM:435,-0.7200401,0.7944372,0.3317118,23.98389,252.5791,40.18284,RightController
5/2/2017 11:13:55 AM:524,-0.7178882,0.79433,0.3333569,24.77934,252.9127,39.64179,RightController
5/2/2017 11:13:55 AM:591,-0.7165176,0.7953027,0.3326735,23.96831,251.7917,39.30618,RightController
5/2/2017 11:13:55 AM:662,-0.7158129,0.7956536,0.3332119,24.46658,251.0418,38.78733,RightController
5/2/2017 11:13:55 AM:728,-0.7169901,0.7971271,0.334645,24.0743,250.5515,38.92495,RightController
5/2/2017 11:13:55 AM:825,-0.7178591,0.7975302,0.3349543,24.15897,250.722,38.62238,RightController
5/2/2017 11:13:55 AM:904,-0.7176124,0.7984604,0.3351922,24.04245,250.4765,38.53965,RightController
5/2/2017 11:13:55 AM:973,-0.7176032,0.7982898,0.3338623,23.68052,250.5799,38.56997,RightController
5/2/2017 11:13:56 AM:49,-0.7164235,0.799282,0.3338761,23.59614,250.6071,38.31135,RightController
5/2/2017 11:13:56 AM:138,-0.7148117,0.8000546,0.333668,23.39554,250.1028,37.94154,RightController
5/2/2017 11:13:56 AM:228,-0.7152215,0.8002806,0.3340731,23.46399,250.2604,37.84364,RightController
5/2/2017 11:13:56 AM:306,-0.7161254,0.8015238,0.335587,23.3725,250.1567,38.06059,RightController
5/2/2017 11:13:56 AM:385,-0.7186614,0.8027914,0.3355386,22.8897,250.3799,37.87786,RightController
5/2/2017 11:13:56 AM:465,-0.7196339,0.8038195,0.3353882,22.57674,250.2454,37.76005,RightController
5/2/2017 11:13:56 AM:556,-0.7201149,0.8047173,0.3351676,22.39175,249.8749,37.26184,RightController
5/2/2017 11:13:56 AM:652,-0.7208755,0.8062882,0.3349373,21.93316,249.6798,36.94255,RightController
5/2/2017 11:13:56 AM:708,-0.7215202,0.8067781,0.3347576,21.69992,249.666,36.82224,RightController
5/2/2017 11:13:56 AM:758,-0.7218592,0.8071321,0.3342321,21.67115,249.5625,36.77454,RightController
5/2/2017 11:13:56 AM:802,-0.7218056,0.8070796,0.3340654,21.78542,249.2804,36.93931,RightController
5/2/2017 11:13:56 AM:876,-0.7229341,0.8074723,0.3344471,21.83621,249.6708,36.98174,RightController
5/2/2017 11:13:56 AM:931,-0.7228469,0.8075746,0.334163,21.88954,249.3843,36.97803,RightController
5/2/2017 11:13:56 AM:976,-0.7232246,0.8080375,0.3352218,21.85937,249.7419,36.87201,RightController
5/2/2017 11:13:57 AM:20,-0.7237327,0.8081043,0.3358159,21.92186,250.1131,37.11765,RightController
5/2/2017 11:13:57 AM:69,-0.7236812,0.8081,0.3359966,21.92208,250.1124,37.24232,RightController
5/2/2017 11:13:57 AM:133,-0.7234068,0.8077012,0.3372264,22.27077,250.4825,37.20842,RightController
5/2/2017 11:13:57 AM:200,-0.7219676,0.8070186,0.3384926,22.7826,250.46,37.5038,RightController
5/2/2017 11:13:57 AM:334,-0.7168061,0.8036019,0.3416102,25.12034,250.4647,38.35804,RightController
5/2/2017 11:13:57 AM:489,-0.7151104,0.8032618,0.3419878,25.63492,249.9362,38.24647,RightController
5/2/2017 11:13:57 AM:545,-0.71605,0.8034048,0.3415661,25.48448,249.9883,38.18304,RightController
5/2/2017 11:13:57 AM:590,-0.7167598,0.8033283,0.3410647,25.41266,249.8739,38.2919,RightController
5/2/2017 11:13:57 AM:634,-0.7175902,0.803403,0.3405733,25.37007,249.8205,38.25174,RightController
5/2/2017 11:13:57 AM:690,-0.7187479,0.8037354,0.3400285,25.23982,249.7438,38.22943,RightController
5/2/2017 11:13:57 AM:758,-0.7193412,0.803743,0.3394794,25.16745,249.6364,38.31516,RightController
5/2/2017 11:13:57 AM:813,-0.7195047,0.8033706,0.3388071,25.17271,249.5999,38.22248,RightController
5/2/2017 11:13:57 AM:861,-0.7186836,0.8032594,0.3388724,25.22457,249.5913,38.14379,RightController
5/2/2017 11:13:57 AM:940,-0.7172002,0.802199,0.3386898,25.43368,249.5625,38.09518,RightController
5/2/2017 11:13:58 AM:2,-0.7163132,0.8015555,0.3388247,25.55649,249.6384,38.05534,RightController
5/2/2017 11:13:58 AM:69,-0.7154514,0.8010033,0.3386958,25.63483,249.7181,37.98133,RightController
5/2/2017 11:13:58 AM:141,-0.7151842,0.8006498,0.3381026,25.67199,249.8219,37.97475,RightController
5/2/2017 11:13:58 AM:215,-0.7150557,0.800352,0.338007,25.69573,249.9678,38.00271,RightController
5/2/2017 11:13:58 AM:304,-0.7153704,0.8000433,0.3375525,25.68174,249.8624,37.91956,RightController
5/2/2017 11:13:58 AM:360,-0.7154973,0.7999409,0.3376958,25.72451,249.989,37.99251,RightController
5/2/2017 11:13:58 AM:438,-0.7160379,0.800167,0.3379745,25.61929,250.0003,37.98292,RightController
5/2/2017 11:13:58 AM:494,-0.7159845,0.7998763,0.337785,25.6948,250.065,38.02245,RightController
5/2/2017 11:13:58 AM:553,-0.7161775,0.7998226,0.3379011,25.7109,249.9919,37.96585,RightController
5/2/2017 11:13:58 AM:628,-0.7163433,0.7994219,0.3378606,25.73905,250.0556,37.97709,RightController
5/2/2017 11:13:58 AM:684,-0.716208,0.7995712,0.3377504,25.71264,250.0565,37.93776,RightController
5/2/2017 11:13:58 AM:740,-0.7163033,0.7995071,0.337357,25.69823,250.1251,37.91893,RightController
5/2/2017 11:13:58 AM:807,-0.7162298,0.7993336,0.3375204,25.76948,250.1537,37.89017,RightController
5/2/2017 11:13:58 AM:862,-0.7159593,0.7992513,0.3378112,25.76014,250.23,37.88125,RightController
5/2/2017 11:13:58 AM:907,-0.7157813,0.7993295,0.3380382,25.79498,250.2904,37.89538,RightController
5/2/2017 11:13:58 AM:963,-0.7157475,0.7992939,0.3378956,25.81159,250.3315,37.87722,RightController
5/2/2017 11:13:59 AM:31,-0.7155861,0.7995198,0.3380375,25.81863,250.4658,37.96699,RightController
5/2/2017 11:13:59 AM:97,-0.7154564,0.7996386,0.3385644,25.80923,250.4666,37.92166,RightController
5/2/2017 11:13:59 AM:142,-0.7150337,0.7997882,0.3388133,25.86328,250.6573,37.99306,RightController
5/2/2017 11:13:59 AM:186,-0.7143723,0.7999802,0.3391557,25.86496,250.5829,37.91292,RightController
5/2/2017 11:13:59 AM:238,-0.713883,0.7999232,0.3393867,25.90897,250.5683,37.99377,RightController
5/2/2017 11:13:59 AM:287,-0.7132592,0.8000852,0.3402872,26.00756,250.7852,38.09526,RightController
5/2/2017 11:13:59 AM:355,-0.7122905,0.800265,0.3406465,25.99481,250.7144,38.10255,RightController
5/2/2017 11:13:59 AM:410,-0.7116421,0.8005871,0.340683,26.06669,250.8513,38.15586,RightController
5/2/2017 11:13:59 AM:454,-0.7112296,0.800952,0.3405209,26.02011,250.7754,38.12598,RightController
5/2/2017 11:13:59 AM:499,-0.7108498,0.8014256,0.3409975,25.966,250.8058,38.10614,RightController
5/2/2017 11:13:59 AM:532,-0.7104784,0.8016211,0.3415279,25.97773,250.9006,38.14751,RightController
5/2/2017 11:13:59 AM:588,-0.7103455,0.8017881,0.3412333,25.96815,250.8712,38.15668,RightController
5/2/2017 11:13:59 AM:633,-0.7096919,0.8024461,0.3414152,25.91706,250.8481,38.17108,RightController
5/2/2017 11:13:59 AM:700,-0.7091179,0.8031129,0.3421092,25.92978,250.879,38.24554,RightController
5/2/2017 11:13:59 AM:745,-0.7090391,0.8033888,0.3422785,25.90666,250.8687,38.29363,RightController
5/2/2017 11:13:59 AM:790,-0.7090716,0.8037034,0.3429422,25.8831,251.0059,38.42208,RightController
5/2/2017 11:13:59 AM:823,-0.7093172,0.8039236,0.3430288,25.84494,251.1205,38.53135,RightController
5/2/2017 11:13:59 AM:869,-0.7090567,0.8043712,0.3431382,25.77618,251.1936,38.57892,RightController
5/2/2017 11:13:59 AM:901,-0.7088335,0.8044428,0.343008,25.72028,251.2628,38.61005,RightController
5/2/2017 11:13:59 AM:946,-0.7083127,0.8047274,0.3431513,25.74032,251.3454,38.61959,RightController
5/2/2017 11:13:59 AM:991,-0.7074178,0.8047903,0.3430772,25.74057,251.2735,38.53884,RightController
5/2/2017 11:14:00 AM:47,-0.7060881,0.8047891,0.3426545,25.91568,251.3953,38.56102,RightController
5/2/2017 11:14:00 AM:136,-0.704057,0.8049186,0.3428612,25.94617,251.5119,38.60341,RightController
5/2/2017 11:14:00 AM:192,-0.7034427,0.8046869,0.343549,26.09759,251.7278,38.63509,RightController
5/2/2017 11:14:00 AM:237,-0.7032893,0.8045666,0.3434389,26.05711,251.8486,38.63382,RightController
5/2/2017 11:14:00 AM:305,-0.7027177,0.8041065,0.3439062,26.09521,252.2283,38.68227,RightController
5/2/2017 11:14:00 AM:372,-0.7021363,0.8035277,0.342875,26.07909,252.4268,38.48154,RightController
5/2/2017 11:14:00 AM:428,-0.7014765,0.8030275,0.3427069,26.06537,252.7294,38.43616,RightController
5/2/2017 11:14:00 AM:472,-0.7008916,0.8025765,0.3424163,26.06684,253.0078,38.32545,RightController
5/2/2017 11:14:00 AM:516,-0.7000442,0.8021064,0.3419716,26.05894,253.1746,38.19468,RightController
5/2/2017 11:14:00 AM:561,-0.6986552,0.8013744,0.3422139,26.14764,253.3271,38.09863,RightController
5/2/2017 11:14:00 AM:594,-0.6980538,0.8007876,0.3422539,26.22532,253.4585,38.0317,RightController
5/2/2017 11:14:00 AM:650,-0.6969897,0.800204,0.342998,26.34259,253.74,37.92772,RightController
5/2/2017 11:14:00 AM:717,-0.6962757,0.7993963,0.3434484,26.45042,254.0784,37.89416,RightController
5/2/2017 11:14:00 AM:784,-0.6960685,0.7990377,0.344234,26.48067,254.2533,37.83797,RightController
5/2/2017 11:14:00 AM:829,-0.6961673,0.7988802,0.3440423,26.49125,254.2847,37.77478,RightController
5/2/2017 11:14:00 AM:873,-0.6963787,0.7989377,0.3445013,26.53129,254.3354,37.74348,RightController
5/2/2017 11:14:00 AM:918,-0.6967117,0.7988141,0.3445439,26.58843,254.4666,37.70057,RightController
5/2/2017 11:14:00 AM:963,-0.6965247,0.7987337,0.3443956,26.59659,254.3044,37.60087,RightController
5/2/2017 11:14:01 AM:8,-0.6968181,0.7985662,0.3447499,26.66771,254.2966,37.56184,RightController
5/2/2017 11:14:01 AM:52,-0.6971345,0.7982351,0.3450899,26.74366,254.2732,37.56924,RightController
5/2/2017 11:14:01 AM:97,-0.6976737,0.7980158,0.3446617,26.74157,254.1837,37.47332,RightController
5/2/2017 11:14:01 AM:197,-0.6987764,0.7975718,0.3447516,26.81491,253.9972,37.42627,RightController
5/2/2017 11:14:01 AM:253,-0.6994878,0.7976934,0.3447242,26.79313,253.7964,37.42765,RightController
5/2/2017 11:14:01 AM:332,-0.7012658,0.7978709,0.3453863,26.7121,253.8577,37.53321,RightController
5/2/2017 11:14:01 AM:376,-0.702521,0.7984632,0.3462749,26.57127,253.9375,37.60357,RightController
5/2/2017 11:14:01 AM:421,-0.7045733,0.7989382,0.346344,26.38528,253.9911,37.6964,RightController
5/2/2017 11:14:01 AM:476,-0.7062256,0.7996893,0.3466308,26.14698,254.041,37.76937,RightController
5/2/2017 11:14:01 AM:543,-0.7078469,0.800139,0.3473892,25.89744,254.0378,37.85034,RightController
5/2/2017 11:14:01 AM:611,-0.7074469,0.80018,0.3475318,25.81146,254.0346,37.8361,RightController
5/2/2017 11:14:01 AM:666,-0.7067665,0.7998242,0.3473988,25.81235,253.9691,37.77377,RightController
5/2/2017 11:14:01 AM:734,-0.7057264,0.7997259,0.34655,25.79999,253.8519,37.6184,RightController
5/2/2017 11:14:01 AM:782,-0.704964,0.7997429,0.3466718,25.79577,253.9789,37.61699,RightController
5/2/2017 11:14:01 AM:834,-0.7036086,0.799356,0.3464425,25.79008,253.8143,37.46839,RightController
5/2/2017 11:14:01 AM:890,-0.7025472,0.7986306,0.3460515,25.85044,253.9344,37.49245,RightController
5/2/2017 11:14:01 AM:935,-0.7016319,0.7985672,0.3461473,25.86925,253.9568,37.45904,RightController
5/2/2017 11:14:01 AM:990,-0.7005849,0.7987303,0.3451195,25.83149,253.7265,37.35804,RightController
5/2/2017 11:14:02 AM:58,-0.6995615,0.7985278,0.3443773,25.88894,253.5992,37.3062,RightController
5/2/2017 11:14:02 AM:113,-0.6994661,0.7987053,0.3446,25.86172,253.4537,37.27192,RightController
5/2/2017 11:14:02 AM:158,-0.6992371,0.7986876,0.3446531,25.86219,253.4973,37.30557,RightController
5/2/2017 11:14:02 AM:214,-0.6989849,0.7989892,0.3442569,25.87342,253.2255,37.29129,RightController
5/2/2017 11:14:02 AM:270,-0.6985132,0.7991146,0.3442268,25.86354,253.1003,37.31094,RightController
5/2/2017 11:14:02 AM:337,-0.698608,0.7992309,0.3443761,25.84255,253.0516,37.31945,RightController
5/2/2017 11:14:02 AM:393,-0.6985805,0.7991976,0.3444116,25.84577,253.0595,37.34987,RightController
5/2/2017 11:14:02 AM:460,-0.698568,0.799343,0.3445168,25.84831,253.0068,37.36565,RightController
5/2/2017 11:14:02 AM:527,-0.6986814,0.7997121,0.3446054,25.87083,253.0105,37.42511,RightController
5/2/2017 11:14:02 AM:583,-0.698491,0.799701,0.345341,25.87001,252.9294,37.37889,RightController
5/2/2017 11:14:02 AM:628,-0.6987609,0.799665,0.3453159,25.97767,253.0144,37.505,RightController
5/2/2017 11:14:02 AM:675,-0.6989508,0.8006016,0.3448336,25.98585,252.7206,37.36855,RightController
5/2/2017 11:14:02 AM:751,-0.7007211,0.8016185,0.3468566,25.8534,252.9895,37.67188,RightController
5/2/2017 11:14:02 AM:840,-0.7020547,0.8018088,0.3476591,25.79523,253.2199,37.83465,RightController
5/2/2017 11:14:02 AM:897,-0.7024666,0.8020772,0.3477783,25.75379,253.3586,37.87862,RightController
5/2/2017 11:14:02 AM:941,-0.7021861,0.8021212,0.3476617,25.80672,253.2919,37.8177,RightController
5/2/2017 11:14:03 AM:8,-0.7018698,0.802124,0.3477247,25.85784,253.3204,37.78078,RightController
5/2/2017 11:14:03 AM:63,-0.7013956,0.8019345,0.3477361,25.93496,253.354,37.82977,RightController
5/2/2017 11:14:03 AM:108,-0.7015054,0.8021698,0.3480713,25.97061,253.3192,37.83066,RightController
5/2/2017 11:14:03 AM:186,-0.7020974,0.8028709,0.3485696,25.92527,253.4206,37.97552,RightController
5/2/2017 11:14:03 AM:242,-0.7027622,0.8031849,0.3491678,25.83239,253.4087,38.06853,RightController
5/2/2017 11:14:03 AM:331,-0.7043586,0.8038429,0.349606,25.56799,253.5296,38.23347,RightController
5/2/2017 11:14:03 AM:387,-0.7047516,0.8040849,0.3492522,25.5027,253.4782,38.26123,RightController
5/2/2017 11:14:03 AM:443,-0.7048448,0.8040133,0.3489792,25.44026,253.4956,38.33443,RightController
5/2/2017 11:14:03 AM:510,-0.7041526,0.8040282,0.348413,25.34954,253.3881,38.21433,RightController
5/2/2017 11:14:03 AM:566,-0.7032516,0.8034208,0.3478608,25.45337,253.3479,38.25056,RightController
5/2/2017 11:14:03 AM:628,-0.7022108,0.803231,0.3478322,25.5504,253.3432,38.28353,RightController
5/2/2017 11:14:03 AM:689,-0.7012461,0.8029629,0.3468149,25.55661,253.1169,38.24077,RightController
5/2/2017 11:14:03 AM:756,-0.7007455,0.8027569,0.3465195,25.60959,253.0305,38.20018,RightController
5/2/2017 11:14:03 AM:812,-0.7001611,0.8028888,0.3455791,25.52087,252.8652,38.14394,RightController
5/2/2017 11:14:03 AM:879,-0.6998475,0.8024507,0.3448148,25.53182,252.8862,38.09724,RightController
5/2/2017 11:14:03 AM:946,-0.6984344,0.8023024,0.3441756,25.5675,252.7057,37.9612,RightController
5/2/2017 11:14:04 AM:13,-0.6968639,0.8017697,0.3443503,25.72043,252.6741,37.94962,RightController
5/2/2017 11:14:04 AM:91,-0.6962155,0.8014961,0.3443317,25.78308,252.7044,37.91739,RightController
5/2/2017 11:14:04 AM:158,-0.6959743,0.8013744,0.3448858,25.76238,252.8656,37.9388,RightController
5/2/2017 11:14:04 AM:225,-0.6957351,0.8012528,0.3449695,25.62629,252.997,37.9071,RightController
5/2/2017 11:14:04 AM:315,-0.6947802,0.800683,0.3438926,25.71497,252.9391,37.76289,RightController
5/2/2017 11:14:04 AM:393,-0.6946703,0.8005511,0.3433201,25.73514,253.0064,37.77204,RightController
5/2/2017 11:14:04 AM:460,-0.6953243,0.8004682,0.3429632,25.63869,252.9933,37.72417,RightController
5/2/2017 11:14:04 AM:549,-0.6958423,0.8003225,0.343365,25.63789,253.1115,37.75538,RightController
5/2/2017 11:14:04 AM:605,-0.6960727,0.8000894,0.3427503,25.63658,253.0283,37.70527,RightController
5/2/2017 11:14:04 AM:661,-0.6959642,0.7999516,0.3426979,25.68442,253.0325,37.67648,RightController
5/2/2017 11:14:04 AM:705,-0.6958725,0.7997826,0.3422084,25.71531,252.888,37.61071,RightController
5/2/2017 11:14:04 AM:749,-0.6960334,0.7997223,0.3423223,25.7315,252.8169,37.57677,RightController
5/2/2017 11:14:04 AM:799,-0.6968648,0.7994291,0.341866,25.7533,252.8122,37.58518,RightController
5/2/2017 11:14:04 AM:866,-0.6976823,0.7994506,0.3422611,25.73107,252.8365,37.61273,RightController
5/2/2017 11:14:04 AM:929,-0.6983334,0.7994796,0.342175,25.73491,252.8201,37.60497,RightController
5/2/2017 11:14:04 AM:985,-0.698549,0.7995881,0.3423712,25.7672,252.7645,37.55825,RightController
5/2/2017 11:14:05 AM:48,-0.6991425,0.7995631,0.3421135,25.77763,252.7998,37.5624,RightController
5/2/2017 11:14:05 AM:85,-0.6992131,0.7995569,0.3424385,25.79571,252.8583,37.55159,RightController
5/2/2017 11:14:05 AM:152,-0.6996028,0.7995441,0.3424439,25.82667,252.8365,37.48006,RightController
5/2/2017 11:14:05 AM:208,-0.6998187,0.7995583,0.3431144,25.87533,252.97,37.52404,RightController
5/2/2017 11:14:05 AM:264,-0.6998355,0.799475,0.342927,25.82569,252.933,37.43704,RightController
5/2/2017 11:14:05 AM:320,-0.6998571,0.7995481,0.3430235,25.87112,253.037,37.45152,RightController
5/2/2017 11:14:05 AM:376,-0.6999887,0.7996981,0.3427911,25.8646,252.9267,37.38505,RightController
5/2/2017 11:14:05 AM:442,-0.700097,0.7999134,0.3435228,25.85764,253.0482,37.41175,RightController
5/2/2017 11:14:05 AM:499,-0.7000628,0.8001423,0.343791,25.84714,253.0564,37.37457,RightController
5/2/2017 11:14:05 AM:542,-0.700035,0.8002452,0.3439364,25.8688,253.0711,37.38338,RightController
5/2/2017 11:14:05 AM:591,-0.6999445,0.8004401,0.3444171,25.90686,253.0668,37.40567,RightController
5/2/2017 11:14:05 AM:644,-0.7000136,0.8008776,0.3444893,25.86993,252.971,37.39785,RightController
5/2/2017 11:14:05 AM:700,-0.7002845,0.800881,0.3443,25.84508,252.9938,37.42712,RightController
5/2/2017 11:14:05 AM:749,-0.6998948,0.801105,0.3449347,25.88053,252.9486,37.39837,RightController
5/2/2017 11:14:05 AM:811,-0.6996959,0.8013179,0.3448541,26.0097,252.8529,37.47746,RightController
5/2/2017 11:14:05 AM:878,-0.699922,0.8017578,0.3453369,26.00257,252.795,37.57553,RightController
5/2/2017 11:14:05 AM:923,-0.700124,0.8019845,0.3453941,25.98143,252.7618,37.50268,RightController
5/2/2017 11:14:05 AM:980,-0.7006685,0.8021798,0.3451793,25.92049,252.5662,37.56964,RightController
5/2/2017 11:14:06 AM:46,-0.701527,0.8024749,0.3457582,25.84601,252.8108,37.7028,RightController
5/2/2017 11:14:06 AM:113,-0.7019647,0.8028805,0.3455508,25.70957,252.7491,37.64569,RightController
5/2/2017 11:14:06 AM:157,-0.7018379,0.8028603,0.3454454,25.73779,252.8437,37.70905,RightController
5/2/2017 11:14:06 AM:206,-0.7017621,0.8028719,0.3451345,25.68843,252.8178,37.66276,RightController
5/2/2017 11:14:06 AM:281,-0.7012485,0.803023,0.3454316,25.6549,252.9163,37.7139,RightController
5/2/2017 11:14:06 AM:359,-0.7007279,0.8028978,0.3450861,25.62009,252.8936,37.65109,RightController
5/2/2017 11:14:06 AM:425,-0.7002754,0.8027276,0.3453462,25.66986,253.0136,37.72138,RightController
5/2/2017 11:14:06 AM:481,-0.6994678,0.8026834,0.3452315,25.68363,252.9728,37.69926,RightController
5/2/2017 11:14:06 AM:537,-0.6987251,0.8025664,0.34518,25.68687,252.9913,37.70074,RightController
5/2/2017 11:14:06 AM:593,-0.698121,0.8022563,0.3447833,25.71664,252.9899,37.71714,RightController
5/2/2017 11:14:06 AM:649,-0.6974009,0.802317,0.3449302,25.70631,252.8819,37.65184,RightController
5/2/2017 11:14:06 AM:760,-0.6969604,0.8020363,0.3440912,25.77306,252.5823,37.72187,RightController
5/2/2017 11:14:06 AM:838,-0.6961644,0.8018532,0.3450253,25.80593,252.4909,37.81301,RightController
5/2/2017 11:14:06 AM:905,-0.6961153,0.8015326,0.3445845,25.76162,252.6161,37.79136,RightController
5/2/2017 11:14:06 AM:984,-0.6950508,0.8013027,0.3439264,25.82649,252.5813,37.71258,RightController
5/2/2017 11:14:07 AM:55,-0.6945441,0.8008751,0.342907,25.89236,252.3904,37.57176,RightController
5/2/2017 11:14:07 AM:129,-0.6937095,0.8005543,0.3424914,25.93957,252.3218,37.54621,RightController
5/2/2017 11:14:07 AM:196,-0.6938729,0.8003057,0.341958,25.97194,252.1859,37.50248,RightController
5/2/2017 11:14:07 AM:252,-0.6939535,0.800261,0.3421512,25.9767,252.1888,37.5246,RightController
5/2/2017 11:14:07 AM:308,-0.6940466,0.8000197,0.3417864,25.96931,252.1481,37.53189,RightController
5/2/2017 11:14:07 AM:375,-0.6940017,0.7997562,0.341284,25.97622,252.1241,37.5276,RightController
5/2/2017 11:14:07 AM:454,-0.6945931,0.7994393,0.340337,25.91691,252.0915,37.4537,RightController
5/2/2017 11:14:07 AM:520,-0.6948078,0.7992202,0.3401411,25.8255,252.2027,37.39931,RightController
5/2/2017 11:14:07 AM:588,-0.6949427,0.7988164,0.3401904,25.82848,252.2308,37.28106,RightController
5/2/2017 11:14:07 AM:667,-0.6952575,0.7985578,0.3401775,25.74727,252.249,37.18221,RightController
5/2/2017 11:14:07 AM:733,-0.6959416,0.7983767,0.3402567,25.7162,252.3135,37.27402,RightController
5/2/2017 11:14:07 AM:789,-0.6960307,0.7984951,0.3401768,25.71255,252.138,37.18126,RightController
5/2/2017 11:14:07 AM:845,-0.6965461,0.798365,0.3396406,25.75931,252.06,37.20207,RightController
5/2/2017 11:14:07 AM:912,-0.6970515,0.7984859,0.339848,25.79538,251.8268,37.26606,RightController
5/2/2017 11:14:07 AM:990,-0.6976379,0.7989639,0.3400722,25.88789,251.6339,37.38927,RightController
5/2/2017 11:14:08 AM:57,-0.6976148,0.7993844,0.3402205,25.96014,251.5318,37.44081,RightController
5/2/2017 11:14:08 AM:112,-0.6974573,0.799683,0.3403261,26.04705,251.4617,37.39006,RightController
5/2/2017 11:14:08 AM:179,-0.6973432,0.7997378,0.3399296,26.12464,251.472,37.47303,RightController
5/2/2017 11:14:08 AM:246,-0.6974559,0.7997299,0.3400686,26.24119,251.4125,37.46716,RightController
5/2/2017 11:14:08 AM:314,-0.6975892,0.7997986,0.3402743,26.31798,251.4949,37.52271,RightController
5/2/2017 11:14:08 AM:414,-0.6980006,0.7998793,0.3404281,26.38857,251.5012,37.59783,RightController
5/2/2017 11:14:08 AM:481,-0.6987262,0.8000042,0.3398199,26.32023,251.451,37.59303,RightController
5/2/2017 11:14:08 AM:559,-0.6995389,0.8002422,0.3401158,26.30519,251.5646,37.65109,RightController
5/2/2017 11:14:08 AM:626,-0.6999544,0.8007317,0.3399768,26.26786,251.4912,37.63225,RightController
5/2/2017 11:14:08 AM:682,-0.7006234,0.8009834,0.3407371,26.25744,251.5478,37.68948,RightController
5/2/2017 11:14:08 AM:751,-0.7018009,0.8012276,0.3404131,26.16994,251.4277,37.6648,RightController
5/2/2017 11:14:08 AM:816,-0.7028006,0.801316,0.3411121,26.12582,251.4655,37.70446,RightController
5/2/2017 11:14:08 AM:894,-0.7034686,0.8015312,0.340661,26.12819,251.3203,37.69689,RightController
5/2/2017 11:14:08 AM:949,-0.7039458,0.8017071,0.3410096,26.0896,251.3167,37.70805,RightController
5/2/2017 11:14:09 AM:29,-0.7052406,0.8021115,0.3414657,26.01566,251.1889,37.74289,RightController
5/2/2017 11:14:09 AM:107,-0.7055233,0.8022734,0.3422468,26.03441,251.2741,37.82591,RightController
5/2/2017 11:14:09 AM:174,-0.7054958,0.802326,0.3418996,26.04151,250.9756,37.74966,RightController
5/2/2017 11:14:09 AM:253,-0.7053614,0.8022573,0.3424675,26.13514,250.9805,37.81827,RightController
5/2/2017 11:14:09 AM:330,-0.7057407,0.8022779,0.3416946,26.07325,250.8919,37.7925,RightController
5/2/2017 11:14:09 AM:408,-0.7057009,0.8025872,0.3416405,26.02109,250.8206,37.75496,RightController
5/2/2017 11:14:09 AM:464,-0.7054135,0.8025591,0.3414056,26.02672,250.8277,37.7833,RightController
5/2/2017 11:14:09 AM:523,-0.7048638,0.8025975,0.3416569,26.02385,250.9062,37.76457,RightController
5/2/2017 11:14:09 AM:598,-0.7035295,0.8021393,0.3411536,26.11768,250.9686,37.72898,RightController
5/2/2017 11:14:09 AM:648,-0.7029269,0.8019352,0.3412602,26.15386,250.9765,37.72215,RightController
5/2/2017 11:14:09 AM:710,-0.7022308,0.8018794,0.3413556,26.14933,251.1166,37.7454,RightController
5/2/2017 11:14:09 AM:788,-0.7017497,0.801909,0.3415701,26.11845,251.2703,37.84604,RightController
5/2/2017 11:14:09 AM:855,-0.7020534,0.8019861,0.3409364,26.05844,251.2522,37.87343,RightController
5/2/2017 11:14:09 AM:922,-0.7016759,0.8024011,0.3403108,26.01106,251.2732,37.80694,RightController
5/2/2017 11:14:09 AM:978,-0.7013285,0.8021203,0.3401678,26.04234,251.2059,37.84484,RightController
5/2/2017 11:14:10 AM:56,-0.7009735,0.8019269,0.3402987,26.01104,251.2746,37.82231,RightController
5/2/2017 11:14:10 AM:135,-0.7008799,0.8018287,0.3399539,26.06369,251.3652,37.90942,RightController
5/2/2017 11:14:10 AM:208,-0.7005827,0.8021463,0.3398128,25.97431,251.2775,37.85171,RightController
5/2/2017 11:14:10 AM:264,-0.7004833,0.8019091,0.3399603,25.98675,251.3469,37.89916,RightController
5/2/2017 11:14:10 AM:320,-0.700333,0.8017642,0.3399029,25.95606,251.3765,37.84266,RightController
5/2/2017 11:14:10 AM:387,-0.6993221,0.8013765,0.3399003,25.97525,251.4561,37.79337,RightController
5/2/2017 11:14:10 AM:465,-0.6985873,0.8007486,0.3396482,26.01628,251.5381,37.74124,RightController
5/2/2017 11:14:10 AM:532,-0.6980443,0.8004808,0.3396785,26.00714,251.5531,37.65892,RightController
5/2/2017 11:14:10 AM:587,-0.6975294,0.8003834,0.3392358,25.98017,251.665,37.61453,RightController
5/2/2017 11:14:10 AM:655,-0.6971418,0.8001355,0.3388453,25.94827,251.7565,37.6638,RightController
5/2/2017 11:14:10 AM:710,-0.6970015,0.8000687,0.3388782,25.93442,251.6832,37.59685,RightController
5/2/2017 11:14:10 AM:766,-0.6969752,0.7997929,0.339175,25.94836,251.7626,37.62487,RightController
5/2/2017 11:14:10 AM:822,-0.6971172,0.7997531,0.3398831,25.94197,251.8609,37.66671,RightController
5/2/2017 11:14:10 AM:866,-0.697156,0.7998761,0.3393638,25.85269,251.8137,37.60892,RightController
5/2/2017 11:14:10 AM:922,-0.6972563,0.7999045,0.3390117,25.85008,251.8466,37.64848,RightController
5/2/2017 11:14:10 AM:978,-0.6969835,0.7999647,0.3385057,25.81751,251.6697,37.60946,RightController
5/2/2017 11:14:11 AM:34,-0.6970192,0.799935,0.3390131,25.84618,251.7166,37.63301,RightController
5/2/2017 11:14:11 AM:102,-0.6967705,0.8000991,0.3387642,25.82371,251.6841,37.63114,RightController
5/2/2017 11:14:11 AM:168,-0.6967731,0.8002042,0.3391533,25.80471,251.7961,37.67913,RightController
5/2/2017 11:14:11 AM:224,-0.6967298,0.8001789,0.3393252,25.81721,251.7603,37.64117,RightController
5/2/2017 11:14:11 AM:302,-0.6961914,0.8003846,0.339272,25.8119,251.8199,37.68031,RightController
5/2/2017 11:14:11 AM:370,-0.6960438,0.8004835,0.3394241,25.81706,251.8149,37.7063,RightController
5/2/2017 11:14:11 AM:425,-0.6958854,0.8005966,0.3395901,25.80333,251.7788,37.6848,RightController
5/2/2017 11:14:11 AM:481,-0.695845,0.8006582,0.3394387,25.81221,251.8952,37.77191,RightController
5/2/2017 11:14:11 AM:537,-0.6957698,0.8007318,0.3391838,25.80706,251.6604,37.70527,RightController
5/2/2017 11:14:11 AM:615,-0.6955312,0.8004262,0.3392849,25.93573,251.6614,37.73097,RightController
5/2/2017 11:14:11 AM:671,-0.6955553,0.8004855,0.3384583,25.8551,251.3954,37.65666,RightController
5/2/2017 11:14:11 AM:727,-0.6956387,0.800477,0.3379416,25.85013,251.3236,37.64313,RightController
5/2/2017 11:14:11 AM:783,-0.6952983,0.8005286,0.3382249,25.9051,251.2793,37.61717,RightController
5/2/2017 11:14:11 AM:839,-0.6946615,0.8005266,0.3381269,25.93023,251.1332,37.53719,RightController
5/2/2017 11:14:11 AM:917,-0.6939201,0.8004699,0.3382001,26.03407,251.1916,37.53242,RightController
5/2/2017 11:14:11 AM:984,-0.6934615,0.8002652,0.337672,26.12677,251.0181,37.49938,RightController
5/2/2017 11:14:12 AM:39,-0.6931243,0.8003037,0.3376575,26.17924,250.917,37.53457,RightController
5/2/2017 11:14:12 AM:95,-0.6928794,0.8002163,0.33781,26.24087,250.7807,37.52404,RightController
5/2/2017 11:14:12 AM:144,-0.6927447,0.8003528,0.3375666,26.30425,250.7311,37.53384,RightController
5/2/2017 11:14:12 AM:223,-0.69267,0.8005761,0.3375058,26.44716,250.4945,37.51816,RightController
5/2/2017 11:14:12 AM:290,-0.6924981,0.80086,0.337852,26.46488,250.3999,37.49491,RightController
5/2/2017 11:14:12 AM:346,-0.6925817,0.8011738,0.3380775,26.51617,250.464,37.60332,RightController
5/2/2017 11:14:12 AM:458,-0.6937217,0.8014221,0.3386319,26.47129,250.4536,37.65384,RightController
5/2/2017 11:14:12 AM:513,-0.6947603,0.8013659,0.3383944,26.43453,250.5062,37.67166,RightController
5/2/2017 11:14:12 AM:569,-0.6953424,0.8015186,0.3381419,26.36599,250.5766,37.71453,RightController
5/2/2017 11:14:12 AM:659,-0.6965512,0.8015102,0.3375549,26.2361,250.6644,37.68222,RightController
5/2/2017 11:14:12 AM:759,-0.6965789,0.8012718,0.337678,26.25892,250.7526,37.67923,RightController
5/2/2017 11:14:12 AM:819,-0.696888,0.8012177,0.3373516,26.25131,250.746,37.66359,RightController
5/2/2017 11:14:12 AM:893,-0.6976603,0.8006886,0.3374538,26.30436,250.8825,37.68856,RightController
5/2/2017 11:14:12 AM:960,-0.6979862,0.8003526,0.337671,26.31891,250.9597,37.68338,RightController
5/2/2017 11:14:13 AM:16,-0.6982024,0.8003857,0.3374038,26.27554,250.9963,37.63313,RightController
5/2/2017 11:14:13 AM:74,-0.6982923,0.800163,0.3372183,26.29243,251.059,37.63444,RightController
5/2/2017 11:14:13 AM:131,-0.698665,0.7997863,0.336894,26.25794,251.0176,37.51482,RightController
5/2/2017 11:14:13 AM:190,-0.6988107,0.7997802,0.337585,26.29663,251.235,37.57163,RightController
5/2/2017 11:14:13 AM:273,-0.6996565,0.7993647,0.3375819,26.2319,251.3083,37.5198,RightController
5/2/2017 11:14:13 AM:340,-0.7001799,0.799414,0.337981,26.19942,251.3509,37.48805,RightController
5/2/2017 11:14:13 AM:418,-0.7011138,0.7990381,0.3383138,26.19907,251.4686,37.51285,RightController
5/2/2017 11:14:13 AM:541,-0.7013673,0.7987921,0.3379712,26.1911,251.392,37.44474,RightController
5/2/2017 11:14:13 AM:608,-0.7011341,0.7983284,0.3384664,26.34948,251.4824,37.36401,RightController
5/2/2017 11:14:13 AM:658,-0.7005447,0.7980053,0.3380203,26.53511,251.2574,37.31915,RightController
5/2/2017 11:14:13 AM:731,-0.7009541,0.797611,0.3380527,26.63486,251.3596,37.26144,RightController
5/2/2017 11:14:13 AM:798,-0.7014443,0.7977352,0.3381643,26.62256,251.3069,37.20863,RightController
5/2/2017 11:14:13 AM:865,-0.7020792,0.79766,0.3384182,26.58156,251.4046,37.20396,RightController
5/2/2017 11:14:13 AM:943,-0.7029809,0.7975775,0.339129,26.58792,251.5319,37.1498,RightController
5/2/2017 11:14:13 AM:999,-0.7035371,0.7976238,0.339432,26.58924,251.6041,37.22517,RightController
5/2/2017 11:14:14 AM:68,-0.704199,0.7978687,0.3395593,26.55874,251.4021,37.19699,RightController
5/2/2017 11:14:14 AM:144,-0.7056787,0.7983027,0.3406346,26.50394,251.6248,37.32676,RightController
5/2/2017 11:14:14 AM:194,-0.706084,0.7983888,0.3408294,26.45156,251.5241,37.27084,RightController
5/2/2017 11:14:14 AM:249,-0.7068926,0.7984629,0.3409078,26.46399,251.5733,37.29063,RightController
5/2/2017 11:14:14 AM:323,-0.7080405,0.7987019,0.3404558,26.41405,251.3215,37.24863,RightController
5/2/2017 11:14:14 AM:382,-0.7082773,0.7986457,0.3409796,26.4218,251.3781,37.28215,RightController
5/2/2017 11:14:14 AM:435,-0.7089523,0.7985842,0.3407784,26.39937,251.2882,37.25864,RightController
5/2/2017 11:14:14 AM:495,-0.709468,0.798668,0.340312,26.44448,251.108,37.21897,RightController
5/2/2017 11:14:14 AM:569,-0.7106133,0.7987655,0.3398345,26.42504,250.8448,37.15559,RightController
5/2/2017 11:14:14 AM:636,-0.7109339,0.7990792,0.3395734,26.3633,250.778,37.17799,RightController
5/2/2017 11:14:14 AM:703,-0.7118112,0.7995232,0.3392513,26.24731,250.7365,37.14765,RightController
5/2/2017 11:14:14 AM:762,-0.711964,0.7997211,0.3391902,26.21612,250.7589,37.20123,RightController
5/2/2017 11:14:14 AM:826,-0.711212,0.799924,0.3397031,26.2234,250.701,37.17622,RightController
5/2/2017 11:14:14 AM:904,-0.7100054,0.8002309,0.3402038,26.39081,250.7784,37.18845,RightController
5/2/2017 11:14:14 AM:970,-0.7091726,0.8001575,0.3405988,26.44972,250.7294,37.24089,RightController
5/2/2017 11:14:15 AM:26,-0.7085139,0.8000718,0.3408813,26.52017,250.7816,37.27246,RightController
5/2/2017 11:14:15 AM:85,-0.7077042,0.800308,0.3409338,26.51149,250.6767,37.22083,RightController
5/2/2017 11:14:15 AM:143,-0.7072349,0.8001692,0.3405414,26.58944,250.6788,37.25153,RightController
5/2/2017 11:14:15 AM:193,-0.7071664,0.8001776,0.3402374,26.52405,250.5369,37.18417,RightController
5/2/2017 11:14:15 AM:249,-0.7073745,0.8002641,0.3400302,26.51907,250.6385,37.25716,RightController
5/2/2017 11:14:15 AM:305,-0.7071805,0.8005375,0.3397274,26.44469,250.5336,37.2316,RightController
5/2/2017 11:14:15 AM:363,-0.707255,0.8006711,0.3398561,26.41466,250.5693,37.26935,RightController
5/2/2017 11:14:15 AM:416,-0.7075136,0.8006508,0.3394151,26.37694,250.5828,37.29079,RightController
5/2/2017 11:14:15 AM:472,-0.7074708,0.8004932,0.3396275,26.36028,250.5925,37.30862,RightController
5/2/2017 11:14:15 AM:540,-0.7070702,0.8004944,0.3393233,26.34414,250.6122,37.33528,RightController
5/2/2017 11:14:15 AM:599,-0.7068868,0.8003926,0.3390629,26.36067,250.5801,37.3318,RightController
5/2/2017 11:14:15 AM:662,-0.7067423,0.8003814,0.3389111,26.35451,250.5502,37.30378,RightController
5/2/2017 11:14:15 AM:741,-0.7067169,0.8005031,0.3389807,26.43371,250.4904,37.26185,RightController
5/2/2017 11:14:15 AM:797,-0.7064126,0.8003372,0.3387847,26.481,250.3003,37.29097,RightController
5/2/2017 11:14:15 AM:864,-0.7061437,0.8002552,0.3387783,26.57372,250.2904,37.32667,RightController
5/2/2017 11:14:15 AM:943,-0.7058113,0.800125,0.3388646,26.63452,250.2872,37.29937,RightController
5/2/2017 11:14:16 AM:9,-0.7055669,0.7999556,0.3385956,26.70368,250.2741,37.23016,RightController
5/2/2017 11:14:16 AM:65,-0.7053385,0.7995613,0.3388298,26.78631,250.2303,37.1996,RightController
5/2/2017 11:14:16 AM:120,-0.7051208,0.799572,0.338666,26.83172,250.3089,37.21489,RightController
5/2/2017 11:14:16 AM:176,-0.70549,0.7996006,0.3386474,26.82256,250.3112,37.20206,RightController
5/2/2017 11:14:16 AM:232,-0.7057339,0.7995009,0.3387072,26.82175,250.3934,37.25114,RightController
5/2/2017 11:14:16 AM:291,-0.7062786,0.7995002,0.3390145,26.82187,250.4743,37.26865,RightController
5/2/2017 11:14:16 AM:343,-0.706259,0.7995179,0.3394587,26.83958,250.516,37.26022,RightController
5/2/2017 11:14:16 AM:404,-0.7063919,0.7993513,0.3390248,26.83257,250.5458,37.27161,RightController
5/2/2017 11:14:16 AM:478,-0.7067418,0.7992398,0.3388517,26.86925,250.5497,37.24701,RightController
5/2/2017 11:14:16 AM:545,-0.7072612,0.7991096,0.339179,26.89758,250.6743,37.33913,RightController
5/2/2017 11:14:16 AM:612,-0.7076449,0.7992109,0.3390322,26.82559,250.4796,37.22629,RightController
5/2/2017 11:14:16 AM:691,-0.7080501,0.7990478,0.3398802,26.8436,250.6957,37.36621,RightController
5/2/2017 11:14:16 AM:768,-0.7087311,0.79899,0.3389757,26.77444,250.6241,37.28658,RightController
5/2/2017 11:14:16 AM:846,-0.7089428,0.7989987,0.3388066,26.75341,250.6096,37.22241,RightController
5/2/2017 11:14:16 AM:902,-0.7091638,0.7989706,0.3389282,26.72281,250.6339,37.20545,RightController
5/2/2017 11:14:16 AM:970,-0.7092032,0.799071,0.3392346,26.70538,250.7556,37.20908,RightController
5/2/2017 11:14:17 AM:49,-0.7087265,0.7991025,0.3398044,26.6771,250.853,37.18785,RightController
5/2/2017 11:14:17 AM:116,-0.7088482,0.7988874,0.3396595,26.66059,250.9214,37.17677,RightController
5/2/2017 11:14:17 AM:171,-0.7089245,0.7986777,0.3397603,26.66121,250.9977,37.18788,RightController
5/2/2017 11:14:17 AM:229,-0.7085229,0.7985213,0.3394589,26.65114,251.0367,37.14064,RightController
5/2/2017 11:14:17 AM:287,-0.708447,0.7985269,0.3393676,26.65814,251.0279,37.10665,RightController
5/2/2017 11:14:17 AM:362,-0.7079717,0.7982961,0.3391995,26.65351,251.0165,37.07224,RightController
5/2/2017 11:14:17 AM:428,-0.707921,0.7983748,0.339288,26.68163,251.1599,37.1333,RightController
5/2/2017 11:14:17 AM:484,-0.7075578,0.7984984,0.3392923,26.65547,250.9983,37.06166,RightController
5/2/2017 11:14:17 AM:551,-0.7077985,0.7983656,0.3394401,26.71224,251.1005,37.14794,RightController
5/2/2017 11:14:17 AM:630,-0.7075086,0.7981739,0.3394814,26.62962,250.9991,37.08989,RightController
5/2/2017 11:14:17 AM:685,-0.7073759,0.7983361,0.3388727,26.65166,251.0113,37.14041,RightController
5/2/2017 11:14:17 AM:752,-0.7071593,0.7984352,0.3387239,26.64002,250.8558,37.10635,RightController
5/2/2017 11:14:17 AM:842,-0.7069292,0.7986107,0.3386014,26.61356,250.9248,37.18064,RightController
5/2/2017 11:14:17 AM:931,-0.7067026,0.7986619,0.3382268,26.64435,250.7539,37.21153,RightController
5/2/2017 11:14:17 AM:986,-0.7066535,0.7989458,0.3384123,26.59206,250.6961,37.18065,RightController
5/2/2017 11:14:18 AM:49,-0.7062162,0.7992591,0.3386204,26.59042,250.7119,37.21201,RightController
5/2/2017 11:14:18 AM:109,-0.7061788,0.7994466,0.3390083,26.50498,250.8408,37.23492,RightController
5/2/2017 11:14:18 AM:165,-0.7056586,0.7991916,0.3389142,26.51468,250.8961,37.20459,RightController
5/2/2017 11:14:18 AM:215,-0.7052317,0.7994348,0.3383596,26.47668,250.7867,37.14268,RightController
5/2/2017 11:14:18 AM:300,-0.7043768,0.800192,0.3387072,26.43248,250.7606,37.19748,RightController
5/2/2017 11:14:18 AM:357,-0.7040435,0.8001809,0.3389192,26.50025,250.5497,37.12821,RightController
5/2/2017 11:14:18 AM:445,-0.7031538,0.8005133,0.3392234,26.60761,250.3787,37.25186,RightController
5/2/2017 11:14:18 AM:524,-0.703189,0.8006622,0.3387375,26.58846,250.1217,37.2857,RightController
5/2/2017 11:14:18 AM:590,-0.7036349,0.8014653,0.3385508,26.43143,250.0668,37.3242,RightController
5/2/2017 11:14:18 AM:679,-0.70438,0.8018726,0.3389094,26.3043,250.2013,37.52049,RightController
5/2/2017 11:14:18 AM:746,-0.7040328,0.8020246,0.3382423,26.26827,250.171,37.50169,RightController
5/2/2017 11:14:18 AM:802,-0.7031381,0.8020083,0.3385649,26.30637,250.2255,37.5304,RightController
5/2/2017 11:14:18 AM:880,-0.701736,0.8016571,0.3383195,26.41027,250.2455,37.53046,RightController
5/2/2017 11:14:18 AM:959,-0.7004488,0.8015496,0.3383095,26.35381,250.4269,37.54065,RightController
5/2/2017 11:14:19 AM:25,-0.6994598,0.8012025,0.3377805,26.47907,250.3859,37.48645,RightController
5/2/2017 11:14:19 AM:82,-0.6984998,0.8010305,0.3379946,26.50534,250.4814,37.49552,RightController
5/2/2017 11:14:19 AM:137,-0.6979502,0.8010184,0.337642,26.53152,250.4891,37.44368,RightController
5/2/2017 11:14:19 AM:204,-0.6976185,0.8009927,0.3380826,26.55265,250.5555,37.47782,RightController
5/2/2017 11:14:19 AM:271,-0.6980917,0.8008566,0.337944,26.55016,250.6044,37.54524,RightController
5/2/2017 11:14:19 AM:350,-0.6977329,0.8009343,0.3380616,26.5225,250.6966,37.65787,RightController
5/2/2017 11:14:19 AM:416,-0.697487,0.8009377,0.3377793,26.51629,250.6195,37.59754,RightController
5/2/2017 11:14:19 AM:475,-0.6972853,0.8008466,0.3379054,26.55167,250.6885,37.61984,RightController
5/2/2017 11:14:19 AM:541,-0.6972607,0.8007756,0.3379297,26.53671,250.7346,37.6165,RightController
5/2/2017 11:14:19 AM:598,-0.6969892,0.8006349,0.3378778,26.48692,250.8699,37.62749,RightController
5/2/2017 11:14:19 AM:662,-0.6961546,0.8002801,0.3371537,26.57721,250.8447,37.51147,RightController
5/2/2017 11:14:19 AM:741,-0.6956155,0.8005326,0.3375094,26.56934,250.8896,37.53905,RightController
5/2/2017 11:14:19 AM:808,-0.695763,0.8003421,0.337815,26.65587,251.0125,37.60697,RightController
5/2/2017 11:14:19 AM:863,-0.6956846,0.800365,0.3379953,26.61692,250.9791,37.619,RightController
5/2/2017 11:14:19 AM:942,-0.6952151,0.8004214,0.3387995,26.64166,251.1937,37.65119,RightController
5/2/2017 11:14:20 AM:11,-0.6949202,0.7997321,0.3386905,26.71647,251.2165,37.65645,RightController
5/2/2017 11:14:20 AM:64,-0.6952068,0.7995006,0.338155,26.70044,251.3385,37.64968,RightController
5/2/2017 11:14:20 AM:120,-0.6951514,0.7994808,0.3380406,26.60964,251.3252,37.55846,RightController
5/2/2017 11:14:20 AM:179,-0.6955491,0.7992769,0.338691,26.54937,251.8783,37.6875,RightController
5/2/2017 11:14:20 AM:243,-0.6953599,0.7988695,0.338309,26.6228,251.6486,37.46588,RightController
5/2/2017 11:14:20 AM:321,-0.6951258,0.7983146,0.3377748,26.70918,251.603,37.50479,RightController
5/2/2017 11:14:20 AM:403,-0.6952043,0.7984626,0.3382075,26.62251,251.7267,37.49635,RightController
5/2/2017 11:14:20 AM:460,-0.6947047,0.798327,0.3386431,26.70582,251.7412,37.45469,RightController
5/2/2017 11:14:20 AM:533,-0.6943781,0.7976788,0.3387773,26.91891,251.6128,37.57891,RightController
5/2/2017 11:14:20 AM:612,-0.6942842,0.7977866,0.3392372,26.94638,251.748,37.59866,RightController
5/2/2017 11:14:20 AM:679,-0.6942514,0.7981298,0.339093,26.86117,251.6759,37.41954,RightController
5/2/2017 11:14:20 AM:745,-0.6943059,0.7982996,0.3387482,26.75222,252.0411,37.47185,RightController
5/2/2017 11:14:20 AM:824,-0.6953821,0.7976284,0.3391654,26.50622,252.4301,37.33331,RightController
5/2/2017 11:14:20 AM:883,-0.6966414,0.7981908,0.3385279,26.14167,252.6656,37.52216,RightController
5/2/2017 11:14:20 AM:935,-0.6963905,0.798834,0.3376522,26.00477,252.4611,37.40842,RightController
5/2/2017 11:14:21 AM:3,-0.6949687,0.7988459,0.3380752,26.30378,252.3969,37.45309,RightController
5/2/2017 11:14:21 AM:81,-0.694285,0.7989721,0.338944,26.51659,252.2319,37.54184,RightController
5/2/2017 11:14:21 AM:148,-0.6942345,0.7991438,0.3382962,26.57081,252.1079,37.64139,RightController
5/2/2017 11:14:21 AM:197,-0.6948539,0.7992392,0.3378794,26.5662,251.934,37.69944,RightController
5/2/2017 11:14:21 AM:260,-0.6982025,0.8013093,0.3366709,26.03314,252.2323,37.60564,RightController
5/2/2017 11:14:21 AM:349,-0.70968,0.8082912,0.3357024,23.97483,253.9896,36.80875,RightController
5/2/2017 11:14:21 AM:415,-0.718575,0.8125988,0.3353503,22.70511,254.7874,36.80337,RightController
5/2/2017 11:14:21 AM:471,-0.7296762,0.8180755,0.3348794,21.23106,256.1073,36.41609,RightController
5/2/2017 11:14:21 AM:539,-0.7463676,0.8289094,0.3324254,18.31752,256.4477,36.88174,RightController
5/2/2017 11:14:21 AM:617,-0.7602,0.8410318,0.3239903,15.10491,253.1711,38.12201,RightController
5/2/2017 11:14:21 AM:683,-0.771836,0.8500874,0.3235555,13.22004,255.4746,36.86824,RightController
5/2/2017 11:14:21 AM:742,-0.7866046,0.8635577,0.3234942,10.6209,258.7784,34.34212,RightController
5/2/2017 11:14:21 AM:796,-0.8035318,0.8827956,0.3231983,7.708405,262.4197,31.17074,RightController
5/2/2017 11:14:21 AM:853,-0.8221085,0.9081668,0.3225229,5.00193,266.4526,26.67431,RightController
5/2/2017 11:14:21 AM:911,-0.8412237,0.939337,0.3227484,0.7882893,270.4438,21.29508,RightController
5/2/2017 11:14:21 AM:985,-0.8631291,0.9769664,0.3172519,354.4359,270.1615,19.3905,RightController
5/2/2017 11:14:22 AM:33,-0.8675326,0.9836419,0.3150871,353.2963,269.3187,19.67474,RightController
5/2/2017 11:14:22 AM:91,-0.8731911,0.9959631,0.3167529,352.2901,270.7511,16.23061,RightController
5/2/2017 11:14:22 AM:164,-0.9006277,0.9607133,0.2484894,351.0572,277.2863,3.204444,RightController
5/2/2017 11:14:22 AM:231,-0.894207,0.9807194,0.2545121,348.9234,280.7246,351.7195,RightController
5/2/2017 11:14:22 AM:309,-0.8880298,0.9928993,0.2597632,351.4116,283.1992,345.7927,RightController
5/2/2017 11:14:22 AM:389,-0.8840199,0.9971671,0.2628567,351.345,283.3875,341.6552,RightController
5/2/2017 11:14:22 AM:466,-0.8765949,1.004798,0.268198,344.4898,285.4449,334.9629,RightController
5/2/2017 11:14:22 AM:533,-0.8705124,1.004369,0.2704961,340.7174,286.1523,335.1656,RightController
5/2/2017 11:14:22 AM:611,-0.8687645,0.9943281,0.271744,342.9904,285.2744,335.3649,RightController
5/2/2017 11:14:22 AM:689,-0.8645244,0.97614,0.2693579,343.9082,282.2811,343.4384,RightController
5/2/2017 11:14:22 AM:760,-0.8606687,0.9604037,0.2718525,345.6914,281.476,348.3451,RightController
5/2/2017 11:14:22 AM:812,-0.8565434,0.9439982,0.2802424,349.6264,281.5652,355.486,RightController
5/2/2017 11:14:22 AM:870,-0.8496865,0.9333307,0.2930696,349.5391,283.747,356.3479,RightController
5/2/2017 11:14:22 AM:951,-0.8368458,0.9208515,0.3138759,351.4919,287.4833,358.1639,RightController
5/2/2017 11:14:23 AM:34,-0.8226875,0.9114513,0.3336086,352.4133,287.5064,0.8829183,RightController
5/2/2017 11:14:23 AM:113,-0.8117998,0.9096136,0.354542,351.7478,290.2534,4.791479,RightController
5/2/2017 11:14:23 AM:192,-0.8068223,0.9132929,0.3718069,352.3432,293.591,5.54081,RightController
5/2/2017 11:14:23 AM:258,-0.8056116,0.9161775,0.3788085,354.2426,293.4304,5.797876,RightController
5/2/2017 11:14:23 AM:317,-0.8045405,0.9196943,0.3854091,355.555,292.5554,3.417966,RightController
5/2/2017 11:14:23 AM:380,-0.8025237,0.9232907,0.3941295,357.8895,290.977,0.5871261,RightController
5/2/2017 11:14:23 AM:448,-0.8013614,0.9260303,0.4020381,0.7838107,287.5794,355.7772,RightController
5/2/2017 11:14:23 AM:526,-0.8013734,0.9276243,0.4116354,2.596999,285.3931,354.9772,RightController
5/2/2017 11:14:23 AM:585,-0.8016233,0.9206207,0.4121752,5.115462,283.2724,354.6704,RightController
5/2/2017 11:14:23 AM:648,-0.7993166,0.9145323,0.4108763,4.750116,279.732,0.9914043,RightController
5/2/2017 11:14:23 AM:727,-0.7928189,0.9053735,0.4063866,7.652541,273.05,7.405089,RightController
5/2/2017 11:14:23 AM:805,-0.7857699,0.8946762,0.4039247,10.90729,270.0357,12.09733,RightController
5/2/2017 11:14:23 AM:861,-0.7782567,0.8937497,0.4042833,10.68348,266.7202,17.41599,RightController
5/2/2017 11:14:23 AM:917,-0.7698413,0.8925519,0.4019008,10.40894,263.2393,22.90283,RightController
5/2/2017 11:14:24 AM:5,-0.7528223,0.8814931,0.4020565,14.22621,261.308,27.39971,RightController
5/2/2017 11:14:24 AM:70,-0.7456065,0.8698455,0.3962576,16.96059,260.5374,28.35692,RightController
5/2/2017 11:14:24 AM:126,-0.738392,0.8655505,0.3936381,17.92109,260.2742,28.65897,RightController
5/2/2017 11:14:24 AM:183,-0.732129,0.8573946,0.3885813,20.33587,259.6509,28.20605,RightController
5/2/2017 11:14:24 AM:238,-0.7272545,0.8515364,0.3834436,22.05561,259.0093,27.96365,RightController
5/2/2017 11:14:24 AM:305,-0.7178326,0.8432702,0.3805151,27.1315,257.2659,26.69881,RightController
5/2/2017 11:14:24 AM:383,-0.7030202,0.8342516,0.3805215,31.87296,253.202,28.37134,RightController
5/2/2017 11:14:24 AM:450,-0.6975756,0.8267759,0.3843398,34.25619,256.2473,32.34658,RightController
5/2/2017 11:14:24 AM:506,-0.6936803,0.8228335,0.3839798,35.50524,258.2584,30.30146,RightController
5/2/2017 11:14:24 AM:562,-0.689696,0.8225049,0.3827617,35.72261,258.1453,29.68867,RightController
5/2/2017 11:14:24 AM:609,-0.6881001,0.8198987,0.3784235,35.51161,257.2473,30.33508,RightController
5/2/2017 11:14:24 AM:674,-0.687288,0.8197623,0.3780677,35.05131,257.8339,31.31804,RightController
5/2/2017 11:14:24 AM:752,-0.6880838,0.82235,0.3837173,34.65936,259.6788,34.11901,RightController
5/2/2017 11:14:24 AM:819,-0.6870315,0.8225245,0.3845899,35.43122,259.8869,34.10526,RightController
5/2/2017 11:14:24 AM:875,-0.6859695,0.8234847,0.3835475,35.24339,258.806,33.93126,RightController
5/2/2017 11:14:24 AM:930,-0.685742,0.8239193,0.3830817,34.96597,258.3106,34.58082,RightController
5/2/2017 11:14:24 AM:986,-0.6856856,0.8237854,0.3831158,35.21131,258.4384,34.51183,RightController
5/2/2017 11:14:25 AM:42,-0.6866529,0.8165194,0.3747437,35.18985,258.195,34.3785,RightController
5/2/2017 11:14:25 AM:98,-0.6876529,0.809662,0.3676167,35.51709,257.9766,34.22872,RightController
5/2/2017 11:14:25 AM:154,-0.6878524,0.8070771,0.3647444,35.56778,257.7402,34.25126,RightController
5/2/2017 11:14:25 AM:211,-0.689412,0.8018613,0.3583069,35.12602,257.457,34.57159,RightController
5/2/2017 11:14:25 AM:265,-0.6906031,0.7974342,0.3526301,34.72102,257.3986,34.41841,RightController
5/2/2017 11:14:25 AM:325,-0.6911651,0.795011,0.3488343,34.05169,257.2116,34.50864,RightController
5/2/2017 11:14:25 AM:388,-0.6916227,0.7903779,0.3435628,34.14398,257.0487,34.52088,RightController
5/2/2017 11:14:25 AM:455,-0.6919187,0.7855672,0.339766,34.58437,257.2699,34.46942,RightController
5/2/2017 11:14:25 AM:511,-0.6929435,0.7815955,0.3357527,34.72284,257.2344,34.42472,RightController
5/2/2017 11:14:25 AM:567,-0.6937634,0.7777478,0.3325419,34.95794,257.5841,35.0945,RightController
5/2/2017 11:14:25 AM:623,-0.6944331,0.7750846,0.3294055,35.08814,257.4185,34.95248,RightController
5/2/2017 11:14:25 AM:690,-0.6947149,0.7720819,0.3255315,35.08116,257.0899,34.81612,RightController
5/2/2017 11:14:25 AM:768,-0.6957017,0.768013,0.321521,35.14764,257.1466,34.76445,RightController
5/2/2017 11:14:25 AM:835,-0.6958277,0.7661105,0.3194897,35.19531,257.2279,34.73066,RightController
5/2/2017 11:14:25 AM:891,-0.6964232,0.7638854,0.3169086,35.19631,257.344,34.75453,RightController
5/2/2017 11:14:25 AM:947,-0.6966751,0.7620754,0.3149748,35.25682,257.251,34.6765,RightController
5/2/2017 11:14:26 AM:7,-0.6968096,0.7604681,0.3130767,35.33286,257.1443,34.68728,RightController
5/2/2017 11:14:26 AM:62,-0.6973907,0.7584239,0.3109546,35.39411,257.1441,34.72778,RightController
5/2/2017 11:14:26 AM:118,-0.6977116,0.7570493,0.3090599,35.33959,256.969,34.66441,RightController
5/2/2017 11:14:26 AM:167,-0.6976454,0.7559214,0.3077688,35.39595,256.9002,34.58474,RightController
5/2/2017 11:14:26 AM:241,-0.6985481,0.7539723,0.3056798,35.34171,256.8024,34.60542,RightController
5/2/2017 11:14:26 AM:308,-0.6987031,0.7532516,0.305346,35.37012,256.8413,34.63936,RightController
5/2/2017 11:14:26 AM:361,-0.6990031,0.7520181,0.3041406,35.3844,256.7629,34.64378,RightController
5/2/2017 11:14:26 AM:431,-0.6995226,0.7500745,0.3020263,35.42171,256.7057,34.67282,RightController
5/2/2017 11:14:26 AM:521,-0.7001978,0.7491745,0.3004692,35.32093,256.7073,34.74265,RightController
5/2/2017 11:14:26 AM:588,-0.7004956,0.7493602,0.3005285,35.30966,256.6465,34.73696,RightController
5/2/2017 11:14:26 AM:643,-0.7005826,0.7496712,0.3009756,35.28524,256.6136,34.70213,RightController
5/2/2017 11:14:26 AM:699,-0.7006617,0.7499814,0.3010142,35.25285,256.6098,34.5744,RightController
5/2/2017 11:14:26 AM:757,-0.701226,0.7495458,0.2989285,34.82769,256.3887,34.10874,RightController
5/2/2017 11:14:26 AM:817,-0.7012341,0.7499074,0.2994592,34.94067,256.2803,34.06592,RightController
5/2/2017 11:14:26 AM:889,-0.7014511,0.749132,0.2986398,34.93621,256.3143,34.05659,RightController
5/2/2017 11:14:26 AM:967,-0.7010849,0.7507986,0.299705,35.06594,256.1743,34.10909,RightController
5/2/2017 11:14:27 AM:34,-0.7010227,0.751297,0.2998962,35.10498,256.0918,34.08207,RightController
5/2/2017 11:14:27 AM:112,-0.7018363,0.7508682,0.2988439,35.05628,255.9088,34.02001,RightController
5/2/2017 11:14:27 AM:180,-0.7017456,0.7515105,0.2998543,35.16146,255.965,34.14759,RightController
5/2/2017 11:14:27 AM:235,-0.7020761,0.7521254,0.2998981,35.11144,255.818,34.0532,RightController
5/2/2017 11:14:27 AM:284,-0.7025613,0.7517515,0.2990832,35.09268,255.8392,34.08387,RightController
5/2/2017 11:14:27 AM:352,-0.7030333,0.7518878,0.2986555,34.99601,255.8487,34.10404,RightController
5/2/2017 11:14:27 AM:426,-0.7029363,0.7514155,0.2977104,34.92633,255.8587,34.1263,RightController
5/2/2017 11:14:27 AM:506,-0.7021325,0.7524639,0.2987096,34.95656,255.8912,34.10392,RightController
5/2/2017 11:14:27 AM:593,-0.702021,0.7515934,0.2982082,34.9607,256.047,34.10822,RightController
5/2/2017 11:14:27 AM:648,-0.7012951,0.7527387,0.2992582,34.97606,256.0028,34.13092,RightController
5/2/2017 11:14:27 AM:704,-0.7009736,0.7534033,0.3000391,34.93586,255.9817,34.12435,RightController
5/2/2017 11:14:27 AM:763,-0.7003371,0.7533106,0.3002536,35.00589,256.0894,34.15136,RightController
5/2/2017 11:14:27 AM:816,-0.7000523,0.7533609,0.3005764,35.02179,255.9697,34.09713,RightController
5/2/2017 11:14:27 AM:872,-0.6997756,0.75372,0.3012488,35.04985,256.0167,34.13665,RightController
5/2/2017 11:14:27 AM:939,-0.6998023,0.7527527,0.3002539,35.08051,255.8816,34.10104,RightController
5/2/2017 11:14:28 AM:6,-0.6994047,0.7542535,0.3014324,35.04274,255.8386,34.10569,RightController
5/2/2017 11:14:28 AM:95,-0.6992787,0.7538987,0.3009219,35.02754,255.6159,34.04887,RightController
5/2/2017 11:14:28 AM:174,-0.6988553,0.7543329,0.3017309,35.15897,255.7955,34.14102,RightController
5/2/2017 11:14:28 AM:229,-0.6987799,0.7542175,0.3013606,35.15061,255.8038,34.14482,RightController
5/2/2017 11:14:28 AM:330,-0.6982576,0.7540964,0.3017776,35.22833,255.9542,34.18679,RightController
5/2/2017 11:14:28 AM:408,-0.698115,0.7544737,0.3021379,35.22987,256.0239,34.19637,RightController
5/2/2017 11:14:28 AM:464,-0.6979992,0.754487,0.3021369,35.25842,256.0656,34.19584,RightController
5/2/2017 11:14:28 AM:542,-0.6981798,0.754845,0.3024848,35.27114,256.02,34.22328,RightController
5/2/2017 11:14:28 AM:598,-0.6986176,0.7543386,0.3018961,35.30505,255.9957,34.2254,RightController
5/2/2017 11:14:28 AM:665,-0.6985348,0.7545236,0.3024247,35.3243,256.0723,34.27636,RightController
5/2/2017 11:14:28 AM:743,-0.6980628,0.7550737,0.3027191,35.32717,255.9193,34.22387,RightController
5/2/2017 11:14:28 AM:801,-0.6982064,0.7548258,0.3028665,35.38584,256.0446,34.27797,RightController
5/2/2017 11:14:28 AM:855,-0.6981857,0.755092,0.3029642,35.35938,255.9716,34.24408,RightController
5/2/2017 11:14:28 AM:933,-0.6983122,0.755205,0.3034685,35.44133,256.0449,34.25489,RightController
5/2/2017 11:14:29 AM:24,-0.6984621,0.754452,0.3031945,35.45996,255.994,34.21704,RightController
5/2/2017 11:14:29 AM:89,-0.6984602,0.7548066,0.3037915,35.50175,256.0809,34.22874,RightController
