5/2/2017 11:13:30 AM:444,0,0,0,0,0,0,LeftController
5/2/2017 11:13:30 AM:486,-0.6181844,0.8490974,-0.2412274,15.57539,311.9383,326.4364,LeftController
5/2/2017 11:13:30 AM:519,-0.6192464,0.8481656,-0.2405341,16.10913,311.419,326.5815,LeftController
5/2/2017 11:13:30 AM:551,-0.6192442,0.8484244,-0.2405248,16.14671,312.0917,327.0508,LeftController
5/2/2017 11:13:30 AM:585,-0.6191851,0.8488756,-0.2405391,16.13918,312.8419,327.5028,LeftController
5/2/2017 11:13:30 AM:622,-0.6200554,0.8488598,-0.2400343,16.32711,312.5584,328.0117,LeftController
5/2/2017 11:13:30 AM:655,-0.6208755,0.8492329,-0.2399521,16.2147,312.2404,328.7541,LeftController
5/2/2017 11:13:30 AM:687,-0.6218642,0.8501064,-0.2417989,15.94561,311.471,328.8366,LeftController
5/2/2017 11:13:30 AM:722,-0.6224725,0.8501588,-0.2415884,16.27118,311.0307,329.5613,LeftController
5/2/2017 11:13:30 AM:764,-0.6239618,0.8495072,-0.2403109,16.61308,310.5412,330.1795,LeftController
5/2/2017 11:13:30 AM:813,-0.6252488,0.8488575,-0.2398803,16.47007,309.9435,329.9157,LeftController
5/2/2017 11:13:30 AM:856,-0.6249229,0.849728,-0.2418489,16.47726,309.7231,330.1013,LeftController
5/2/2017 11:13:30 AM:901,-0.6232425,0.8504342,-0.2436459,16.73407,310.2886,331.2178,LeftController
5/2/2017 11:13:30 AM:940,-0.6228322,0.8508528,-0.2439959,16.43189,310.4648,331.8637,LeftController
5/2/2017 11:13:30 AM:976,-0.6244334,0.8503554,-0.2439227,16.28166,309.6908,331.5995,LeftController
5/2/2017 11:13:31 AM:27,-0.6238279,0.8510326,-0.2473912,16.20667,308.6972,331.0812,LeftController
5/2/2017 11:13:31 AM:58,-0.6240007,0.8511019,-0.2471633,16.0395,308.7522,331.4726,LeftController
5/2/2017 11:13:31 AM:93,-0.6232439,0.8514869,-0.24632,15.75071,309.2931,331.217,LeftController
5/2/2017 11:13:31 AM:133,-0.6223787,0.8517228,-0.2441416,14.80959,310.2414,329.1656,LeftController
5/2/2017 11:13:31 AM:186,-0.6238467,0.8524816,-0.2441323,14.21638,309.6663,328.5294,LeftController
5/2/2017 11:13:31 AM:220,-0.6257123,0.8533876,-0.244447,14.05998,308.7037,330.4023,LeftController
5/2/2017 11:13:31 AM:253,-0.6268283,0.8542962,-0.2449987,13.51564,307.9977,330.6523,LeftController
5/2/2017 11:13:31 AM:287,-0.6276554,0.8552812,-0.2457583,12.82677,307.4072,330.5644,LeftController
5/2/2017 11:13:31 AM:321,-0.6283106,0.8564901,-0.2466905,12.442,307.346,331.1077,LeftController
5/2/2017 11:13:31 AM:357,-0.6286733,0.8565406,-0.2457113,12.38648,307.4038,331.1242,LeftController
5/2/2017 11:13:31 AM:388,-0.6284505,0.856536,-0.2446191,11.91016,307.6561,330.9093,LeftController
5/2/2017 11:13:31 AM:422,-0.6271973,0.8566513,-0.2440596,11.6891,308.267,330.6882,LeftController
5/2/2017 11:13:31 AM:455,-0.6267794,0.8553251,-0.2431245,12.11427,308.5629,330.0974,LeftController
5/2/2017 11:13:31 AM:488,-0.6264192,0.8541145,-0.2435973,12.99282,308.4807,329.5099,LeftController
5/2/2017 11:13:31 AM:522,-0.6269077,0.8524156,-0.2435453,13.82399,307.9684,329.663,LeftController
5/2/2017 11:13:31 AM:556,-0.62475,0.8525096,-0.2462544,14.14507,307.4415,329.5077,LeftController
5/2/2017 11:13:31 AM:593,-0.6240413,0.8516215,-0.245394,13.64522,307.3284,328.8939,LeftController
5/2/2017 11:13:31 AM:630,-0.6249324,0.8484986,-0.2407146,13.89425,307.7325,328.4043,LeftController
5/2/2017 11:13:31 AM:697,-0.6180686,0.8488907,-0.2410491,14.44399,309.6804,328.5309,LeftController
5/2/2017 11:13:31 AM:748,-0.618946,0.8489907,-0.2411313,14.49251,309.4891,328.4703,LeftController
5/2/2017 11:13:31 AM:819,-0.6202997,0.8490478,-0.2407496,14.46154,309.2579,328.2455,LeftController
5/2/2017 11:13:31 AM:880,-0.6197459,0.8491436,-0.2404964,14.46655,309.9553,328.4162,LeftController
5/2/2017 11:13:31 AM:935,-0.619716,0.84879,-0.2391381,14.54145,310.2373,328.3246,LeftController
5/2/2017 11:13:31 AM:974,-0.619197,0.8486662,-0.23826,14.54778,310.4461,328.2837,LeftController
5/2/2017 11:13:32 AM:14,-0.6183881,0.8487011,-0.2383502,14.51074,310.7178,328.2132,LeftController
5/2/2017 11:13:32 AM:49,-0.6188539,0.8482817,-0.2368655,14.49812,310.9593,328.257,LeftController
5/2/2017 11:13:32 AM:92,-0.6179783,0.8482082,-0.2368698,14.61545,311.3727,328.2041,LeftController
5/2/2017 11:13:32 AM:133,-0.6178281,0.8479239,-0.2364473,14.65221,311.5761,328.2406,LeftController
5/2/2017 11:13:32 AM:178,-0.6182003,0.8471555,-0.2349854,14.67922,311.6771,328.2074,LeftController
5/2/2017 11:13:32 AM:222,-0.6187879,0.8467172,-0.2339511,14.69044,311.631,328.2716,LeftController
5/2/2017 11:13:32 AM:262,-0.6188053,0.8467277,-0.2339754,14.70539,311.737,328.3782,LeftController
5/2/2017 11:13:32 AM:300,-0.6182278,0.8469323,-0.2345731,14.75308,311.9118,328.4208,LeftController
5/2/2017 11:13:32 AM:357,-0.6184556,0.8464766,-0.2336714,14.87486,312.2112,328.3419,LeftController
5/2/2017 11:13:32 AM:418,-0.6197906,0.8458807,-0.2321649,14.92758,312.4909,328.3669,LeftController
5/2/2017 11:13:32 AM:466,-0.6198536,0.8456769,-0.2321677,14.96212,312.3951,328.3701,LeftController
5/2/2017 11:13:32 AM:509,-0.6200519,0.8454866,-0.2322226,15.02718,312.4473,328.4072,LeftController
5/2/2017 11:13:32 AM:549,-0.6197621,0.8457738,-0.2328944,15.04075,312.4447,328.4038,LeftController
5/2/2017 11:13:32 AM:590,-0.6204908,0.8456893,-0.2324698,15.01162,312.3647,328.3532,LeftController
5/2/2017 11:13:32 AM:640,-0.620912,0.8456514,-0.2322655,15.05162,312.3831,328.3831,LeftController
5/2/2017 11:13:32 AM:687,-0.621403,0.845314,-0.2312458,15.04194,312.4627,328.3262,LeftController
5/2/2017 11:13:32 AM:733,-0.620878,0.8458239,-0.2326155,15.05439,312.4362,328.3354,LeftController
5/2/2017 11:13:32 AM:768,-0.6211106,0.8457117,-0.2324309,15.03045,312.4569,328.3507,LeftController
5/2/2017 11:13:32 AM:824,-0.6222295,0.8448771,-0.2306993,15.06703,312.48,328.3685,LeftController
5/2/2017 11:13:32 AM:879,-0.6233501,0.8443533,-0.2295158,15.11748,312.3749,328.4493,LeftController
5/2/2017 11:13:32 AM:910,-0.6235958,0.8442901,-0.2291501,15.0642,312.3961,328.4388,LeftController
5/2/2017 11:13:32 AM:947,-0.6240307,0.8441472,-0.2287261,15.02969,312.376,328.4302,LeftController
5/2/2017 11:13:32 AM:988,-0.6240913,0.843877,-0.2280397,15.04692,312.4311,328.4601,LeftController
5/2/2017 11:13:33 AM:43,-0.6228687,0.8442444,-0.22896,15.04842,312.6165,328.5122,LeftController
5/2/2017 11:13:33 AM:87,-0.6229957,0.8441567,-0.2285664,15.02533,312.673,328.4839,LeftController
5/2/2017 11:13:33 AM:132,-0.6230927,0.8443704,-0.2283616,15.0191,312.6895,328.5296,LeftController
5/2/2017 11:13:33 AM:171,-0.6226095,0.844638,-0.2285359,15.01771,312.6734,328.5498,LeftController
5/2/2017 11:13:33 AM:214,-0.6220518,0.8449433,-0.2292871,15.0213,312.6247,328.6196,LeftController
5/2/2017 11:13:33 AM:259,-0.6216247,0.8448471,-0.2288785,14.99901,312.6304,328.5909,LeftController
5/2/2017 11:13:33 AM:318,-0.6217819,0.8445427,-0.2278197,14.99708,312.7754,328.6444,LeftController
5/2/2017 11:13:33 AM:387,-0.6218804,0.8440086,-0.2274833,14.97854,312.7752,328.6672,LeftController
5/2/2017 11:13:33 AM:432,-0.6218915,0.843756,-0.2273993,15.01255,312.7473,328.5425,LeftController
5/2/2017 11:13:33 AM:482,-0.6212703,0.8437655,-0.2276909,14.98893,312.7802,328.6007,LeftController
5/2/2017 11:13:33 AM:524,-0.6217257,0.8433533,-0.2270555,14.9629,312.6974,328.6241,LeftController
5/2/2017 11:13:33 AM:568,-0.6209223,0.8437481,-0.2287834,14.95965,312.4307,328.6682,LeftController
5/2/2017 11:13:33 AM:639,-0.6215446,0.8425108,-0.2277367,14.93277,312.2933,328.6624,LeftController
5/2/2017 11:13:33 AM:694,-0.6214445,0.8421693,-0.2278092,14.89775,312.0543,328.7513,LeftController
5/2/2017 11:13:33 AM:734,-0.6208493,0.841774,-0.2276263,14.85188,311.9793,328.7519,LeftController
5/2/2017 11:13:33 AM:776,-0.6204041,0.8411859,-0.2272205,14.89093,311.9093,328.9429,LeftController
5/2/2017 11:13:33 AM:818,-0.6198102,0.841284,-0.2282977,14.8948,311.9007,329.0536,LeftController
5/2/2017 11:13:33 AM:865,-0.6196343,0.8413359,-0.2289622,14.91559,311.9385,329.1802,LeftController
5/2/2017 11:13:33 AM:914,-0.6203412,0.8410876,-0.228364,14.95906,312.1522,329.2679,LeftController
5/2/2017 11:13:33 AM:949,-0.6215221,0.8409224,-0.2272642,14.97448,312.4967,329.1053,LeftController
5/2/2017 11:13:33 AM:995,-0.6212932,0.8412085,-0.2274287,15.06509,312.9757,329.1938,LeftController
5/2/2017 11:13:34 AM:41,-0.6222456,0.8405907,-0.2254198,15.12744,313.4068,329.0543,LeftController
5/2/2017 11:13:34 AM:113,-0.623329,0.8405638,-0.2229481,15.1528,314.2447,328.7506,LeftController
5/2/2017 11:13:34 AM:178,-0.6249766,0.8406587,-0.2207806,15.09197,314.5851,328.4674,LeftController
5/2/2017 11:13:34 AM:223,-0.6241518,0.8415122,-0.2215297,15.17448,314.5735,328.3417,LeftController
5/2/2017 11:13:34 AM:274,-0.6237258,0.8424839,-0.2223866,15.23936,314.8188,328.4271,LeftController
5/2/2017 11:13:34 AM:337,-0.6229984,0.8436381,-0.224406,15.34162,314.9429,328.3795,LeftController
5/2/2017 11:13:34 AM:390,-0.6231524,0.8439505,-0.2239203,15.40573,315.0919,328.2772,LeftController
5/2/2017 11:13:34 AM:456,-0.6225331,0.8452466,-0.2243936,15.39862,315.2278,328.2355,LeftController
5/2/2017 11:13:34 AM:509,-0.6227633,0.8451356,-0.2237556,15.46279,315.2509,328.1955,LeftController
5/2/2017 11:13:34 AM:552,-0.6217976,0.8455495,-0.2240181,15.47878,315.2581,328.0939,LeftController
5/2/2017 11:13:34 AM:591,-0.6221819,0.8453178,-0.2233207,15.53234,315.1541,328.0692,LeftController
5/2/2017 11:13:34 AM:636,-0.6223587,0.8447218,-0.22243,15.57606,314.9839,328.1125,LeftController
5/2/2017 11:13:34 AM:675,-0.6219141,0.8447498,-0.2225127,15.55061,314.9067,328.0871,LeftController
5/2/2017 11:13:34 AM:721,-0.6219729,0.8445829,-0.222018,15.58934,314.744,328.1163,LeftController
5/2/2017 11:13:34 AM:764,-0.6213959,0.844445,-0.2221169,15.61129,314.6338,328.1336,LeftController
5/2/2017 11:13:34 AM:822,-0.6202704,0.8452463,-0.2235799,15.63053,314.5355,328.1191,LeftController
5/2/2017 11:13:34 AM:861,-0.6203243,0.8454864,-0.223594,15.62802,314.5288,328.0869,LeftController
5/2/2017 11:13:34 AM:901,-0.6195191,0.8458024,-0.2238452,15.6325,314.5638,328.0562,LeftController
5/2/2017 11:13:34 AM:959,-0.6193461,0.8458159,-0.2230873,15.6687,314.6422,328.0248,LeftController
5/2/2017 11:13:35 AM:27,-0.6192546,0.8450258,-0.2222562,15.73544,314.7905,328.1262,LeftController
5/2/2017 11:13:35 AM:80,-0.6192193,0.8444699,-0.2212133,15.81762,314.8328,328.2041,LeftController
5/2/2017 11:13:35 AM:123,-0.6186931,0.8447522,-0.2216403,15.82742,314.872,328.2444,LeftController
5/2/2017 11:13:35 AM:166,-0.618337,0.8446946,-0.2215016,15.87934,314.9225,328.2891,LeftController
5/2/2017 11:13:35 AM:212,-0.6184298,0.8439604,-0.22071,15.92959,314.9977,328.3876,LeftController
5/2/2017 11:13:35 AM:270,-0.6186107,0.8434095,-0.2210135,15.95995,314.7629,328.4192,LeftController
5/2/2017 11:13:35 AM:335,-0.6199595,0.8427567,-0.2198381,15.9769,314.683,328.4503,LeftController
5/2/2017 11:13:35 AM:380,-0.6199738,0.8428414,-0.220602,15.96709,314.621,328.4562,LeftController
5/2/2017 11:13:35 AM:418,-0.6199445,0.8429588,-0.2207742,15.98412,314.5475,328.4387,LeftController
5/2/2017 11:13:35 AM:473,-0.6205386,0.8430053,-0.2206416,15.94721,314.613,328.3966,LeftController
5/2/2017 11:13:35 AM:539,-0.6203322,0.8432542,-0.2219708,15.98766,314.5039,328.4496,LeftController
5/2/2017 11:13:35 AM:591,-0.620572,0.8429545,-0.2217515,15.99101,314.5766,328.4251,LeftController
5/2/2017 11:13:35 AM:637,-0.621673,0.8420948,-0.2205236,15.99718,314.56,328.4487,LeftController
5/2/2017 11:13:35 AM:681,-0.6231133,0.8413643,-0.218827,15.97937,314.5445,328.5024,LeftController
5/2/2017 11:13:35 AM:729,-0.6234279,0.8413423,-0.2187722,15.95197,314.5197,328.4632,LeftController
5/2/2017 11:13:35 AM:776,-0.6232115,0.8413014,-0.2193754,15.93554,314.4722,328.5098,LeftController
5/2/2017 11:13:35 AM:815,-0.6230286,0.8414549,-0.21984,15.89944,314.4301,328.4744,LeftController
5/2/2017 11:13:35 AM:859,-0.6225989,0.8416002,-0.2206903,15.86026,314.3313,328.5213,LeftController
5/2/2017 11:13:35 AM:901,-0.6224765,0.8416194,-0.220767,15.84924,314.3265,328.522,LeftController
5/2/2017 11:13:35 AM:938,-0.62238,0.8415432,-0.2203593,15.86209,314.3415,328.5936,LeftController
5/2/2017 11:13:35 AM:982,-0.6211371,0.8422993,-0.2220924,15.84891,314.3613,328.629,LeftController
5/2/2017 11:13:36 AM:28,-0.6208159,0.8424206,-0.2226083,15.8799,314.384,328.5782,LeftController
5/2/2017 11:13:36 AM:73,-0.6216749,0.8417181,-0.2207639,15.95958,314.6083,328.5924,LeftController
5/2/2017 11:13:36 AM:141,-0.6223079,0.8413476,-0.2205215,15.97717,314.3751,328.5861,LeftController
5/2/2017 11:13:36 AM:196,-0.6231476,0.8412097,-0.2192447,15.97338,314.4164,328.5066,LeftController
5/2/2017 11:13:36 AM:240,-0.6225172,0.8417666,-0.2199199,15.91168,314.4487,328.4028,LeftController
5/2/2017 11:13:36 AM:280,-0.622516,0.8421321,-0.2205803,15.89103,314.2888,328.3627,LeftController
5/2/2017 11:13:36 AM:320,-0.6214796,0.8428513,-0.2226806,15.90164,314.2307,328.3792,LeftController
5/2/2017 11:13:36 AM:361,-0.6209716,0.8432797,-0.2233973,15.89023,314.263,328.3498,LeftController
5/2/2017 11:13:36 AM:410,-0.621374,0.8434802,-0.2236235,15.95367,314.1837,328.334,LeftController
5/2/2017 11:13:36 AM:455,-0.6215717,0.8436279,-0.2233739,15.96591,314.2417,328.265,LeftController
5/2/2017 11:13:36 AM:494,-0.6217455,0.843729,-0.2228317,15.96348,314.3301,328.1911,LeftController
5/2/2017 11:13:36 AM:532,-0.6212693,0.844039,-0.2232072,15.97268,314.3759,328.1367,LeftController
5/2/2017 11:13:36 AM:576,-0.6210896,0.8443393,-0.2237873,15.97983,314.3892,328.0786,LeftController
5/2/2017 11:13:36 AM:631,-0.6221476,0.8441755,-0.2229018,15.97591,314.3054,328.0304,LeftController
5/2/2017 11:13:36 AM:737,-0.6219673,0.844138,-0.2228613,15.99093,314.2614,328.0408,LeftController
5/2/2017 11:13:36 AM:811,-0.6236218,0.8426296,-0.2201376,16.00492,314.1787,327.9622,LeftController
5/2/2017 11:13:36 AM:877,-0.6242188,0.8424541,-0.2195783,15.98666,314.1862,327.9194,LeftController
5/2/2017 11:13:36 AM:943,-0.6240269,0.8423632,-0.2197995,16.00233,314.2282,327.9482,LeftController
5/2/2017 11:13:36 AM:993,-0.6250404,0.8417557,-0.2181292,15.94841,314.3806,327.9252,LeftController
5/2/2017 11:13:37 AM:39,-0.6238396,0.842481,-0.2195971,15.9186,314.182,327.9276,LeftController
5/2/2017 11:13:37 AM:92,-0.6240158,0.8420218,-0.218349,15.94336,314.2873,327.9061,LeftController
5/2/2017 11:13:37 AM:150,-0.6236626,0.842521,-0.2186005,15.91273,314.3716,327.9094,LeftController
5/2/2017 11:13:37 AM:210,-0.6217024,0.8437086,-0.220525,15.89673,314.5042,327.8732,LeftController
5/2/2017 11:13:37 AM:267,-0.6226072,0.8430785,-0.219022,15.94867,314.5934,327.9687,LeftController
5/2/2017 11:13:37 AM:310,-0.6220917,0.8431309,-0.2190909,15.97913,314.5927,327.9641,LeftController
5/2/2017 11:13:37 AM:368,-0.623036,0.8423992,-0.2167127,15.94755,314.7681,327.9445,LeftController
5/2/2017 11:13:37 AM:412,-0.6232013,0.842243,-0.2163804,15.94996,314.7971,327.9697,LeftController
5/2/2017 11:13:37 AM:453,-0.6223925,0.8427126,-0.217366,15.96,314.8844,327.9946,LeftController
5/2/2017 11:13:37 AM:491,-0.6224852,0.8427097,-0.2169733,15.99101,315.0723,327.9937,LeftController
5/2/2017 11:13:37 AM:540,-0.6217897,0.8430594,-0.217453,15.97582,315.2186,327.9482,LeftController
5/2/2017 11:13:37 AM:598,-0.6215688,0.8432672,-0.2169054,16.01634,315.2585,327.9796,LeftController
5/2/2017 11:13:37 AM:657,-0.6203526,0.8438568,-0.2182443,16.09745,315.3785,327.9635,LeftController
5/2/2017 11:13:37 AM:726,-0.6199431,0.8441566,-0.2187824,16.12262,315.3958,327.9545,LeftController
5/2/2017 11:13:37 AM:770,-0.6202803,0.8437464,-0.2176909,16.12842,315.4684,327.978,LeftController
5/2/2017 11:13:37 AM:813,-0.6196227,0.8441468,-0.2179513,16.14149,315.5364,327.9218,LeftController
5/2/2017 11:13:37 AM:859,-0.6200577,0.8440356,-0.2175231,16.17024,315.6427,327.9424,LeftController
5/2/2017 11:13:37 AM:893,-0.6209618,0.8438373,-0.2166886,16.21432,315.6112,327.9729,LeftController
5/2/2017 11:13:37 AM:939,-0.6216003,0.8434387,-0.2160718,16.26376,315.632,327.9561,LeftController
5/2/2017 11:13:38 AM:5,-0.6216431,0.8437262,-0.2152619,16.21288,315.7368,327.9242,LeftController
5/2/2017 11:13:38 AM:63,-0.621021,0.8441288,-0.2158637,16.25974,315.6443,327.8782,LeftController
5/2/2017 11:13:38 AM:112,-0.6208223,0.8438903,-0.2161641,16.25043,315.6065,327.9186,LeftController
5/2/2017 11:13:38 AM:175,-0.6207681,0.8439288,-0.2166069,16.29795,315.4055,327.9706,LeftController
5/2/2017 11:13:38 AM:232,-0.6209092,0.843829,-0.2161124,16.30956,315.3648,327.9467,LeftController
5/2/2017 11:13:38 AM:278,-0.6205041,0.8440223,-0.2167051,16.32735,315.3708,327.9438,LeftController
5/2/2017 11:13:38 AM:321,-0.6196569,0.8446127,-0.2178395,16.32349,315.3544,327.9243,LeftController
5/2/2017 11:13:38 AM:368,-0.6198372,0.8445263,-0.2174096,16.34546,315.4118,327.9128,LeftController
5/2/2017 11:13:38 AM:417,-0.6199423,0.8443912,-0.2172651,16.35793,315.3777,327.8964,LeftController
5/2/2017 11:13:38 AM:485,-0.6198908,0.8447084,-0.2174976,16.34392,315.2806,327.9162,LeftController
5/2/2017 11:13:38 AM:541,-0.6190556,0.8449104,-0.2191556,16.31768,315.0113,328.0101,LeftController
5/2/2017 11:13:38 AM:613,-0.619678,0.8446016,-0.2182562,16.29743,314.8793,328.0631,LeftController
5/2/2017 11:13:38 AM:660,-0.618518,0.8451868,-0.2194748,16.26657,314.8666,328.1042,LeftController
5/2/2017 11:13:38 AM:723,-0.6185573,0.845036,-0.220011,16.2573,314.6682,328.1885,LeftController
5/2/2017 11:13:38 AM:779,-0.6187557,0.844618,-0.2197959,16.27306,314.6932,328.1764,LeftController
5/2/2017 11:13:38 AM:822,-0.6195768,0.8443295,-0.2190955,16.24813,314.7073,328.1415,LeftController
5/2/2017 11:13:38 AM:860,-0.6204313,0.8436736,-0.2180212,16.25098,314.6855,328.1364,LeftController
5/2/2017 11:13:38 AM:914,-0.6201652,0.8440046,-0.2193522,16.2569,314.6391,328.1855,LeftController
5/2/2017 11:13:38 AM:959,-0.6202102,0.8440074,-0.2197971,16.22512,314.6263,328.2113,LeftController
5/2/2017 11:13:39 AM:2,-0.6215959,0.8433309,-0.2181387,16.2063,314.5921,328.2144,LeftController
5/2/2017 11:13:39 AM:40,-0.6215202,0.8435689,-0.2184625,16.19361,314.6,328.296,LeftController
5/2/2017 11:13:39 AM:100,-0.6208073,0.8438964,-0.2194304,16.2046,314.615,328.2464,LeftController
5/2/2017 11:13:39 AM:165,-0.6206352,0.8441303,-0.2197058,16.17534,314.5836,328.1649,LeftController
5/2/2017 11:13:39 AM:206,-0.6206406,0.844197,-0.2193046,16.16701,314.5421,328.12,LeftController
5/2/2017 11:13:39 AM:249,-0.6211957,0.8441939,-0.219187,16.19147,314.4551,328.0775,LeftController
5/2/2017 11:13:39 AM:294,-0.6213002,0.844532,-0.2193086,16.19908,314.4838,328.0047,LeftController
5/2/2017 11:13:39 AM:363,-0.620772,0.8453445,-0.220134,16.30904,314.7139,327.9876,LeftController
5/2/2017 11:13:39 AM:418,-0.62094,0.8457551,-0.2207518,16.32162,314.7169,327.9555,LeftController
5/2/2017 11:13:39 AM:463,-0.6205798,0.8464953,-0.2216542,16.28232,314.5574,327.9232,LeftController
5/2/2017 11:13:39 AM:510,-0.62138,0.8458041,-0.220387,16.35339,314.4744,327.9269,LeftController
5/2/2017 11:13:39 AM:558,-0.6209321,0.8455924,-0.2207115,16.37037,314.243,327.9409,LeftController
5/2/2017 11:13:39 AM:607,-0.6202996,0.8451964,-0.2209444,16.39085,313.7611,327.989,LeftController
5/2/2017 11:13:39 AM:654,-0.6194471,0.8452622,-0.2215593,16.40281,313.5517,328.027,LeftController
5/2/2017 11:13:39 AM:696,-0.6189337,0.8452578,-0.2221644,16.367,313.2463,328.0662,LeftController
5/2/2017 11:13:39 AM:741,-0.6169132,0.8458024,-0.2249424,16.34539,312.8909,328.0883,LeftController
5/2/2017 11:13:39 AM:789,-0.6169003,0.8454772,-0.2250926,16.38109,312.6765,328.1246,LeftController
5/2/2017 11:13:39 AM:829,-0.6166743,0.8451223,-0.2254791,16.41102,312.4357,328.1912,LeftController
5/2/2017 11:13:39 AM:871,-0.6166673,0.8447381,-0.22557,16.4826,312.2751,328.2372,LeftController
5/2/2017 11:13:39 AM:918,-0.6160516,0.8449506,-0.2262075,16.48441,312.2215,328.2767,LeftController
5/2/2017 11:13:39 AM:965,-0.6157862,0.8450676,-0.2264996,16.49679,312.3209,328.3812,LeftController
5/2/2017 11:13:40 AM:8,-0.6154971,0.8452387,-0.2270453,16.48996,312.4549,328.3752,LeftController
5/2/2017 11:13:40 AM:54,-0.6153706,0.8455083,-0.2274985,16.48585,312.713,328.3583,LeftController
5/2/2017 11:13:40 AM:97,-0.6165967,0.8448255,-0.226233,16.44144,312.8481,328.3647,LeftController
5/2/2017 11:13:40 AM:136,-0.6167058,0.8447989,-0.2268231,16.39168,312.8265,328.3297,LeftController
5/2/2017 11:13:40 AM:196,-0.6172849,0.8437241,-0.2260177,16.41556,312.8983,328.5753,LeftController
5/2/2017 11:13:40 AM:273,-0.6170759,0.8435851,-0.2257192,16.43141,313.196,328.8191,LeftController
5/2/2017 11:13:40 AM:321,-0.6177794,0.8430483,-0.2246771,16.51399,313.4363,328.7753,LeftController
5/2/2017 11:13:40 AM:383,-0.6193995,0.8431557,-0.2232475,16.67233,314.1984,328.8084,LeftController
5/2/2017 11:13:40 AM:441,-0.6206011,0.8429284,-0.2220678,16.62881,314.4767,328.6509,LeftController
5/2/2017 11:13:40 AM:485,-0.6208131,0.8430662,-0.2217073,16.62898,314.5546,328.5575,LeftController
5/2/2017 11:13:40 AM:553,-0.6212384,0.8431425,-0.2207251,16.53481,314.8445,328.4257,LeftController
5/2/2017 11:13:40 AM:609,-0.6228433,0.8417146,-0.2189231,16.64709,314.6471,328.4485,LeftController
5/2/2017 11:13:40 AM:652,-0.6227142,0.8417629,-0.2197936,16.68866,314.437,328.4961,LeftController
5/2/2017 11:13:40 AM:698,-0.6227239,0.8416188,-0.2201972,16.70109,314.2318,328.5265,LeftController
5/2/2017 11:13:40 AM:746,-0.6216606,0.8422327,-0.2218714,16.71884,314.1164,328.5611,LeftController
5/2/2017 11:13:40 AM:803,-0.6211945,0.8422658,-0.22189,16.73342,314.0743,328.5018,LeftController
5/2/2017 11:13:40 AM:867,-0.622336,0.8415629,-0.2201369,16.82633,314.1732,328.4845,LeftController
5/2/2017 11:13:40 AM:921,-0.6221577,0.8416628,-0.220263,16.84181,314.1443,328.4588,LeftController
5/2/2017 11:13:40 AM:987,-0.6222495,0.8422126,-0.2211301,16.93256,313.9842,328.4455,LeftController
5/2/2017 11:13:41 AM:45,-0.6221737,0.842505,-0.221751,16.94642,313.9659,328.4366,LeftController
5/2/2017 11:13:41 AM:100,-0.621909,0.8432485,-0.223397,16.95203,313.7735,328.3768,LeftController
5/2/2017 11:13:41 AM:155,-0.6216493,0.8435675,-0.2234311,16.97637,313.6415,328.3494,LeftController
5/2/2017 11:13:41 AM:211,-0.6211638,0.8436564,-0.2240567,16.99431,313.6425,328.4427,LeftController
5/2/2017 11:13:41 AM:249,-0.6214479,0.8435583,-0.2237976,17.00051,313.583,328.5345,LeftController
5/2/2017 11:13:41 AM:289,-0.6205,0.8439189,-0.2249575,17.02324,313.4283,328.6031,LeftController
5/2/2017 11:13:41 AM:336,-0.6205579,0.8439572,-0.2251472,17.01483,313.4132,328.699,LeftController
5/2/2017 11:13:41 AM:381,-0.6207855,0.8440926,-0.2254291,16.94856,313.3873,328.7488,LeftController
5/2/2017 11:13:41 AM:436,-0.6223004,0.8434353,-0.2242975,16.92245,313.215,328.8624,LeftController
5/2/2017 11:13:41 AM:502,-0.6232373,0.8425622,-0.2230814,16.84762,313.1638,328.8797,LeftController
5/2/2017 11:13:41 AM:549,-0.6234169,0.8422924,-0.2230322,16.83773,313.0698,328.9646,LeftController
5/2/2017 11:13:41 AM:599,-0.6233696,0.8422227,-0.2233925,16.77255,313.0446,328.9229,LeftController
5/2/2017 11:13:41 AM:634,-0.6243227,0.8412696,-0.2217534,16.73734,312.9969,329.0036,LeftController
5/2/2017 11:13:41 AM:673,-0.6245754,0.8410621,-0.2220788,16.70078,312.9537,328.9225,LeftController
5/2/2017 11:13:41 AM:714,-0.6240942,0.8413154,-0.2230062,16.70473,312.8305,329.058,LeftController
5/2/2017 11:13:41 AM:755,-0.6246555,0.8409038,-0.2223399,16.65862,312.8054,329.0598,LeftController
5/2/2017 11:13:41 AM:792,-0.6245652,0.8409219,-0.2224865,16.62241,312.6687,328.9999,LeftController
5/2/2017 11:13:41 AM:839,-0.6243781,0.8410337,-0.2232506,16.62733,312.607,329.0004,LeftController
5/2/2017 11:13:41 AM:895,-0.6241615,0.8411671,-0.223628,16.61635,312.5748,329.0852,LeftController
5/2/2017 11:13:41 AM:965,-0.624459,0.8412995,-0.2235384,16.56722,312.5554,329.0736,LeftController
5/2/2017 11:13:42 AM:27,-0.6229974,0.842122,-0.2247424,16.52895,312.5765,328.9934,LeftController
5/2/2017 11:13:42 AM:83,-0.6228703,0.8419329,-0.2243695,16.52029,312.6734,329.0247,LeftController
5/2/2017 11:13:42 AM:127,-0.6224195,0.8422371,-0.2253847,16.50587,312.5316,329.0283,LeftController
5/2/2017 11:13:42 AM:175,-0.6232435,0.8414458,-0.2238119,16.53097,312.5663,328.9709,LeftController
5/2/2017 11:13:42 AM:215,-0.6226472,0.8417138,-0.2239015,16.46303,312.6357,328.8386,LeftController
5/2/2017 11:13:42 AM:259,-0.6228848,0.8413619,-0.2229803,16.47923,312.6075,328.7774,LeftController
5/2/2017 11:13:42 AM:306,-0.623472,0.8406016,-0.2213771,16.48786,312.6557,328.7221,LeftController
5/2/2017 11:13:42 AM:372,-0.6217905,0.8414167,-0.2227454,16.44442,312.6513,328.6647,LeftController
5/2/2017 11:13:42 AM:422,-0.6205604,0.8420613,-0.2238381,16.46473,312.6667,328.6526,LeftController
5/2/2017 11:13:42 AM:468,-0.6201741,0.8421068,-0.2235432,16.46246,312.7675,328.6096,LeftController
5/2/2017 11:13:42 AM:511,-0.6204736,0.8414237,-0.2216897,16.4583,312.7672,328.6018,LeftController
5/2/2017 11:13:42 AM:548,-0.620784,0.8409562,-0.2208378,16.49199,312.6625,328.6814,LeftController
5/2/2017 11:13:42 AM:586,-0.6190423,0.8416322,-0.2223525,16.50244,312.4984,328.7841,LeftController
5/2/2017 11:13:42 AM:635,-0.6190411,0.841592,-0.2221491,16.51361,312.3354,328.8209,LeftController
5/2/2017 11:13:42 AM:705,-0.6190953,0.8413261,-0.2219222,16.49648,311.921,328.7597,LeftController
5/2/2017 11:13:42 AM:759,-0.6175342,0.8409516,-0.2213435,16.54842,311.8977,328.7306,LeftController
5/2/2017 11:13:42 AM:821,-0.6157583,0.8411572,-0.2208333,16.64384,311.9718,328.6537,LeftController
5/2/2017 11:13:42 AM:871,-0.6152627,0.8411881,-0.2205608,16.6611,312.03,328.5844,LeftController
5/2/2017 11:13:42 AM:926,-0.6139885,0.8427068,-0.2222998,16.54786,311.7648,328.3189,LeftController
5/2/2017 11:13:42 AM:987,-0.6130065,0.8438057,-0.2242157,16.41772,311.4391,328.2396,LeftController
5/2/2017 11:13:43 AM:50,-0.6133667,0.8432071,-0.2230716,16.48315,311.3659,328.236,LeftController
5/2/2017 11:13:43 AM:92,-0.6127509,0.8435268,-0.2227783,16.43618,311.4234,328.1119,LeftController
5/2/2017 11:13:43 AM:125,-0.6123654,0.8436857,-0.222713,16.43104,311.44,328.0185,LeftController
5/2/2017 11:13:43 AM:189,-0.6103574,0.8441926,-0.2236879,16.43412,311.4387,327.95,LeftController
5/2/2017 11:13:43 AM:246,-0.6105895,0.8437859,-0.2233527,16.46435,311.2178,327.9849,LeftController
5/2/2017 11:13:43 AM:291,-0.6091423,0.8442899,-0.2244928,16.48446,311.0252,327.978,LeftController
5/2/2017 11:13:43 AM:359,-0.6036719,0.8473017,-0.2310219,16.51616,311.0341,327.9539,LeftController
5/2/2017 11:13:43 AM:422,-0.6004308,0.8498574,-0.2349906,16.5356,310.9716,327.8743,LeftController
5/2/2017 11:13:43 AM:471,-0.5989851,0.8505971,-0.2363837,16.51866,310.9639,327.8141,LeftController
5/2/2017 11:13:43 AM:506,-0.5973555,0.852126,-0.2385406,16.49854,310.9069,327.7471,LeftController
5/2/2017 11:13:43 AM:545,-0.5965314,0.8526161,-0.2397556,16.51502,310.862,327.738,LeftController
5/2/2017 11:13:43 AM:589,-0.5955395,0.8531711,-0.2410748,16.56776,310.9711,327.7019,LeftController
5/2/2017 11:13:43 AM:645,-0.595556,0.8534307,-0.2412889,16.55621,311.0915,327.6277,LeftController
5/2/2017 11:13:43 AM:706,-0.5952169,0.8538127,-0.2421556,16.5459,311.0969,327.6199,LeftController
5/2/2017 11:13:43 AM:746,-0.5944408,0.8541228,-0.243212,16.52489,311.0097,327.5947,LeftController
5/2/2017 11:13:43 AM:784,-0.5945985,0.8540801,-0.2432337,16.54203,311.1109,327.6391,LeftController
5/2/2017 11:13:43 AM:826,-0.5951214,0.8536563,-0.2434695,16.57164,311.1113,327.6927,LeftController
5/2/2017 11:13:43 AM:870,-0.5955881,0.8537922,-0.2432628,16.65607,311.165,327.6751,LeftController
5/2/2017 11:13:43 AM:940,-0.5953798,0.8544872,-0.2437832,16.63365,311.5754,327.5953,LeftController
5/2/2017 11:13:43 AM:998,-0.5960616,0.854033,-0.2431817,16.64903,311.6051,327.4929,LeftController
5/2/2017 11:13:44 AM:47,-0.5968441,0.8535289,-0.2422941,16.69526,311.7951,327.5834,LeftController
5/2/2017 11:13:44 AM:105,-0.5995765,0.8516911,-0.2399385,16.82163,311.8105,327.6541,LeftController
5/2/2017 11:13:44 AM:160,-0.6018262,0.8498359,-0.2366936,16.82783,311.8936,327.5897,LeftController
5/2/2017 11:13:44 AM:198,-0.6033868,0.848807,-0.2350349,16.85559,311.9078,327.5842,LeftController
5/2/2017 11:13:44 AM:238,-0.6043231,0.8483692,-0.2345009,16.8756,311.9222,327.5961,LeftController
5/2/2017 11:13:44 AM:285,-0.6055839,0.8475565,-0.2330444,16.89475,311.9961,327.5863,LeftController
5/2/2017 11:13:44 AM:323,-0.6057267,0.8476497,-0.233181,16.86994,311.9885,327.5762,LeftController
5/2/2017 11:13:44 AM:387,-0.6060861,0.8478415,-0.233355,16.85292,312.0258,327.5467,LeftController
5/2/2017 11:13:44 AM:444,-0.6072444,0.8474629,-0.2323742,16.86051,312.0012,327.579,LeftController
5/2/2017 11:13:44 AM:506,-0.6078433,0.8470629,-0.2322485,16.84228,311.8826,327.6035,LeftController
5/2/2017 11:13:44 AM:563,-0.6086026,0.8468122,-0.231822,16.83867,311.8806,327.618,LeftController
5/2/2017 11:13:44 AM:619,-0.6093886,0.8467289,-0.2311935,16.78563,311.8862,327.6081,LeftController
5/2/2017 11:13:44 AM:685,-0.6108438,0.8457812,-0.230299,16.80194,311.6783,327.6759,LeftController
5/2/2017 11:13:44 AM:743,-0.6109126,0.8456563,-0.2301786,16.79125,311.7869,327.6367,LeftController
5/2/2017 11:13:44 AM:808,-0.6130528,0.8443779,-0.2274926,16.79356,311.794,327.6366,LeftController
5/2/2017 11:13:44 AM:853,-0.6151476,0.8430927,-0.225075,16.79277,311.8049,327.5867,LeftController
5/2/2017 11:13:44 AM:916,-0.6165572,0.8419521,-0.2230787,16.75593,311.7773,327.6203,LeftController
5/2/2017 11:13:44 AM:978,-0.6179631,0.8405106,-0.2211761,16.84615,311.8115,327.7734,LeftController
5/2/2017 11:13:45 AM:45,-0.6202173,0.83943,-0.2187793,16.77556,311.8751,327.7025,LeftController
5/2/2017 11:13:45 AM:88,-0.6209681,0.8388994,-0.2182696,16.75294,311.87,327.7494,LeftController
5/2/2017 11:13:45 AM:132,-0.622003,0.838202,-0.2172825,16.74078,311.733,327.7656,LeftController
5/2/2017 11:13:45 AM:199,-0.6230751,0.837238,-0.2162328,16.75167,311.5771,327.8146,LeftController
5/2/2017 11:13:45 AM:253,-0.6237336,0.836874,-0.2156551,16.72214,311.5339,327.7969,LeftController
5/2/2017 11:13:45 AM:301,-0.6242123,0.8367736,-0.2157545,16.6983,311.5167,327.822,LeftController
5/2/2017 11:13:45 AM:343,-0.6240526,0.8366741,-0.2162259,16.68981,311.5022,327.8499,LeftController
5/2/2017 11:13:45 AM:399,-0.6250175,0.8356891,-0.2145381,16.6615,311.5042,327.7979,LeftController
5/2/2017 11:13:45 AM:446,-0.6253964,0.8351935,-0.2140515,16.72565,311.4748,327.8633,LeftController
5/2/2017 11:13:45 AM:493,-0.6259619,0.8346485,-0.2132339,16.7284,311.5082,327.9493,LeftController
5/2/2017 11:13:45 AM:546,-0.6265271,0.8341773,-0.2132463,16.74589,311.3472,327.9572,LeftController
5/2/2017 11:13:45 AM:613,-0.6269341,0.8339823,-0.2122602,16.63673,311.4038,327.8748,LeftController
5/2/2017 11:13:45 AM:656,-0.6273431,0.8339529,-0.2123404,16.64502,311.2454,327.9284,LeftController
5/2/2017 11:13:45 AM:695,-0.6269079,0.8341624,-0.21311,16.6528,311.1089,327.9243,LeftController
5/2/2017 11:13:45 AM:738,-0.6264838,0.8341283,-0.2133336,16.62604,311.1026,327.9239,LeftController
5/2/2017 11:13:45 AM:783,-0.6266794,0.8343524,-0.2136965,16.59444,310.9343,327.9189,LeftController
5/2/2017 11:13:45 AM:824,-0.6269965,0.8348546,-0.2141023,16.43479,310.8062,327.7185,LeftController
5/2/2017 11:13:45 AM:868,-0.6275826,0.8356035,-0.2143426,16.27475,310.9164,327.6226,LeftController
5/2/2017 11:13:45 AM:915,-0.6278329,0.8359363,-0.2143974,16.17794,311.1035,327.5659,LeftController
5/2/2017 11:13:45 AM:951,-0.6252948,0.8409712,-0.2202437,15.93034,311.0346,327.6088,LeftController
5/2/2017 11:13:45 AM:991,-0.6262497,0.8457278,-0.2246077,15.37885,310.3693,327.8335,LeftController
5/2/2017 11:13:46 AM:52,-0.6301835,0.8508384,-0.2281709,14.73657,309.8089,327.6458,LeftController
5/2/2017 11:13:46 AM:98,-0.6320515,0.8521372,-0.2285435,14.68726,310.2742,327.2939,LeftController
5/2/2017 11:13:46 AM:138,-0.6334827,0.853254,-0.2290537,14.63286,310.7442,327.0285,LeftController
5/2/2017 11:13:46 AM:187,-0.6345763,0.8536795,-0.2281349,14.62926,311.1653,326.8865,LeftController
5/2/2017 11:13:46 AM:231,-0.6343538,0.8530182,-0.2267876,14.71303,311.7263,326.8456,LeftController
5/2/2017 11:13:46 AM:274,-0.6339196,0.8521041,-0.2244298,14.73469,312.1614,326.9265,LeftController
5/2/2017 11:13:46 AM:319,-0.6335875,0.851416,-0.2222056,14.50239,311.9596,327.1823,LeftController
5/2/2017 11:13:46 AM:363,-0.6332315,0.850912,-0.2203794,14.18277,311.4533,327.4927,LeftController
5/2/2017 11:13:46 AM:406,-0.6314567,0.850028,-0.2203603,14.04384,310.7984,327.5629,LeftController
5/2/2017 11:13:46 AM:438,-0.6292894,0.8492655,-0.2214839,14.11785,310.2901,327.7165,LeftController
5/2/2017 11:13:46 AM:485,-0.6262408,0.847827,-0.2232749,14.36745,309.9336,327.7634,LeftController
5/2/2017 11:13:46 AM:551,-0.6203775,0.8471231,-0.2297575,14.88189,309.1195,327.5983,LeftController
5/2/2017 11:13:46 AM:606,-0.6141572,0.8500017,-0.2401476,15.08912,308.7534,327.6146,LeftController
5/2/2017 11:13:46 AM:655,-0.6080997,0.8530781,-0.2509458,15.43525,308.4797,327.6159,LeftController
5/2/2017 11:13:46 AM:735,-0.6038536,0.8549076,-0.2679641,16.29062,305.8271,327.076,LeftController
5/2/2017 11:13:46 AM:791,-0.6006931,0.8570281,-0.2772675,16.55495,305.5664,326.7642,LeftController
5/2/2017 11:13:46 AM:884,-0.598596,0.8580664,-0.2822137,16.71308,305.5908,326.55,LeftController
5/2/2017 11:13:46 AM:989,-0.5969833,0.8615031,-0.2841308,16.60559,305.8914,326.4519,LeftController
5/2/2017 11:13:47 AM:72,-0.5952303,0.8659196,-0.2790666,15.48534,306.4151,326.9038,LeftController
5/2/2017 11:13:47 AM:137,-0.5895015,0.8658402,-0.2749066,15.74839,307.6257,327.5266,LeftController
5/2/2017 11:13:47 AM:208,-0.5873201,0.8653575,-0.2699919,16.04322,308.9443,327.843,LeftController
5/2/2017 11:13:47 AM:269,-0.5872576,0.8661807,-0.2703071,15.97848,309.5445,327.3328,LeftController
5/2/2017 11:13:47 AM:317,-0.588696,0.8679767,-0.2739131,15.86406,309.4136,327.4032,LeftController
5/2/2017 11:13:47 AM:372,-0.5901657,0.8686178,-0.2752962,15.8494,309.3858,327.0899,LeftController
5/2/2017 11:13:47 AM:438,-0.5915545,0.8700037,-0.2777781,15.7399,309.035,326.7656,LeftController
5/2/2017 11:13:47 AM:516,-0.6028999,0.878528,-0.2768869,13.55801,305.0459,328.679,LeftController
5/2/2017 11:13:47 AM:592,-0.6256227,0.8963019,-0.2723391,8.930882,300.4352,330.0538,LeftController
5/2/2017 11:13:47 AM:668,-0.6658503,0.9320229,-0.2667456,359.3345,293.7545,331.6328,LeftController
5/2/2017 11:13:47 AM:730,-0.6998317,0.9658558,-0.2667787,352.0988,289.5231,332.5749,LeftController
5/2/2017 11:13:47 AM:813,-0.7372193,0.9967976,-0.2842484,345.4668,278.0641,337.7155,LeftController
5/2/2017 11:13:47 AM:882,-0.764125,1.009344,-0.3168967,343.0373,263.3109,343.8214,LeftController
5/2/2017 11:13:47 AM:929,-0.7789037,1.003843,-0.3596826,344.6204,250.6751,346.5379,LeftController
5/2/2017 11:13:48 AM:1,-0.7767633,0.9861215,-0.4113469,348.3329,239.9652,345.1401,LeftController
5/2/2017 11:13:48 AM:59,-0.7655023,0.9770354,-0.4294672,349.8699,236.717,344.1646,LeftController
5/2/2017 11:13:48 AM:104,-0.7525903,0.9693635,-0.4381421,349.9174,236.8706,342.6827,LeftController
5/2/2017 11:13:48 AM:148,-0.7380782,0.9596171,-0.4401493,350.515,238.3565,342.5251,LeftController
5/2/2017 11:13:48 AM:197,-0.7209556,0.944701,-0.4408034,352.1131,239.1765,341.7972,LeftController
5/2/2017 11:13:48 AM:236,-0.701169,0.9280717,-0.4410454,354.4656,239.2215,340.4008,LeftController
5/2/2017 11:13:48 AM:281,-0.681452,0.9113631,-0.4407432,357.0047,239.0205,339.3318,LeftController
5/2/2017 11:13:48 AM:352,-0.6480398,0.8854012,-0.437152,1.302672,239.7777,335.7452,LeftController
5/2/2017 11:13:48 AM:419,-0.6262262,0.8702984,-0.4287405,3.924348,244.7357,331.2681,LeftController
5/2/2017 11:13:48 AM:469,-0.6080142,0.8579962,-0.4199495,6.60834,250.7458,326.9399,LeftController
5/2/2017 11:13:48 AM:511,-0.5889519,0.8469095,-0.4100733,9.909088,257.8441,323.9927,LeftController
5/2/2017 11:13:48 AM:561,-0.5702919,0.8375207,-0.4016564,13.31394,264.6108,322.1008,LeftController
5/2/2017 11:13:48 AM:606,-0.5506124,0.8298916,-0.3936052,16.99044,271.9092,321.4064,LeftController
5/2/2017 11:13:48 AM:650,-0.5404761,0.827082,-0.3895626,18.95435,277.3858,321.5557,LeftController
5/2/2017 11:13:48 AM:698,-0.5373809,0.8268183,-0.3887832,19.85464,282.0626,322.5497,LeftController
5/2/2017 11:13:48 AM:739,-0.5436687,0.8294183,-0.3932884,19.88352,284.6033,322.5082,LeftController
5/2/2017 11:13:48 AM:794,-0.5571692,0.8349829,-0.4008188,18.58931,285.4203,321.2828,LeftController
5/2/2017 11:13:48 AM:830,-0.5766255,0.8441894,-0.4089222,16.05251,284.7805,320.0088,LeftController
5/2/2017 11:13:48 AM:878,-0.596414,0.8548727,-0.4159942,13.25485,284.4594,319.0897,LeftController
5/2/2017 11:13:48 AM:929,-0.6188091,0.8688987,-0.4200621,9.627723,284.7635,318.2055,LeftController
5/2/2017 11:13:48 AM:997,-0.6401961,0.8852984,-0.4218419,5.59666,285.4979,317.6917,LeftController
5/2/2017 11:13:49 AM:69,-0.6433303,0.8898733,-0.4178724,4.451281,286.6888,317.9753,LeftController
5/2/2017 11:13:49 AM:125,-0.6383091,0.890559,-0.4133389,4.480679,288.442,318.6237,LeftController
5/2/2017 11:13:49 AM:187,-0.6177589,0.8812728,-0.4047501,6.767848,292.4828,319.3469,LeftController
5/2/2017 11:13:49 AM:242,-0.5987934,0.8725483,-0.4003205,9.316822,296.0703,319.221,LeftController
5/2/2017 11:13:49 AM:285,-0.5800487,0.8650748,-0.3999865,11.35966,299.9969,317.776,LeftController
5/2/2017 11:13:49 AM:332,-0.5654511,0.858694,-0.406208,13.26926,300.7279,316.7272,LeftController
5/2/2017 11:13:49 AM:378,-0.5572499,0.8555338,-0.4187818,14.59534,298.035,319.1263,LeftController
5/2/2017 11:13:49 AM:422,-0.5527931,0.8538072,-0.436017,15.40244,295.293,319.3477,LeftController
5/2/2017 11:13:49 AM:469,-0.5496212,0.8528746,-0.4540937,16.29333,293.0553,317.8793,LeftController
5/2/2017 11:13:49 AM:509,-0.5482504,0.8532441,-0.4712384,16.95374,290.2525,317.2756,LeftController
5/2/2017 11:13:49 AM:556,-0.5476749,0.8544725,-0.4856613,17.0786,287.4222,317.1345,LeftController
5/2/2017 11:13:49 AM:604,-0.5472156,0.8554993,-0.4963536,16.86883,285.6295,316.5213,LeftController
5/2/2017 11:13:49 AM:654,-0.5457979,0.8558328,-0.5028018,16.87486,284.6532,315.9811,LeftController
5/2/2017 11:13:49 AM:691,-0.544003,0.8549594,-0.5036606,17.1801,284.4077,316.0623,LeftController
5/2/2017 11:13:49 AM:729,-0.5430454,0.8539394,-0.5009342,17.28908,284.7521,316.3504,LeftController
5/2/2017 11:13:49 AM:787,-0.5421277,0.8511119,-0.4892924,17.10435,285.8813,317.0701,LeftController
5/2/2017 11:13:49 AM:859,-0.5419933,0.8463863,-0.4682949,16.76771,287.482,318.3262,LeftController
5/2/2017 11:13:49 AM:914,-0.5419948,0.8437794,-0.4534686,16.65444,288.8472,318.8905,LeftController
5/2/2017 11:13:49 AM:967,-0.5414308,0.8426107,-0.4348176,16.46421,291.3752,318.9762,LeftController
5/2/2017 11:13:50 AM:37,-0.5444492,0.8450735,-0.4100459,15.23184,295.6521,318.1887,LeftController
5/2/2017 11:13:50 AM:94,-0.5495368,0.8470213,-0.4028795,13.822,295.5503,318.3808,LeftController
5/2/2017 11:13:50 AM:137,-0.5540832,0.8474482,-0.4004681,13.10933,293.2296,318.6996,LeftController
5/2/2017 11:13:50 AM:186,-0.5569445,0.8462942,-0.400466,13.15033,290.0987,319.0011,LeftController
5/2/2017 11:13:50 AM:226,-0.5573488,0.844047,-0.399018,14.3664,287.5693,319.3531,LeftController
5/2/2017 11:13:50 AM:274,-0.5553637,0.8437661,-0.3959723,15.79905,286.6082,319.4443,LeftController
5/2/2017 11:13:50 AM:317,-0.5551158,0.8445126,-0.3871396,16.33387,287.5038,319.6981,LeftController
5/2/2017 11:13:50 AM:368,-0.5572419,0.8441381,-0.3745942,15.67703,289.4668,319.9511,LeftController
5/2/2017 11:13:50 AM:420,-0.558847,0.8403604,-0.359899,15.84803,292.4523,319.7648,LeftController
5/2/2017 11:13:50 AM:483,-0.5625206,0.8336571,-0.3412557,17.42426,294.1929,318.3206,LeftController
5/2/2017 11:13:50 AM:540,-0.5682611,0.8352637,-0.3285677,17.06565,291.9627,318.6845,LeftController
5/2/2017 11:13:50 AM:594,-0.5756615,0.8384976,-0.3108025,15.6369,290.5472,319.9418,LeftController
5/2/2017 11:13:50 AM:637,-0.5815635,0.8421121,-0.2883284,14.04326,291.6644,321.025,LeftController
5/2/2017 11:13:50 AM:689,-0.5804117,0.8420154,-0.2642925,13.60207,300.5807,315.0449,LeftController
5/2/2017 11:13:50 AM:740,-0.5771015,0.8422877,-0.2470565,14.28974,305.7655,315.0767,LeftController
5/2/2017 11:13:50 AM:788,-0.5765162,0.8449719,-0.2370744,13.1253,306.4339,317.019,LeftController
5/2/2017 11:13:50 AM:853,-0.5772706,0.84355,-0.2344165,14.03598,303.1473,320.3623,LeftController
5/2/2017 11:13:50 AM:921,-0.5760448,0.8378913,-0.2325299,15.51689,300.3997,322.3947,LeftController
5/2/2017 11:13:50 AM:990,-0.5741845,0.8323531,-0.2247756,17.00681,300.0196,321.5877,LeftController
5/2/2017 11:13:51 AM:55,-0.570824,0.8300445,-0.213949,17.8087,300.0702,321.7817,LeftController
5/2/2017 11:13:51 AM:132,-0.5706564,0.8276666,-0.1882234,17.88948,304.3066,319.3494,LeftController
5/2/2017 11:13:51 AM:179,-0.5690688,0.8288759,-0.1847124,18.38708,306.1419,318.5647,LeftController
5/2/2017 11:13:51 AM:234,-0.5684222,0.831059,-0.1828969,18.29718,307.4215,317.5643,LeftController
5/2/2017 11:13:51 AM:284,-0.5691123,0.8323634,-0.1837511,17.72481,306.683,317.7685,LeftController
5/2/2017 11:13:51 AM:360,-0.5670632,0.8329517,-0.1907456,17.49334,303.8124,318.8245,LeftController
5/2/2017 11:13:51 AM:411,-0.5653836,0.8330764,-0.1935508,17.49469,301.898,319.6814,LeftController
5/2/2017 11:13:51 AM:461,-0.5625654,0.8330535,-0.1950593,17.58032,300.9896,319.4652,LeftController
5/2/2017 11:13:51 AM:526,-0.5572814,0.8298006,-0.1936188,18.32317,302.5394,318.2092,LeftController
5/2/2017 11:13:51 AM:580,-0.557669,0.8295175,-0.1969261,18.97804,304.5934,316.2008,LeftController
5/2/2017 11:13:51 AM:629,-0.5583581,0.8315829,-0.2032883,19.1518,304.853,314.903,LeftController
5/2/2017 11:13:51 AM:771,-0.5608332,0.8373673,-0.211096,18.28927,303.703,318.3846,LeftController
5/2/2017 11:13:51 AM:841,-0.5742265,0.8516203,-0.2327604,17.01352,304.8669,318.7103,LeftController
5/2/2017 11:13:51 AM:900,-0.5768126,0.8547697,-0.2392817,16.66395,304.7283,318.3906,LeftController
5/2/2017 11:13:51 AM:951,-0.5774404,0.8565004,-0.244174,16.58035,304.8791,318.294,LeftController
5/2/2017 11:13:52 AM:28,-0.5746731,0.8581029,-0.2523179,16.59336,305.7435,318.7485,LeftController
5/2/2017 11:13:52 AM:108,-0.5718168,0.857739,-0.2577074,16.91773,306.6597,318.8357,LeftController
5/2/2017 11:13:52 AM:177,-0.5712062,0.8579062,-0.2628324,16.99344,306.8764,318.9442,LeftController
5/2/2017 11:13:52 AM:267,-0.571885,0.8577398,-0.2723143,16.87302,306.6381,318.9329,LeftController
5/2/2017 11:13:52 AM:332,-0.5715284,0.8572762,-0.2755072,16.85016,306.3479,318.8893,LeftController
5/2/2017 11:13:52 AM:385,-0.5693938,0.8576764,-0.2789092,16.88001,306.2897,318.976,LeftController
5/2/2017 11:13:52 AM:444,-0.5668069,0.8573015,-0.2811463,16.79967,306.3289,319.0797,LeftController
5/2/2017 11:13:52 AM:508,-0.565284,0.8571424,-0.2830932,16.87155,306.2204,319.0497,LeftController
5/2/2017 11:13:52 AM:557,-0.5641536,0.8575236,-0.285074,16.84646,306.0897,319.1695,LeftController
5/2/2017 11:13:52 AM:608,-0.5646155,0.8574725,-0.2855141,16.8154,305.9759,319.3301,LeftController
5/2/2017 11:13:52 AM:674,-0.5640085,0.8570993,-0.2867222,16.81901,306.0179,319.3762,LeftController
5/2/2017 11:13:52 AM:727,-0.5634091,0.8569981,-0.2871985,16.8123,306.1898,319.534,LeftController
5/2/2017 11:13:52 AM:796,-0.5626866,0.8564866,-0.2866242,16.8484,306.7635,319.572,LeftController
5/2/2017 11:13:52 AM:856,-0.5629724,0.8563977,-0.2864542,16.94652,307.0803,319.5466,LeftController
5/2/2017 11:13:52 AM:915,-0.5636102,0.8565789,-0.286113,16.85769,306.964,319.676,LeftController
5/2/2017 11:13:52 AM:991,-0.5636415,0.8568274,-0.2869947,16.74063,307.0222,319.4723,LeftController
5/2/2017 11:13:53 AM:43,-0.5633848,0.8564819,-0.2874186,16.8166,306.7416,319.6914,LeftController
5/2/2017 11:13:53 AM:101,-0.5636685,0.8564667,-0.2874379,16.80485,306.2311,319.7284,LeftController
5/2/2017 11:13:53 AM:175,-0.5638882,0.8566684,-0.2870617,16.803,305.8416,319.8471,LeftController
5/2/2017 11:13:53 AM:231,-0.5634216,0.8570302,-0.2874763,16.74834,305.7295,319.7549,LeftController
5/2/2017 11:13:53 AM:279,-0.5641457,0.8570141,-0.2868149,16.75069,305.552,319.7697,LeftController
5/2/2017 11:13:53 AM:324,-0.5650408,0.8570634,-0.2862687,16.74105,305.5149,319.7943,LeftController
5/2/2017 11:13:53 AM:368,-0.5658194,0.8572296,-0.2862058,16.65467,305.3464,319.7471,LeftController
5/2/2017 11:13:53 AM:436,-0.5677885,0.8566039,-0.2838485,16.69858,305.6649,319.6334,LeftController
5/2/2017 11:13:53 AM:502,-0.5694758,0.8564383,-0.2826581,16.77003,305.7854,319.683,LeftController
5/2/2017 11:13:53 AM:560,-0.5714297,0.8561766,-0.2818162,16.717,305.5273,319.6417,LeftController
5/2/2017 11:13:53 AM:609,-0.5722535,0.855855,-0.280776,16.6791,305.6877,319.717,LeftController
5/2/2017 11:13:53 AM:669,-0.5720171,0.855945,-0.28107,16.68552,305.7533,319.7501,LeftController
5/2/2017 11:13:53 AM:718,-0.5730938,0.8553885,-0.2792902,16.70171,305.8469,319.8077,LeftController
5/2/2017 11:13:53 AM:784,-0.5736618,0.8551472,-0.2774107,16.67765,306.2495,319.8145,LeftController
5/2/2017 11:13:53 AM:853,-0.5752615,0.8547479,-0.2767439,16.63817,306.0018,319.8219,LeftController
5/2/2017 11:13:53 AM:932,-0.575202,0.8545288,-0.2766919,16.61439,305.7446,319.9406,LeftController
5/2/2017 11:13:53 AM:992,-0.5744705,0.8546892,-0.277281,16.61477,305.6674,319.9511,LeftController
5/2/2017 11:13:54 AM:52,-0.5740722,0.8545997,-0.2770317,16.5946,305.6656,320.0014,LeftController
5/2/2017 11:13:54 AM:129,-0.5732448,0.854592,-0.2768383,16.58419,305.6317,320.0031,LeftController
5/2/2017 11:13:54 AM:191,-0.5724697,0.8546151,-0.2767148,16.56496,305.7055,320.0306,LeftController
5/2/2017 11:13:54 AM:274,-0.5712326,0.854477,-0.2773256,16.62599,305.6577,320.2587,LeftController
5/2/2017 11:13:54 AM:362,-0.5712308,0.854197,-0.2772043,16.61269,305.734,320.2089,LeftController
5/2/2017 11:13:54 AM:415,-0.570695,0.8543246,-0.2781401,16.51901,305.739,320.096,LeftController
5/2/2017 11:13:54 AM:503,-0.571393,0.8540232,-0.2776668,16.48671,305.6058,320.1063,LeftController
5/2/2017 11:13:54 AM:573,-0.5708767,0.8540705,-0.2784121,16.49813,305.5715,319.9547,LeftController
5/2/2017 11:13:54 AM:633,-0.5702777,0.8540372,-0.2794819,16.49745,305.5268,320.0971,LeftController
5/2/2017 11:13:54 AM:691,-0.5713013,0.8534248,-0.2774327,16.43907,305.5018,319.9995,LeftController
5/2/2017 11:13:54 AM:749,-0.5725101,0.8528403,-0.276824,16.44519,305.4876,320.0191,LeftController
5/2/2017 11:13:54 AM:804,-0.5724275,0.8526351,-0.2765162,16.43023,305.5602,320.0472,LeftController
5/2/2017 11:13:54 AM:872,-0.5726317,0.8524141,-0.2766607,16.64783,305.4122,319.9828,LeftController
5/2/2017 11:13:54 AM:928,-0.5721253,0.8523617,-0.2769742,16.7986,305.4611,320.1577,LeftController
5/2/2017 11:13:54 AM:977,-0.5712813,0.8522989,-0.2783141,17.40172,305.774,320.3805,LeftController
5/2/2017 11:13:55 AM:43,-0.5701672,0.8482193,-0.283834,20.99859,303.7075,320.0374,LeftController
5/2/2017 11:13:55 AM:103,-0.5690613,0.8486996,-0.2827699,20.44558,304.0288,320.702,LeftController
5/2/2017 11:13:55 AM:146,-0.5686041,0.8483735,-0.2826927,20.70378,304.3955,319.8714,LeftController
5/2/2017 11:13:55 AM:220,-0.5691326,0.8502707,-0.2831066,19.82387,303.9043,320.2357,LeftController
5/2/2017 11:13:55 AM:294,-0.5682876,0.8510982,-0.2870564,20.52417,303.2197,321.1761,LeftController
5/2/2017 11:13:55 AM:374,-0.5689771,0.8501191,-0.2873678,21.37462,302.5822,321.024,LeftController
5/2/2017 11:13:55 AM:474,-0.5687915,0.8496977,-0.2901018,24.32699,300.8152,323.1448,LeftController
5/2/2017 11:13:55 AM:555,-0.5691699,0.8498154,-0.2912385,24.67086,300.8,324.165,LeftController
5/2/2017 11:13:55 AM:625,-0.5724211,0.8501989,-0.2910249,24.17424,300.0043,324.1923,LeftController
5/2/2017 11:13:55 AM:695,-0.5789549,0.8528106,-0.2932861,21.71487,297.4577,321.0295,LeftController
5/2/2017 11:13:55 AM:765,-0.5821662,0.853498,-0.2920842,20.99156,296.9683,320.7334,LeftController
5/2/2017 11:13:55 AM:858,-0.5812501,0.852329,-0.2880723,20.19011,299.49,321.2864,LeftController
5/2/2017 11:13:55 AM:939,-0.5790088,0.8528583,-0.2798495,18.3862,301.3521,324.804,LeftController
5/2/2017 11:13:56 AM:8,-0.5771228,0.8522099,-0.2728808,17.41559,304.3722,324.5049,LeftController
5/2/2017 11:13:56 AM:85,-0.5781242,0.8525262,-0.2750216,16.99337,302.7649,324.3323,LeftController
5/2/2017 11:13:56 AM:171,-0.5796958,0.8520021,-0.2762499,17.46568,302.4736,324.5547,LeftController
5/2/2017 11:13:56 AM:260,-0.578589,0.8521508,-0.2755399,17.67607,302.9124,324.9233,LeftController
5/2/2017 11:13:56 AM:346,-0.5777378,0.8526362,-0.2749076,17.25095,302.8837,324.878,LeftController
5/2/2017 11:13:56 AM:424,-0.578335,0.8539877,-0.2738535,16.7793,303.5383,324.9342,LeftController
5/2/2017 11:13:56 AM:502,-0.5794789,0.8552064,-0.273483,16.46898,303.4126,325.1747,LeftController
5/2/2017 11:13:56 AM:595,-0.5788194,0.8557478,-0.2736096,16.33639,303.5737,325.2482,LeftController
5/2/2017 11:13:56 AM:661,-0.5785363,0.8564659,-0.272603,16.06889,303.7104,324.9078,LeftController
5/2/2017 11:13:56 AM:716,-0.5784016,0.8569251,-0.2733769,15.94092,303.4997,324.7991,LeftController
5/2/2017 11:13:56 AM:769,-0.577947,0.8571974,-0.2745779,16.02892,303.3223,324.8285,LeftController
5/2/2017 11:13:56 AM:815,-0.5777171,0.8576162,-0.2751343,15.94902,303.2254,324.8655,LeftController
5/2/2017 11:13:56 AM:887,-0.5768949,0.8583161,-0.2754636,15.91152,303.4893,324.7285,LeftController
5/2/2017 11:13:56 AM:941,-0.5759428,0.8584999,-0.2759917,15.85533,303.6192,324.6323,LeftController
5/2/2017 11:13:56 AM:985,-0.5765241,0.8582907,-0.2755806,15.91314,303.6337,324.609,LeftController
5/2/2017 11:13:57 AM:37,-0.576998,0.8579795,-0.2746844,15.93335,303.698,324.5972,LeftController
5/2/2017 11:13:57 AM:79,-0.576696,0.8579934,-0.2748749,15.96612,303.7545,324.5487,LeftController
5/2/2017 11:13:57 AM:144,-0.5762242,0.8577052,-0.2759128,16.20094,303.8062,324.5343,LeftController
5/2/2017 11:13:57 AM:275,-0.5766038,0.8572441,-0.2758405,16.49225,303.4122,324.734,LeftController
5/2/2017 11:13:57 AM:457,-0.5774218,0.8562194,-0.2749782,16.76707,303.6984,324.6057,LeftController
5/2/2017 11:13:57 AM:506,-0.5786123,0.8559269,-0.2762361,16.7027,303.6339,324.7086,LeftController
5/2/2017 11:13:57 AM:562,-0.5790781,0.855482,-0.2752509,16.72431,303.7701,324.759,LeftController
5/2/2017 11:13:57 AM:601,-0.5791719,0.855233,-0.2749498,16.73608,303.8005,324.7985,LeftController
5/2/2017 11:13:57 AM:647,-0.5796313,0.8547449,-0.2744777,16.68475,303.7841,324.7352,LeftController
5/2/2017 11:13:57 AM:702,-0.5796037,0.8546733,-0.2741795,16.77892,303.7692,324.8528,LeftController
5/2/2017 11:13:57 AM:769,-0.578892,0.8547966,-0.2746422,16.74483,303.7199,324.9559,LeftController
5/2/2017 11:13:57 AM:832,-0.5787191,0.8549696,-0.275146,16.73492,303.6326,324.9872,LeftController
5/2/2017 11:13:57 AM:881,-0.5784967,0.8550249,-0.2754989,16.73273,303.6039,325.0293,LeftController
5/2/2017 11:13:57 AM:958,-0.5777805,0.8553618,-0.2765026,16.7747,303.5538,325.053,LeftController
5/2/2017 11:13:58 AM:31,-0.5775928,0.8555087,-0.2770739,16.79903,303.5774,325.1,LeftController
5/2/2017 11:13:58 AM:92,-0.577974,0.8555065,-0.2770538,16.85654,303.66,325.1509,LeftController
5/2/2017 11:13:58 AM:160,-0.5783266,0.8554711,-0.2770605,16.88207,303.7835,325.1967,LeftController
5/2/2017 11:13:58 AM:232,-0.577818,0.8555094,-0.2770936,16.96652,304.1378,325.3121,LeftController
5/2/2017 11:13:58 AM:318,-0.5789149,0.8553517,-0.2762992,17.03754,304.0391,325.4058,LeftController
5/2/2017 11:13:58 AM:379,-0.579728,0.8555655,-0.2763922,17.01242,304.0947,325.4138,LeftController
5/2/2017 11:13:58 AM:457,-0.5792137,0.8558927,-0.2775683,17.03054,304.1278,325.425,LeftController
5/2/2017 11:13:58 AM:507,-0.5791882,0.8559979,-0.2771428,17.04122,304.1553,325.4539,LeftController
5/2/2017 11:13:58 AM:569,-0.578863,0.8561829,-0.2777503,17.07071,304.0583,325.4888,LeftController
5/2/2017 11:13:58 AM:640,-0.5789945,0.8562453,-0.2776468,17.12386,304.1112,325.5222,LeftController
5/2/2017 11:13:58 AM:695,-0.5787356,0.8563071,-0.2782528,17.1183,304.1671,325.5344,LeftController
5/2/2017 11:13:58 AM:747,-0.578869,0.8563101,-0.2785981,17.16107,304.2144,325.5507,LeftController
5/2/2017 11:13:58 AM:815,-0.5793127,0.8562033,-0.2782056,17.203,304.3234,325.5519,LeftController
5/2/2017 11:13:58 AM:873,-0.5801232,0.8558905,-0.2774358,17.21853,304.3821,325.5596,LeftController
5/2/2017 11:13:58 AM:918,-0.5800647,0.8559936,-0.2778788,17.23118,304.4286,325.5674,LeftController
5/2/2017 11:13:58 AM:975,-0.5803516,0.8559183,-0.2774608,17.22503,304.4996,325.6027,LeftController
5/2/2017 11:13:59 AM:41,-0.5814458,0.8554965,-0.2763996,17.25346,304.5863,325.6004,LeftController
5/2/2017 11:13:59 AM:108,-0.5815769,0.8553311,-0.2757003,17.27131,304.6488,325.6382,LeftController
5/2/2017 11:13:59 AM:154,-0.581966,0.8552102,-0.2751029,17.23377,304.8507,325.6749,LeftController
5/2/2017 11:13:59 AM:193,-0.5819615,0.8548188,-0.2755778,17.20313,304.7686,325.5632,LeftController
5/2/2017 11:13:59 AM:245,-0.5817173,0.854557,-0.2756326,17.26407,304.795,325.6495,LeftController
5/2/2017 11:13:59 AM:294,-0.5816475,0.8547254,-0.2751853,17.21021,304.9012,325.6062,LeftController
5/2/2017 11:13:59 AM:362,-0.5820163,0.8546165,-0.274693,17.20024,305.0042,325.6056,LeftController
5/2/2017 11:13:59 AM:415,-0.5811393,0.8547983,-0.2748458,17.20773,305.1223,325.6231,LeftController
5/2/2017 11:13:59 AM:462,-0.5815619,0.8545927,-0.2739799,17.21391,305.2189,325.6276,LeftController
5/2/2017 11:13:59 AM:505,-0.5811113,0.8546127,-0.2741761,17.21033,305.3128,325.6468,LeftController
5/2/2017 11:13:59 AM:540,-0.5810944,0.8545512,-0.273777,17.20834,305.4137,325.645,LeftController
5/2/2017 11:13:59 AM:595,-0.5805113,0.8547001,-0.2734714,17.1883,305.4535,325.6176,LeftController
5/2/2017 11:13:59 AM:641,-0.5806614,0.8544937,-0.2729118,17.17884,305.5699,325.659,LeftController
5/2/2017 11:13:59 AM:713,-0.5803899,0.8544309,-0.2731946,17.14156,305.6416,325.6966,LeftController
5/2/2017 11:13:59 AM:753,-0.5805502,0.8544612,-0.2731144,17.11367,305.689,325.7429,LeftController
5/2/2017 11:13:59 AM:797,-0.5802072,0.8544681,-0.2732878,17.0731,305.7635,325.7792,LeftController
5/2/2017 11:13:59 AM:830,-0.5798417,0.8544605,-0.2735939,17.09151,305.8406,325.8061,LeftController
5/2/2017 11:13:59 AM:875,-0.5795122,0.8544834,-0.2736249,17.0996,305.9897,325.7909,LeftController
5/2/2017 11:13:59 AM:913,-0.5790641,0.8547089,-0.2740119,17.07701,306.0715,325.7737,LeftController
5/2/2017 11:13:59 AM:953,-0.5792333,0.8547243,-0.2737083,17.08306,306.2637,325.7823,LeftController
5/2/2017 11:13:59 AM:997,-0.5791466,0.8545635,-0.2734542,17.13434,306.3686,325.8052,LeftController
5/2/2017 11:14:00 AM:58,-0.5790244,0.8545868,-0.2732937,17.11342,306.5454,325.906,LeftController
5/2/2017 11:14:00 AM:142,-0.5785094,0.8541681,-0.2739782,17.16982,306.4616,325.9833,LeftController
5/2/2017 11:14:00 AM:198,-0.577968,0.8542578,-0.2742004,17.19141,306.7614,325.9739,LeftController
5/2/2017 11:14:00 AM:252,-0.5781014,0.8542392,-0.2740548,17.2624,306.888,325.9901,LeftController
5/2/2017 11:14:00 AM:318,-0.5778958,0.854593,-0.2741966,17.35347,307.2296,325.9896,LeftController
5/2/2017 11:14:00 AM:379,-0.5779506,0.854582,-0.2743289,17.53349,307.5847,326.0427,LeftController
5/2/2017 11:14:00 AM:434,-0.5786256,0.8543974,-0.2738864,17.62868,307.9401,326.0003,LeftController
5/2/2017 11:14:00 AM:480,-0.5795957,0.8543956,-0.2728198,17.69992,308.3342,325.9052,LeftController
5/2/2017 11:14:00 AM:527,-0.5802758,0.854727,-0.2723725,17.76501,308.6317,325.854,LeftController
5/2/2017 11:14:00 AM:566,-0.5801761,0.855195,-0.2728148,17.83003,308.8763,325.8387,LeftController
5/2/2017 11:14:00 AM:602,-0.5802491,0.8554798,-0.2732668,17.89038,309.0446,325.8322,LeftController
5/2/2017 11:14:00 AM:662,-0.5807035,0.8559301,-0.2730343,17.95818,309.2761,325.8559,LeftController
5/2/2017 11:14:00 AM:729,-0.5825437,0.8556716,-0.2717125,18.05001,309.4388,325.8783,LeftController
5/2/2017 11:14:00 AM:797,-0.5832371,0.8556364,-0.2715104,18.16393,309.5914,325.9139,LeftController
5/2/2017 11:14:00 AM:842,-0.5835305,0.8556385,-0.2714822,18.16979,309.6458,325.8677,LeftController
5/2/2017 11:14:00 AM:889,-0.5841159,0.8556433,-0.2709012,18.23899,309.7421,325.8837,LeftController
5/2/2017 11:14:00 AM:932,-0.5838317,0.8559047,-0.270988,18.24745,309.8703,325.9353,LeftController
5/2/2017 11:14:00 AM:975,-0.5840513,0.8557506,-0.2714369,18.31811,309.8709,325.9741,LeftController
5/2/2017 11:14:01 AM:16,-0.5840609,0.8556935,-0.2717915,18.38332,309.847,325.993,LeftController
5/2/2017 11:14:01 AM:62,-0.5851454,0.8553822,-0.2706382,18.40856,309.8493,325.9438,LeftController
5/2/2017 11:14:01 AM:112,-0.5854245,0.8555993,-0.2707863,18.44221,309.7048,325.946,LeftController
5/2/2017 11:14:01 AM:208,-0.5863204,0.8557906,-0.2705169,18.41768,309.4435,325.9525,LeftController
5/2/2017 11:14:01 AM:265,-0.5867213,0.8556792,-0.2709136,18.37508,309.2768,325.9441,LeftController
5/2/2017 11:14:01 AM:344,-0.5878229,0.8550547,-0.2695198,18.36066,309.3276,326.0441,LeftController
5/2/2017 11:14:01 AM:387,-0.5885643,0.8551317,-0.2688341,18.27535,309.2351,326.0099,LeftController
5/2/2017 11:14:01 AM:434,-0.5898451,0.8551112,-0.2680764,18.18119,309.2632,326.0117,LeftController
5/2/2017 11:14:01 AM:487,-0.590624,0.8556323,-0.2677112,18.05829,309.3878,325.8882,LeftController
5/2/2017 11:14:01 AM:555,-0.5916429,0.8560778,-0.2680976,17.87977,309.3888,325.6844,LeftController
5/2/2017 11:14:01 AM:623,-0.5922655,0.8562828,-0.2673225,17.78405,309.2599,325.5568,LeftController
5/2/2017 11:14:01 AM:680,-0.5916888,0.8563614,-0.2670643,17.76918,309.1649,325.4792,LeftController
5/2/2017 11:14:01 AM:742,-0.5899643,0.8566172,-0.2677135,17.7779,308.9411,325.3861,LeftController
5/2/2017 11:14:01 AM:791,-0.5889071,0.8569452,-0.2675593,17.74946,309.0048,325.3923,LeftController
5/2/2017 11:14:01 AM:846,-0.5878552,0.8566191,-0.2677433,17.81981,308.8372,325.4178,LeftController
5/2/2017 11:14:01 AM:903,-0.5859618,0.8568391,-0.2684488,17.89881,308.8786,325.4075,LeftController
5/2/2017 11:14:01 AM:948,-0.5850041,0.8571311,-0.2688689,17.88024,308.7951,325.3089,LeftController
5/2/2017 11:14:02 AM:0,-0.5838315,0.8577516,-0.2699471,17.84745,308.5538,325.2906,LeftController
5/2/2017 11:14:02 AM:63,-0.5820071,0.8583404,-0.2709365,17.80345,308.4143,325.2862,LeftController
5/2/2017 11:14:02 AM:120,-0.5806565,0.8585795,-0.2716975,17.87372,308.2785,325.2961,LeftController
5/2/2017 11:14:02 AM:167,-0.5795031,0.8585126,-0.2721477,17.90714,308.2268,325.309,LeftController
5/2/2017 11:14:02 AM:222,-0.5783478,0.8585749,-0.2729506,17.88994,308.037,325.3201,LeftController
5/2/2017 11:14:02 AM:278,-0.5780951,0.8585441,-0.2727356,17.87328,307.9108,325.3166,LeftController
5/2/2017 11:14:02 AM:347,-0.5783259,0.8586344,-0.2720602,17.87719,307.893,325.3055,LeftController
5/2/2017 11:14:02 AM:413,-0.5777241,0.858842,-0.2723386,17.88375,307.9371,325.2985,LeftController
5/2/2017 11:14:02 AM:470,-0.5773536,0.8590976,-0.2728934,17.89026,308.0145,325.3249,LeftController
5/2/2017 11:14:02 AM:534,-0.5769089,0.8593349,-0.2733831,17.91233,308.194,325.361,LeftController
5/2/2017 11:14:02 AM:590,-0.5777436,0.859399,-0.2729285,17.90194,308.2419,325.2652,LeftController
5/2/2017 11:14:02 AM:634,-0.5780731,0.8593562,-0.2727644,17.87023,308.2963,325.3223,LeftController
5/2/2017 11:14:02 AM:693,-0.5782486,0.8587142,-0.2725646,17.94401,308.2599,325.6077,LeftController
5/2/2017 11:14:02 AM:769,-0.5788176,0.858099,-0.2716939,17.99134,308.364,325.6792,LeftController
5/2/2017 11:14:02 AM:845,-0.5798004,0.8581375,-0.2708976,18.01193,308.9338,325.653,LeftController
5/2/2017 11:14:02 AM:903,-0.580935,0.857995,-0.2711518,18.10793,309.1847,325.7114,LeftController
5/2/2017 11:14:02 AM:954,-0.5812757,0.8581104,-0.2710583,18.15141,309.2997,325.6949,LeftController
5/2/2017 11:14:03 AM:17,-0.5816624,0.8585423,-0.2713284,18.13436,309.4999,325.6749,LeftController
5/2/2017 11:14:03 AM:70,-0.5825639,0.858512,-0.2703276,18.09627,309.4261,325.6767,LeftController
5/2/2017 11:14:03 AM:116,-0.5826693,0.8588269,-0.2704835,18.08464,309.4178,325.7145,LeftController
5/2/2017 11:14:03 AM:203,-0.583066,0.8590803,-0.2710052,18.03075,309.4046,325.7938,LeftController
5/2/2017 11:14:03 AM:276,-0.5831927,0.8592552,-0.2711897,17.98419,309.4604,325.7787,LeftController
5/2/2017 11:14:03 AM:336,-0.5832242,0.8591617,-0.271085,17.94776,309.5861,325.6951,LeftController
5/2/2017 11:14:03 AM:395,-0.5824918,0.8592035,-0.2708454,17.91803,309.5744,325.6821,LeftController
5/2/2017 11:14:03 AM:453,-0.5814047,0.8591534,-0.2711494,17.94197,309.6906,325.7423,LeftController
5/2/2017 11:14:03 AM:518,-0.5811123,0.8585681,-0.2704537,17.95387,309.5523,325.8098,LeftController
5/2/2017 11:14:03 AM:578,-0.5800081,0.8584454,-0.2712035,17.98977,309.4597,325.8395,LeftController
5/2/2017 11:14:03 AM:639,-0.5779881,0.8585057,-0.2720802,18.00502,309.3347,325.8828,LeftController
5/2/2017 11:14:03 AM:697,-0.5764577,0.8582742,-0.2726538,18.01876,309.042,325.9183,LeftController
5/2/2017 11:14:03 AM:768,-0.5749954,0.8583002,-0.2738147,18.01571,308.7501,325.9775,LeftController
5/2/2017 11:14:03 AM:820,-0.5748309,0.8581828,-0.2731175,18.01716,308.5219,325.9474,LeftController
5/2/2017 11:14:03 AM:893,-0.5736557,0.858628,-0.273423,17.98295,308.3433,325.9221,LeftController
5/2/2017 11:14:03 AM:952,-0.5723397,0.8588709,-0.274045,18.00652,308.3601,325.9188,LeftController
5/2/2017 11:14:04 AM:25,-0.5713748,0.858747,-0.2743278,18.04309,308.2356,325.9415,LeftController
5/2/2017 11:14:04 AM:103,-0.5705682,0.8587449,-0.2748826,18.00549,308.0674,325.9259,LeftController
5/2/2017 11:14:04 AM:175,-0.5705373,0.858557,-0.2747116,18.10166,308.1044,325.9266,LeftController
5/2/2017 11:14:04 AM:249,-0.5702299,0.8586737,-0.274585,18.14814,308.1941,325.7714,LeftController
5/2/2017 11:14:04 AM:337,-0.5712892,0.8586192,-0.2743466,18.15056,308.2332,325.7863,LeftController
5/2/2017 11:14:04 AM:420,-0.5713334,0.8588405,-0.2743423,18.14471,308.2634,325.7279,LeftController
5/2/2017 11:14:04 AM:490,-0.5715476,0.8590258,-0.2749584,18.16748,308.1726,325.725,LeftController
5/2/2017 11:14:04 AM:555,-0.5708834,0.8591663,-0.2757771,18.22442,308.2839,325.7255,LeftController
5/2/2017 11:14:04 AM:615,-0.5713271,0.859061,-0.275733,18.24892,308.1851,325.6889,LeftController
5/2/2017 11:14:04 AM:672,-0.571864,0.8589342,-0.2747169,18.25771,308.1896,325.6589,LeftController
5/2/2017 11:14:04 AM:720,-0.5724212,0.8589498,-0.274611,18.24986,308.0948,325.6464,LeftController
5/2/2017 11:14:04 AM:762,-0.5724105,0.8588734,-0.2749686,18.21266,307.959,325.6172,LeftController
5/2/2017 11:14:04 AM:807,-0.5723569,0.8589175,-0.2753513,18.19455,307.9062,325.6268,LeftController
5/2/2017 11:14:04 AM:874,-0.5730851,0.8587179,-0.2753816,18.26146,307.8195,325.6473,LeftController
5/2/2017 11:14:04 AM:939,-0.5736793,0.8588374,-0.2755029,18.26576,307.8148,325.6506,LeftController
5/2/2017 11:14:04 AM:992,-0.5740638,0.8589605,-0.2756097,18.268,307.8253,325.6281,LeftController
5/2/2017 11:14:05 AM:56,-0.5748852,0.8588891,-0.2753215,18.30736,307.9505,325.6593,LeftController
5/2/2017 11:14:05 AM:102,-0.5757062,0.8587024,-0.2746718,18.2908,307.9402,325.6622,LeftController
5/2/2017 11:14:05 AM:161,-0.576409,0.8589154,-0.2751951,18.3275,307.8861,325.6315,LeftController
5/2/2017 11:14:05 AM:218,-0.5770849,0.8591334,-0.2752953,18.29696,308.0181,325.5405,LeftController
5/2/2017 11:14:05 AM:272,-0.5776588,0.858951,-0.2745829,18.33963,308.0312,325.5137,LeftController
5/2/2017 11:14:05 AM:329,-0.5786148,0.8585492,-0.2738557,18.38711,308.159,325.5107,LeftController
5/2/2017 11:14:05 AM:387,-0.5789791,0.8585168,-0.273773,18.44712,308.2185,325.4821,LeftController
5/2/2017 11:14:05 AM:455,-0.5787295,0.8585478,-0.2736332,18.52499,308.4968,325.5007,LeftController
5/2/2017 11:14:05 AM:508,-0.5792581,0.858413,-0.2731786,18.53452,308.6472,325.394,LeftController
5/2/2017 11:14:05 AM:554,-0.5795758,0.8582698,-0.2726359,18.58475,308.8123,325.4018,LeftController
5/2/2017 11:14:05 AM:605,-0.5799842,0.8580937,-0.2723455,18.58406,308.8635,325.3814,LeftController
5/2/2017 11:14:05 AM:658,-0.5798949,0.8580176,-0.2720351,18.61899,308.9467,325.3469,LeftController
5/2/2017 11:14:05 AM:711,-0.5802736,0.8578807,-0.2715678,18.58356,309.036,325.364,LeftController
5/2/2017 11:14:05 AM:758,-0.5804858,0.8576816,-0.271713,18.57871,308.9987,325.4126,LeftController
5/2/2017 11:14:05 AM:819,-0.5806866,0.8575884,-0.2710576,18.58454,308.9867,325.4011,LeftController
5/2/2017 11:14:05 AM:889,-0.5810511,0.8574651,-0.2704771,18.60093,309.051,325.4466,LeftController
5/2/2017 11:14:05 AM:942,-0.5809683,0.8574736,-0.2709274,18.551,308.9661,325.4755,LeftController
5/2/2017 11:14:05 AM:993,-0.5813664,0.8574185,-0.2709675,18.53066,308.9373,325.405,LeftController
5/2/2017 11:14:06 AM:55,-0.5814972,0.857658,-0.270822,18.41927,309.0911,325.2878,LeftController
5/2/2017 11:14:06 AM:123,-0.5818433,0.8577328,-0.2707469,18.41555,309.1155,325.2506,LeftController
5/2/2017 11:14:06 AM:171,-0.5823778,0.8575881,-0.270056,18.46094,309.2756,325.3626,LeftController
5/2/2017 11:14:06 AM:230,-0.5824479,0.8575641,-0.2700169,18.46964,309.2996,325.4061,LeftController
5/2/2017 11:14:06 AM:302,-0.5816053,0.8580763,-0.2705522,18.41784,309.3732,325.3496,LeftController
5/2/2017 11:14:06 AM:378,-0.5813482,0.8580755,-0.2706981,18.43869,309.4986,325.3565,LeftController
5/2/2017 11:14:06 AM:445,-0.5807185,0.8584121,-0.2705834,18.44204,309.5343,325.3489,LeftController
5/2/2017 11:14:06 AM:505,-0.5795398,0.8588605,-0.271549,18.43756,309.5041,325.3611,LeftController
5/2/2017 11:14:06 AM:561,-0.5793,0.8590052,-0.2714112,18.39066,309.385,325.3766,LeftController
5/2/2017 11:14:06 AM:618,-0.5787345,0.8590654,-0.2716875,18.37787,309.3387,325.4059,LeftController
5/2/2017 11:14:06 AM:713,-0.5776185,0.8591565,-0.2721522,18.35311,309.2688,325.3929,LeftController
5/2/2017 11:14:06 AM:778,-0.576538,0.8590887,-0.272702,18.32789,309.0634,325.4487,LeftController
5/2/2017 11:14:06 AM:862,-0.5759221,0.8588322,-0.2718308,18.308,309.1286,325.4717,LeftController
5/2/2017 11:14:06 AM:942,-0.5753412,0.8582429,-0.2716498,18.39214,309.0574,325.537,LeftController
5/2/2017 11:14:07 AM:8,-0.5739995,0.8580446,-0.2715843,18.44522,308.8521,325.6612,LeftController
5/2/2017 11:14:07 AM:81,-0.5727144,0.857946,-0.272418,18.47614,308.6344,325.7184,LeftController
5/2/2017 11:14:07 AM:145,-0.5716519,0.8582668,-0.2733345,18.48333,308.4343,325.7025,LeftController
5/2/2017 11:14:07 AM:216,-0.570527,0.8585405,-0.2743373,18.45816,308.2481,325.743,LeftController
5/2/2017 11:14:07 AM:275,-0.570807,0.8582559,-0.2739651,18.47603,308.1375,325.687,LeftController
5/2/2017 11:14:07 AM:332,-0.5704362,0.8582139,-0.2745078,18.44026,308.0746,325.6696,LeftController
5/2/2017 11:14:07 AM:398,-0.5709479,0.8580258,-0.2742393,18.40613,307.982,325.5986,LeftController
5/2/2017 11:14:07 AM:490,-0.5715771,0.8580011,-0.2736659,18.44262,308.0602,325.4896,LeftController
5/2/2017 11:14:07 AM:544,-0.5716417,0.858112,-0.2743258,18.48371,308.065,325.4263,LeftController
5/2/2017 11:14:07 AM:609,-0.5723721,0.8584219,-0.2737808,18.51777,308.1375,325.2724,LeftController
5/2/2017 11:14:07 AM:689,-0.5724534,0.8586868,-0.2744777,18.47226,308.1397,325.1248,LeftController
5/2/2017 11:14:07 AM:756,-0.5736297,0.8587452,-0.2734957,18.43675,308.0849,325.1104,LeftController
5/2/2017 11:14:07 AM:815,-0.5737274,0.8589201,-0.2740581,18.43291,307.8264,325.1451,LeftController
5/2/2017 11:14:07 AM:868,-0.5741144,0.8587412,-0.2741342,18.40477,307.7128,325.1504,LeftController
5/2/2017 11:14:07 AM:934,-0.573275,0.8585984,-0.27492,18.38021,307.5143,325.2591,LeftController
5/2/2017 11:14:08 AM:7,-0.5729904,0.8582855,-0.2748144,18.36412,307.2865,325.4602,LeftController
5/2/2017 11:14:08 AM:79,-0.5730845,0.8580348,-0.2753329,18.33283,307.1259,325.5097,LeftController
5/2/2017 11:14:08 AM:137,-0.5734227,0.8575745,-0.2751822,18.34035,307.0723,325.6746,LeftController
5/2/2017 11:14:08 AM:201,-0.5734166,0.8568841,-0.2754991,18.39161,307.0471,325.6996,LeftController
5/2/2017 11:14:08 AM:266,-0.5733372,0.8567605,-0.2754023,18.41354,307.0512,325.7937,LeftController
5/2/2017 11:14:08 AM:348,-0.5740472,0.856581,-0.2749293,18.38391,307.1651,325.7706,LeftController
5/2/2017 11:14:08 AM:438,-0.5755798,0.8567592,-0.2751563,18.39235,307.3476,325.869,LeftController
5/2/2017 11:14:08 AM:502,-0.5767583,0.8565885,-0.2744284,18.37277,307.4147,325.7955,LeftController
5/2/2017 11:14:08 AM:577,-0.577427,0.8565317,-0.2741885,18.39246,307.7025,325.8315,LeftController
5/2/2017 11:14:08 AM:643,-0.5782813,0.8563759,-0.2739656,18.39518,307.7977,325.8016,LeftController
5/2/2017 11:14:08 AM:703,-0.5792857,0.8561734,-0.2733459,18.36339,307.9307,325.7791,LeftController
5/2/2017 11:14:08 AM:768,-0.5800971,0.8560683,-0.2731864,18.33379,307.8997,325.7408,LeftController
5/2/2017 11:14:08 AM:842,-0.5804209,0.8558972,-0.2728205,18.33081,307.934,325.7285,LeftController
5/2/2017 11:14:08 AM:912,-0.5809691,0.8557262,-0.2717178,18.37791,307.9742,325.696,LeftController
5/2/2017 11:14:08 AM:967,-0.5805514,0.8559523,-0.271939,18.37821,307.9893,325.6983,LeftController
5/2/2017 11:14:09 AM:54,-0.5810637,0.856077,-0.2720833,18.37805,307.9391,325.6783,LeftController
5/2/2017 11:14:09 AM:131,-0.580515,0.856406,-0.2719815,18.34303,307.9243,325.6429,LeftController
5/2/2017 11:14:09 AM:192,-0.5809219,0.8563044,-0.2723317,18.33664,307.7793,325.6275,LeftController
5/2/2017 11:14:09 AM:270,-0.580583,0.8565968,-0.2717729,18.29988,307.7788,325.5869,LeftController
5/2/2017 11:14:09 AM:360,-0.5801593,0.8566669,-0.2717452,18.32842,307.6873,325.6011,LeftController
5/2/2017 11:14:09 AM:428,-0.5801071,0.8568832,-0.2720618,18.28454,307.5743,325.5992,LeftController
5/2/2017 11:14:09 AM:487,-0.5794095,0.8569533,-0.2728074,18.24808,307.6055,325.6078,LeftController
5/2/2017 11:14:09 AM:541,-0.5795354,0.8567281,-0.2722316,18.25762,307.5956,325.6385,LeftController
5/2/2017 11:14:09 AM:613,-0.5786277,0.8563471,-0.2726157,18.25898,307.5727,325.6947,LeftController
5/2/2017 11:14:09 AM:667,-0.5783905,0.8562915,-0.2728634,18.29346,307.6264,325.7275,LeftController
5/2/2017 11:14:09 AM:728,-0.5775959,0.8562865,-0.2729287,18.31449,307.7407,325.7629,LeftController
5/2/2017 11:14:09 AM:810,-0.5774051,0.8564236,-0.2731571,18.3375,307.7999,325.7986,LeftController
5/2/2017 11:14:09 AM:874,-0.5769889,0.8565879,-0.2739964,18.27748,307.775,325.8144,LeftController
5/2/2017 11:14:09 AM:943,-0.5776081,0.8566275,-0.2740784,18.22521,307.6553,325.8398,LeftController
5/2/2017 11:14:09 AM:996,-0.5769002,0.8568097,-0.2749131,18.19467,307.6379,325.8499,LeftController
5/2/2017 11:14:10 AM:75,-0.5773617,0.8563361,-0.2745981,18.13964,307.5195,325.8169,LeftController
5/2/2017 11:14:10 AM:153,-0.5770178,0.8560524,-0.2741811,18.14279,307.4721,325.8907,LeftController
5/2/2017 11:14:10 AM:225,-0.5771036,0.8558658,-0.2740169,18.14845,307.2989,325.8422,LeftController
5/2/2017 11:14:10 AM:284,-0.5768427,0.8558768,-0.2735524,18.0886,307.3938,325.7828,LeftController
5/2/2017 11:14:10 AM:341,-0.5763463,0.8557463,-0.2734506,18.13772,307.3884,325.84,LeftController
5/2/2017 11:14:10 AM:412,-0.5760838,0.8552672,-0.2731223,18.18597,307.3748,325.8328,LeftController
5/2/2017 11:14:10 AM:484,-0.5761931,0.8550659,-0.2727027,18.1822,307.2112,325.7215,LeftController
5/2/2017 11:14:10 AM:554,-0.5755593,0.8551861,-0.2726374,18.23241,307.3323,325.6925,LeftController
5/2/2017 11:14:10 AM:607,-0.5748068,0.8554851,-0.273057,18.24136,307.4075,325.6545,LeftController
5/2/2017 11:14:10 AM:671,-0.5740023,0.8556086,-0.2735274,18.2285,307.5652,325.6258,LeftController
5/2/2017 11:14:10 AM:728,-0.5747325,0.8555114,-0.272929,18.22811,307.3741,325.6446,LeftController
5/2/2017 11:14:10 AM:785,-0.5746722,0.8556588,-0.2732043,18.24331,307.3866,325.5511,LeftController
5/2/2017 11:14:10 AM:841,-0.5747811,0.8559594,-0.2727513,18.19171,307.5289,325.4937,LeftController
5/2/2017 11:14:10 AM:892,-0.5748563,0.8559062,-0.2729011,18.23436,307.462,325.4758,LeftController
5/2/2017 11:14:10 AM:945,-0.5744089,0.8559724,-0.2729545,18.2269,307.5381,325.4706,LeftController
5/2/2017 11:14:11 AM:1,-0.5739335,0.8560518,-0.2733638,18.23149,307.3402,325.4827,LeftController
5/2/2017 11:14:11 AM:55,-0.573853,0.8560103,-0.2733383,18.22038,307.3469,325.4634,LeftController
5/2/2017 11:14:11 AM:118,-0.5742918,0.8558824,-0.2731888,18.22396,307.3306,325.4963,LeftController
5/2/2017 11:14:11 AM:189,-0.5735452,0.8559757,-0.2738955,18.16394,307.3181,325.4972,LeftController
5/2/2017 11:14:11 AM:248,-0.5733858,0.8559154,-0.2735569,18.18113,307.3378,325.5118,LeftController
5/2/2017 11:14:11 AM:327,-0.5738524,0.8556399,-0.27315,18.17835,307.3577,325.5353,LeftController
5/2/2017 11:14:11 AM:393,-0.5740103,0.855554,-0.2730811,18.18839,307.3671,325.5384,LeftController
5/2/2017 11:14:11 AM:448,-0.5734181,0.8556601,-0.2729833,18.16094,307.3585,325.5063,LeftController
5/2/2017 11:14:11 AM:499,-0.573293,0.8554448,-0.2731116,18.13032,307.4189,325.5341,LeftController
5/2/2017 11:14:11 AM:555,-0.5742093,0.8552268,-0.272649,18.1084,307.2332,325.5338,LeftController
5/2/2017 11:14:11 AM:633,-0.5738952,0.855828,-0.2725503,17.99987,307.2639,325.3094,LeftController
5/2/2017 11:14:11 AM:689,-0.5733942,0.8557987,-0.2727351,18.04306,307.2181,325.3155,LeftController
5/2/2017 11:14:11 AM:749,-0.572897,0.8556429,-0.2722809,18.19626,307.2664,325.3535,LeftController
5/2/2017 11:14:11 AM:804,-0.5721055,0.8559624,-0.2730889,18.17978,307.2442,325.3135,LeftController
5/2/2017 11:14:11 AM:861,-0.5712168,0.8560566,-0.2733088,18.29763,307.2937,325.4078,LeftController
5/2/2017 11:14:11 AM:936,-0.5704292,0.8563293,-0.2740197,18.35194,307.2751,325.3502,LeftController
5/2/2017 11:14:12 AM:2,-0.570029,0.8561124,-0.2733061,18.39524,307.4251,325.4471,LeftController
5/2/2017 11:14:12 AM:64,-0.5694044,0.8562056,-0.2736764,18.4272,307.2636,325.4933,LeftController
5/2/2017 11:14:12 AM:111,-0.5682768,0.8564398,-0.2744365,18.42768,307.3258,325.5376,LeftController
5/2/2017 11:14:12 AM:165,-0.5680109,0.8562496,-0.274394,18.43282,307.3008,325.5684,LeftController
5/2/2017 11:14:12 AM:241,-0.5689238,0.8556864,-0.2733176,18.44095,307.1934,325.6354,LeftController
5/2/2017 11:14:12 AM:308,-0.5682861,0.8558321,-0.2738588,18.43658,307.0957,325.6677,LeftController
5/2/2017 11:14:12 AM:399,-0.5677669,0.8558322,-0.2739282,18.46993,307.2421,325.7721,LeftController
5/2/2017 11:14:12 AM:475,-0.5690172,0.8557819,-0.2744849,18.45448,307.154,325.8474,LeftController
5/2/2017 11:14:12 AM:531,-0.5691222,0.8560784,-0.2751756,18.40107,307.2861,325.7948,LeftController
5/2/2017 11:14:12 AM:593,-0.5702995,0.8558592,-0.2744019,18.46127,307.3802,325.8231,LeftController
5/2/2017 11:14:12 AM:692,-0.5708761,0.8559763,-0.2743247,18.44582,307.4383,325.8251,LeftController
5/2/2017 11:14:12 AM:776,-0.5706741,0.8563884,-0.275835,18.38898,307.4969,325.7981,LeftController
5/2/2017 11:14:12 AM:842,-0.5713521,0.8565036,-0.2757285,18.40758,307.5518,325.7805,LeftController
5/2/2017 11:14:12 AM:913,-0.5727409,0.8562593,-0.2755632,18.45376,307.537,325.8292,LeftController
5/2/2017 11:14:12 AM:978,-0.5733501,0.8564073,-0.2757869,18.45835,307.5365,325.7896,LeftController
5/2/2017 11:14:13 AM:39,-0.5732781,0.8567502,-0.2762835,18.46711,307.5318,325.7935,LeftController
5/2/2017 11:14:13 AM:94,-0.57344,0.8570163,-0.2772694,18.44104,307.5112,325.7818,LeftController
5/2/2017 11:14:13 AM:159,-0.5739502,0.8567779,-0.2769957,18.49287,307.5432,325.7596,LeftController
5/2/2017 11:14:13 AM:212,-0.5743978,0.8568056,-0.2769561,18.49502,307.5597,325.7821,LeftController
5/2/2017 11:14:13 AM:298,-0.5749015,0.8567032,-0.2772005,18.51289,307.474,325.7404,LeftController
5/2/2017 11:14:13 AM:368,-0.575713,0.8568257,-0.2766166,18.48977,307.4667,325.6964,LeftController
5/2/2017 11:14:13 AM:454,-0.5761814,0.8568267,-0.2768886,18.51275,307.4201,325.6739,LeftController
5/2/2017 11:14:13 AM:560,-0.5767862,0.8558054,-0.2764366,18.60773,307.3119,325.7896,LeftController
5/2/2017 11:14:13 AM:626,-0.5757648,0.8556358,-0.2768359,18.69722,307.1555,325.8898,LeftController
5/2/2017 11:14:13 AM:679,-0.5757449,0.8553749,-0.2762628,18.8511,307.2597,325.9442,LeftController
5/2/2017 11:14:13 AM:754,-0.5769566,0.8554914,-0.2759128,18.97375,307.4695,325.9299,LeftController
5/2/2017 11:14:13 AM:820,-0.5777416,0.8554813,-0.2756994,19.00236,307.4858,325.9377,LeftController
5/2/2017 11:14:13 AM:888,-0.5778579,0.8557,-0.2761521,19.02724,307.6079,325.9192,LeftController
5/2/2017 11:14:13 AM:960,-0.5794145,0.855811,-0.2755466,19.05935,307.6542,325.8653,LeftController
5/2/2017 11:14:14 AM:20,-0.579808,0.8560019,-0.275785,19.01534,307.7614,325.891,LeftController
5/2/2017 11:14:14 AM:87,-0.5807933,0.8556736,-0.2750659,19.00171,307.5612,325.8929,LeftController
5/2/2017 11:14:14 AM:161,-0.5822901,0.855525,-0.2747934,18.9165,307.6548,325.8145,LeftController
5/2/2017 11:14:14 AM:212,-0.5829393,0.8553882,-0.2747061,18.89165,307.4977,325.8244,LeftController
5/2/2017 11:14:14 AM:267,-0.5836674,0.8553621,-0.2741542,18.87838,307.4357,325.8141,LeftController
5/2/2017 11:14:14 AM:342,-0.5847949,0.8553464,-0.2742827,18.7944,307.2066,325.7806,LeftController
5/2/2017 11:14:14 AM:404,-0.5849084,0.8554534,-0.2746036,18.7845,307.2379,325.7744,LeftController
5/2/2017 11:14:14 AM:457,-0.5853926,0.8551916,-0.2741382,18.83068,307.2386,325.7982,LeftController
5/2/2017 11:14:14 AM:515,-0.5852976,0.855022,-0.2741406,18.92941,307.1922,325.7879,LeftController
5/2/2017 11:14:14 AM:592,-0.5860459,0.8550874,-0.274442,18.89259,307.1012,325.681,LeftController
5/2/2017 11:14:14 AM:654,-0.5856985,0.8550879,-0.2744918,18.90174,307.1238,325.5854,LeftController
5/2/2017 11:14:14 AM:727,-0.5856301,0.8550175,-0.2742333,18.92835,307.3369,325.5771,LeftController
5/2/2017 11:14:14 AM:781,-0.5861075,0.8548138,-0.2736278,18.94507,307.4211,325.5869,LeftController
5/2/2017 11:14:14 AM:850,-0.5859635,0.8549078,-0.273366,18.97916,307.5058,325.5836,LeftController
5/2/2017 11:14:14 AM:924,-0.5849071,0.8550408,-0.2731383,18.99291,307.5688,325.65,LeftController
5/2/2017 11:14:14 AM:990,-0.5833945,0.8555169,-0.2745552,19.00441,307.6195,325.6417,LeftController
5/2/2017 11:14:15 AM:48,-0.5837464,0.855595,-0.2739124,19.02865,307.7033,325.6377,LeftController
5/2/2017 11:14:15 AM:107,-0.5823472,0.8562024,-0.2751026,19.02665,307.6362,325.581,LeftController
5/2/2017 11:14:15 AM:165,-0.5818528,0.8562,-0.2751362,19.02975,307.6704,325.6053,LeftController
5/2/2017 11:14:15 AM:216,-0.5813941,0.8563433,-0.2756031,19.06379,307.6119,325.6205,LeftController
5/2/2017 11:14:15 AM:269,-0.5805687,0.8565918,-0.2757194,19.0558,307.7122,325.6002,LeftController
5/2/2017 11:14:15 AM:331,-0.5802175,0.8566802,-0.2756121,19.05745,307.7396,325.5709,LeftController
5/2/2017 11:14:15 AM:384,-0.580114,0.8566682,-0.2762172,19.03503,307.7943,325.5786,LeftController
5/2/2017 11:14:15 AM:438,-0.5806755,0.856378,-0.2753701,19.05295,307.7881,325.5712,LeftController
5/2/2017 11:14:15 AM:492,-0.5803976,0.856406,-0.2749379,19.05458,307.8097,325.5575,LeftController
5/2/2017 11:14:15 AM:559,-0.5794739,0.8562015,-0.275382,19.04311,307.8419,325.5894,LeftController
5/2/2017 11:14:15 AM:623,-0.5794228,0.8556181,-0.2750289,19.06316,307.869,325.6442,LeftController
5/2/2017 11:14:15 AM:685,-0.5796897,0.8550431,-0.2739792,19.10556,307.775,325.6761,LeftController
5/2/2017 11:14:15 AM:759,-0.5786672,0.8549412,-0.2741492,19.11625,307.7356,325.8076,LeftController
5/2/2017 11:14:15 AM:816,-0.5785488,0.8551142,-0.2750871,19.12088,307.5125,325.8303,LeftController
5/2/2017 11:14:15 AM:883,-0.5786664,0.8552072,-0.2752786,19.04141,307.4004,325.8352,LeftController
5/2/2017 11:14:15 AM:962,-0.5774206,0.8551084,-0.2759416,19.11289,307.3394,325.8993,LeftController
5/2/2017 11:14:16 AM:25,-0.5779878,0.8550851,-0.2754023,19.15073,307.3011,325.9486,LeftController
5/2/2017 11:14:16 AM:85,-0.5782139,0.8551872,-0.2755628,19.15227,307.3147,325.9936,LeftController
5/2/2017 11:14:16 AM:143,-0.5781273,0.8551731,-0.2761176,19.1493,307.3563,326.0497,LeftController
5/2/2017 11:14:16 AM:198,-0.5782344,0.8551606,-0.2763803,19.16327,307.377,326.0987,LeftController
5/2/2017 11:14:16 AM:254,-0.5788723,0.8550696,-0.2761152,19.17815,307.4362,326.1545,LeftController
5/2/2017 11:14:16 AM:312,-0.5792266,0.855186,-0.2761834,19.17888,307.4283,326.1492,LeftController
5/2/2017 11:14:16 AM:374,-0.579363,0.8551904,-0.2761335,19.16988,307.475,326.1796,LeftController
5/2/2017 11:14:16 AM:431,-0.579981,0.8548477,-0.2758431,19.17044,307.4532,326.2298,LeftController
5/2/2017 11:14:16 AM:496,-0.5803018,0.854766,-0.2761879,19.14145,307.3766,326.2251,LeftController
5/2/2017 11:14:16 AM:562,-0.5810268,0.8546107,-0.2756662,19.10577,307.3706,326.2551,LeftController
5/2/2017 11:14:16 AM:639,-0.5818648,0.8543644,-0.2758837,19.12347,307.1644,326.1821,LeftController
5/2/2017 11:14:16 AM:712,-0.5821739,0.8546094,-0.275965,19.08895,307.2933,326.1705,LeftController
5/2/2017 11:14:16 AM:790,-0.581918,0.8547632,-0.276891,19.08688,307.1413,326.1721,LeftController
5/2/2017 11:14:16 AM:862,-0.5824672,0.8547119,-0.276104,19.06303,307.0685,326.1269,LeftController
5/2/2017 11:14:16 AM:922,-0.5826554,0.8545645,-0.2760727,19.07218,307.0801,326.1158,LeftController
5/2/2017 11:14:16 AM:987,-0.582902,0.8545817,-0.2750607,19.08059,307.1779,326.0481,LeftController
5/2/2017 11:14:17 AM:68,-0.5828207,0.8545653,-0.2760637,19.0758,307.2358,326.0544,LeftController
5/2/2017 11:14:17 AM:138,-0.5835712,0.8543098,-0.2751389,19.10279,307.2594,326.0175,LeftController
5/2/2017 11:14:17 AM:195,-0.5838879,0.8541734,-0.2742443,19.11799,307.2872,325.9763,LeftController
5/2/2017 11:14:17 AM:251,-0.5838964,0.8541123,-0.2744806,19.12306,307.3312,325.9663,LeftController
5/2/2017 11:14:17 AM:308,-0.5837482,0.8540395,-0.2749259,19.1296,307.3345,325.9745,LeftController
5/2/2017 11:14:17 AM:384,-0.5843211,0.8538619,-0.2735174,19.14224,307.3019,325.9012,LeftController
5/2/2017 11:14:17 AM:451,-0.5838796,0.853864,-0.2735877,19.10784,307.3513,325.9535,LeftController
5/2/2017 11:14:17 AM:505,-0.5839263,0.8538257,-0.273916,19.10427,307.1901,325.9344,LeftController
5/2/2017 11:14:17 AM:574,-0.584129,0.8537802,-0.2733889,19.08532,307.3273,325.8849,LeftController
5/2/2017 11:14:17 AM:646,-0.5843201,0.8535513,-0.2734802,19.12197,307.2757,325.8885,LeftController
5/2/2017 11:14:17 AM:708,-0.5836351,0.8537356,-0.2738194,19.04891,307.2648,325.842,LeftController
5/2/2017 11:14:17 AM:777,-0.5834606,0.8537843,-0.2739267,19.08609,307.2274,325.8294,LeftController
5/2/2017 11:14:17 AM:860,-0.583553,0.8538154,-0.2729533,19.096,307.4451,325.699,LeftController
5/2/2017 11:14:17 AM:956,-0.5839483,0.8536254,-0.2724338,19.05914,307.5266,325.6823,LeftController
5/2/2017 11:14:18 AM:13,-0.5837972,0.8538448,-0.2724187,19.03742,307.4856,325.6432,LeftController
5/2/2017 11:14:18 AM:71,-0.5832022,0.8541883,-0.2726517,19.01982,307.5735,325.6321,LeftController
5/2/2017 11:14:18 AM:127,-0.5823807,0.8545026,-0.2731125,19.06594,307.7476,325.5581,LeftController
5/2/2017 11:14:18 AM:184,-0.582376,0.8550605,-0.2729261,19.11647,308.0909,325.5089,LeftController
5/2/2017 11:14:18 AM:239,-0.5818413,0.8558105,-0.2740607,19.06602,308.0333,325.4283,LeftController
5/2/2017 11:14:18 AM:318,-0.5800509,0.8561589,-0.2750387,18.98692,307.8521,325.4433,LeftController
5/2/2017 11:14:18 AM:388,-0.5793903,0.8559008,-0.2749164,19.05764,307.7122,325.469,LeftController
5/2/2017 11:14:18 AM:472,-0.578492,0.8565263,-0.2748954,18.95356,307.6506,325.3304,LeftController
5/2/2017 11:14:18 AM:543,-0.5771278,0.8567115,-0.2757077,18.90061,307.6256,325.3863,LeftController
5/2/2017 11:14:18 AM:617,-0.5770763,0.8562866,-0.2748232,18.8689,307.4504,325.412,LeftController
5/2/2017 11:14:18 AM:702,-0.576187,0.8559709,-0.275295,18.82913,307.5531,325.5149,LeftController
5/2/2017 11:14:18 AM:764,-0.5760266,0.8559296,-0.2751112,18.87659,307.6197,325.5208,LeftController
5/2/2017 11:14:18 AM:823,-0.5748219,0.8561159,-0.275903,18.87516,307.6957,325.5936,LeftController
5/2/2017 11:14:18 AM:901,-0.5744838,0.8564166,-0.2757683,18.77929,307.5305,325.5016,LeftController
5/2/2017 11:14:18 AM:984,-0.5744314,0.8560786,-0.2763751,18.7477,307.5146,325.6212,LeftController
5/2/2017 11:14:19 AM:48,-0.5741845,0.8558198,-0.2760193,18.81625,307.618,325.6087,LeftController
5/2/2017 11:14:19 AM:105,-0.5732566,0.8558431,-0.2761304,18.83519,307.7427,325.6169,LeftController
5/2/2017 11:14:19 AM:162,-0.572902,0.8556331,-0.2756424,18.88341,307.6772,325.7248,LeftController
5/2/2017 11:14:19 AM:224,-0.5725052,0.8557048,-0.2759469,18.84495,307.6371,325.7236,LeftController
5/2/2017 11:14:19 AM:293,-0.5724579,0.8557936,-0.2768404,18.78583,307.4809,325.7863,LeftController
5/2/2017 11:14:19 AM:372,-0.5716951,0.8557731,-0.277802,18.73517,307.2181,325.9269,LeftController
5/2/2017 11:14:19 AM:443,-0.5716004,0.8555694,-0.2778878,18.75001,306.9787,325.9498,LeftController
5/2/2017 11:14:19 AM:502,-0.5709203,0.8555876,-0.2779555,18.6929,307.0293,325.8145,LeftController
5/2/2017 11:14:19 AM:564,-0.5715649,0.8551745,-0.2778912,18.67834,306.9517,325.9493,LeftController
5/2/2017 11:14:19 AM:615,-0.5718906,0.8551193,-0.2771764,18.6952,307.0374,325.9479,LeftController
5/2/2017 11:14:19 AM:680,-0.5716704,0.8549111,-0.2774067,18.72289,307.052,325.9665,LeftController
5/2/2017 11:14:19 AM:761,-0.5722107,0.8544117,-0.2768645,18.74282,307.0076,326.018,LeftController
5/2/2017 11:14:19 AM:825,-0.572121,0.8541503,-0.2767038,18.73136,306.9867,325.9141,LeftController
5/2/2017 11:14:19 AM:884,-0.5718175,0.8540339,-0.2768633,18.73976,306.9587,326.0219,LeftController
5/2/2017 11:14:19 AM:964,-0.5718213,0.8533882,-0.2765784,18.79736,307.0806,325.8871,LeftController
5/2/2017 11:14:20 AM:31,-0.572245,0.8532612,-0.276207,18.87476,307.2226,326.0161,LeftController
5/2/2017 11:14:20 AM:91,-0.5728287,0.8533103,-0.2758696,18.85815,307.2948,325.9595,LeftController
5/2/2017 11:14:20 AM:141,-0.572427,0.8534312,-0.276443,18.8978,307.3061,325.9168,LeftController
5/2/2017 11:14:20 AM:199,-0.5729791,0.8534672,-0.2759085,18.87062,307.3876,325.8792,LeftController
5/2/2017 11:14:20 AM:271,-0.5735338,0.8536925,-0.2761583,18.82609,307.1425,325.7998,LeftController
5/2/2017 11:14:20 AM:350,-0.5719913,0.8537717,-0.2775774,19.02391,307.4119,325.9043,LeftController
5/2/2017 11:14:20 AM:421,-0.572291,0.853588,-0.2787426,19.11736,307.2269,325.7457,LeftController
5/2/2017 11:14:20 AM:479,-0.5719372,0.8537265,-0.279038,19.20375,307.3475,325.8896,LeftController
5/2/2017 11:14:20 AM:555,-0.5717717,0.8539621,-0.2792842,19.12947,307.4764,325.6386,LeftController
5/2/2017 11:14:20 AM:635,-0.5732332,0.8539324,-0.2787101,19.03919,306.972,325.8864,LeftController
5/2/2017 11:14:20 AM:698,-0.573471,0.8539846,-0.2768853,19.04926,307.3829,325.6186,LeftController
5/2/2017 11:14:20 AM:769,-0.5725081,0.8545181,-0.2770619,19.09526,307.9757,325.6089,LeftController
5/2/2017 11:14:20 AM:850,-0.5742539,0.8559247,-0.2773435,19.09607,308.744,325.1828,LeftController
5/2/2017 11:14:20 AM:908,-0.5760603,0.8570703,-0.2788579,18.86463,308.5752,325.2343,LeftController
5/2/2017 11:14:20 AM:960,-0.5777652,0.8574886,-0.2792969,18.63535,308.2571,324.9937,LeftController
5/2/2017 11:14:21 AM:22,-0.578082,0.8574308,-0.2782495,18.5374,308.0331,324.9432,LeftController
5/2/2017 11:14:21 AM:102,-0.5786308,0.8580136,-0.2796087,18.46969,307.7397,324.9794,LeftController
5/2/2017 11:14:21 AM:165,-0.5790173,0.8580652,-0.2809012,18.47317,307.8268,325.1053,LeftController
5/2/2017 11:14:21 AM:220,-0.5821761,0.8583814,-0.2802079,18.70388,306.6095,326.0033,LeftController
5/2/2017 11:14:21 AM:288,-0.6073375,0.8690501,-0.2854655,15.44148,295.877,332.3146,LeftController
5/2/2017 11:14:21 AM:372,-0.6568643,0.890192,-0.3011343,9.614655,275.4552,340.2808,LeftController
5/2/2017 11:14:21 AM:432,-0.6762441,0.9131484,-0.3075581,4.828776,272.8767,341.5541,LeftController
5/2/2017 11:14:21 AM:491,-0.6985506,0.9328753,-0.3063321,1.2683,270.4597,344.2728,LeftController
5/2/2017 11:14:21 AM:560,-0.7256714,0.9611768,-0.3024795,356.0064,268.957,346.0541,LeftController
5/2/2017 11:14:21 AM:636,-0.7450476,0.9856709,-0.2946668,352.2055,268.684,348.5983,LeftController
5/2/2017 11:14:21 AM:703,-0.7549719,1.000264,-0.2889097,350.3996,267.8152,350.1986,LeftController
5/2/2017 11:14:21 AM:763,-0.7637634,1.018849,-0.2800615,347.4115,267.5003,351.0987,LeftController
5/2/2017 11:14:21 AM:820,-0.7689806,1.043263,-0.2640903,341.5438,270.0768,350.7883,LeftController
5/2/2017 11:14:21 AM:879,-0.7739503,1.065602,-0.2524514,338.6711,271.0184,353.5791,LeftController
5/2/2017 11:14:21 AM:930,-0.7809169,1.083078,-0.2449486,337.8356,270.0826,355.4615,LeftController
5/2/2017 11:14:22 AM:3,-0.7848464,1.103412,-0.2327435,333.0526,272.8483,354.9958,LeftController
5/2/2017 11:14:22 AM:57,-0.7863759,1.106169,-0.2288151,332.8643,273.3319,354.2139,LeftController
5/2/2017 11:14:22 AM:111,-0.7866796,1.112442,-0.2240303,332.7094,273.2515,355.689,LeftController
5/2/2017 11:14:22 AM:181,-0.77991,1.126063,-0.2162125,328.2215,273.9787,356.5436,LeftController
5/2/2017 11:14:22 AM:254,-0.7759864,1.126998,-0.2146029,328.5923,272.3487,358.9565,LeftController
5/2/2017 11:14:22 AM:327,-0.7714944,1.115878,-0.2130058,327.6668,272.0008,355.6306,LeftController
5/2/2017 11:14:22 AM:409,-0.7686611,1.109872,-0.2143583,329.5486,269.039,358.6187,LeftController
5/2/2017 11:14:22 AM:482,-0.7672127,1.106084,-0.2188365,333.4588,265.1201,3.527547,LeftController
5/2/2017 11:14:22 AM:556,-0.7678201,1.098711,-0.2277589,342.7582,263.3961,14.09455,LeftController
5/2/2017 11:14:22 AM:634,-0.7718089,1.080743,-0.2343738,352.3868,266.5182,14.39091,LeftController
5/2/2017 11:14:22 AM:712,-0.7659681,1.074167,-0.2447183,347.7398,261.7597,13.13104,LeftController
5/2/2017 11:14:22 AM:779,-0.7630277,1.059582,-0.24493,348.7718,264.7561,10.3724,LeftController
5/2/2017 11:14:22 AM:836,-0.7582499,1.044116,-0.2504051,348.68,265.6558,8.67211,LeftController
5/2/2017 11:14:22 AM:896,-0.7520233,1.028254,-0.2565806,347.4806,266.4044,5.123474,LeftController
5/2/2017 11:14:22 AM:980,-0.7436991,1.009517,-0.2619183,350.3448,267.0344,358.6357,LeftController
5/2/2017 11:14:23 AM:56,-0.7352964,0.9911256,-0.2710893,354.5985,268.628,359.3098,LeftController
5/2/2017 11:14:23 AM:136,-0.7251846,0.9731494,-0.2750556,355.4507,270.6901,350.528,LeftController
5/2/2017 11:14:23 AM:215,-0.7180222,0.9514688,-0.2885246,5.050411,269.7582,357.3894,LeftController
5/2/2017 11:14:23 AM:280,-0.714276,0.9442619,-0.2985573,6.578106,267.1277,354.7071,LeftController
5/2/2017 11:14:23 AM:344,-0.7105383,0.9385393,-0.3047526,8.359741,266.6414,353.8491,LeftController
5/2/2017 11:14:23 AM:404,-0.7075568,0.9345171,-0.3104749,9.180242,267.1074,353.661,LeftController
5/2/2017 11:14:23 AM:471,-0.7052885,0.9332556,-0.3168104,9.506612,265.6554,353.9306,LeftController
5/2/2017 11:14:23 AM:549,-0.6981462,0.9294071,-0.3160539,10.91116,268.7001,354.5652,LeftController
5/2/2017 11:14:23 AM:610,-0.6951514,0.9278362,-0.3147845,11.00116,270.2368,354.215,LeftController
5/2/2017 11:14:23 AM:673,-0.6920805,0.9253013,-0.314502,9.467104,270.9486,351.718,LeftController
5/2/2017 11:14:23 AM:755,-0.6870826,0.9219165,-0.3175695,9.328073,270.0917,351.4776,LeftController
5/2/2017 11:14:23 AM:831,-0.6813282,0.9147027,-0.3142884,11.41634,273.0317,353.1151,LeftController
5/2/2017 11:14:23 AM:877,-0.6777159,0.9027506,-0.3171203,16.55756,272.6272,353.2441,LeftController
5/2/2017 11:14:23 AM:934,-0.6736799,0.8956434,-0.3190877,17.97584,272.8047,350.3716,LeftController
5/2/2017 11:14:24 AM:27,-0.6684898,0.8993484,-0.3206375,14.40828,272.999,350.8809,LeftController
5/2/2017 11:14:24 AM:93,-0.6640252,0.8937985,-0.3166533,15.72707,275.6889,347.8312,LeftController
5/2/2017 11:14:24 AM:152,-0.6563987,0.8883215,-0.3041825,17.52177,283.0323,343.3492,LeftController
5/2/2017 11:14:24 AM:205,-0.6500679,0.882689,-0.2972276,19.11507,287.6753,342.4745,LeftController
5/2/2017 11:14:24 AM:261,-0.6426003,0.8788626,-0.2889504,19.13238,293.4047,336.3675,LeftController
5/2/2017 11:14:24 AM:326,-0.6369087,0.876559,-0.2816606,18.64857,296.9309,335.3817,LeftController
5/2/2017 11:14:24 AM:404,-0.6340864,0.8713536,-0.2793891,17.86488,296.6739,331.1721,LeftController
5/2/2017 11:14:24 AM:474,-0.6324449,0.8708285,-0.2774942,18.1285,295.5967,334.07,LeftController
5/2/2017 11:14:24 AM:525,-0.6273845,0.8664961,-0.2757552,20.1716,297.1224,334.5608,LeftController
5/2/2017 11:14:24 AM:579,-0.6230878,0.8642464,-0.272553,20.65686,298.9991,333.8968,LeftController
5/2/2017 11:14:24 AM:632,-0.6199942,0.8592038,-0.2730074,22.25852,299.8881,330.2591,LeftController
5/2/2017 11:14:24 AM:698,-0.6148354,0.8546932,-0.2750177,24.82342,302.2677,327.7078,LeftController
5/2/2017 11:14:24 AM:770,-0.6052231,0.8511984,-0.2740548,27.6256,305.8789,329.1378,LeftController
5/2/2017 11:14:24 AM:836,-0.6057462,0.850798,-0.2756968,28.3954,304.3515,329.464,LeftController
5/2/2017 11:14:24 AM:895,-0.6060971,0.8496319,-0.2766628,29.93833,303.4418,330.0806,LeftController
5/2/2017 11:14:24 AM:951,-0.6048728,0.8492634,-0.275322,30.46381,304.6889,330.3434,LeftController
5/2/2017 11:14:25 AM:6,-0.606841,0.849859,-0.2758861,30.29322,303.9758,328.6798,LeftController
5/2/2017 11:14:25 AM:65,-0.6068511,0.8492339,-0.2755301,31.15569,304.1157,329.2641,LeftController
5/2/2017 11:14:25 AM:124,-0.6067917,0.8489692,-0.2750318,30.61603,304.1377,328.6888,LeftController
5/2/2017 11:14:25 AM:175,-0.6075742,0.8488911,-0.2764318,29.76727,302.4649,327.5468,LeftController
5/2/2017 11:14:25 AM:234,-0.6056205,0.8487093,-0.2764637,29.61943,302.3633,328.1821,LeftController
5/2/2017 11:14:25 AM:291,-0.6029953,0.8497881,-0.2764544,28.95125,302.4288,328.4535,LeftController
5/2/2017 11:14:25 AM:358,-0.6029941,0.8514862,-0.2771287,27.64959,301.907,328.5631,LeftController
5/2/2017 11:14:25 AM:415,-0.6032315,0.8526173,-0.2769039,26.92934,302.2283,328.6394,LeftController
5/2/2017 11:14:25 AM:479,-0.6027859,0.8522873,-0.2787137,27.21961,301.8271,328.3159,LeftController
5/2/2017 11:14:25 AM:534,-0.6027454,0.8520361,-0.2780161,27.18085,301.996,328.0974,LeftController
5/2/2017 11:14:25 AM:589,-0.6028162,0.8515248,-0.27754,26.67098,301.8527,326.8814,LeftController
5/2/2017 11:14:25 AM:646,-0.6024846,0.8519671,-0.2768974,26.50114,301.8701,327.051,LeftController
5/2/2017 11:14:25 AM:710,-0.6027814,0.8518752,-0.2771699,26.61274,301.8903,327.0428,LeftController
5/2/2017 11:14:25 AM:792,-0.6024338,0.8521456,-0.2782817,26.58743,301.9334,327.0418,LeftController
5/2/2017 11:14:25 AM:855,-0.6022334,0.8520476,-0.2782693,26.66682,302.0696,327.0974,LeftController
5/2/2017 11:14:25 AM:913,-0.6022617,0.8518239,-0.2783492,26.68417,302.106,326.937,LeftController
5/2/2017 11:14:25 AM:973,-0.6028495,0.8515056,-0.2776215,26.69708,302.0655,326.8326,LeftController
5/2/2017 11:14:26 AM:26,-0.6024804,0.851405,-0.2777989,26.61448,302.0138,326.6506,LeftController
5/2/2017 11:14:26 AM:83,-0.6022832,0.8513154,-0.2774849,26.69128,302.0228,326.8431,LeftController
5/2/2017 11:14:26 AM:137,-0.6018572,0.8513865,-0.2785449,26.66871,301.7165,326.8305,LeftController
5/2/2017 11:14:26 AM:188,-0.6016682,0.8515058,-0.2790449,26.69918,301.6727,326.8589,LeftController
5/2/2017 11:14:26 AM:260,-0.6011317,0.8515879,-0.2790699,26.6427,301.7195,326.8197,LeftController
5/2/2017 11:14:26 AM:325,-0.6025579,0.8511838,-0.2776117,26.73014,301.786,326.8183,LeftController
5/2/2017 11:14:26 AM:382,-0.6029016,0.8511339,-0.2775176,26.71592,301.7889,326.8268,LeftController
5/2/2017 11:14:26 AM:461,-0.6028771,0.8511008,-0.2772825,26.77872,301.8315,326.8269,LeftController
5/2/2017 11:14:26 AM:541,-0.6029917,0.8507149,-0.2775948,26.83417,301.9572,326.8621,LeftController
5/2/2017 11:14:26 AM:605,-0.6042331,0.8504829,-0.2766061,26.89194,302.1057,326.8378,LeftController
5/2/2017 11:14:26 AM:667,-0.6047117,0.850336,-0.27635,26.91255,302.2925,326.7725,LeftController
5/2/2017 11:14:26 AM:725,-0.605773,0.8502963,-0.2750461,26.98261,302.4011,326.5779,LeftController
5/2/2017 11:14:26 AM:783,-0.6070172,0.8504558,-0.274276,26.90704,302.5627,326.5521,LeftController
5/2/2017 11:14:26 AM:837,-0.6071858,0.8504655,-0.2742355,26.95871,302.6704,326.5641,LeftController
5/2/2017 11:14:26 AM:917,-0.6068927,0.8504831,-0.2741151,27.0794,303.0028,326.6419,LeftController
5/2/2017 11:14:26 AM:996,-0.6072571,0.8503928,-0.2738986,27.12486,303.0476,326.6281,LeftController
5/2/2017 11:14:27 AM:53,-0.6076013,0.8504065,-0.2740748,27.18219,303.1784,326.642,LeftController
5/2/2017 11:14:27 AM:131,-0.6074202,0.8505071,-0.2748156,27.19436,303.2641,326.581,LeftController
5/2/2017 11:14:27 AM:201,-0.6080495,0.8504559,-0.274267,27.14034,303.3798,326.6401,LeftController
5/2/2017 11:14:27 AM:257,-0.6079113,0.8504522,-0.2745767,27.13601,303.373,326.599,LeftController
5/2/2017 11:14:27 AM:307,-0.6082191,0.8503478,-0.2740927,27.14301,303.371,326.6132,LeftController
5/2/2017 11:14:27 AM:372,-0.6080631,0.8503417,-0.273936,27.11441,303.3764,326.6105,LeftController
5/2/2017 11:14:27 AM:462,-0.6083664,0.849941,-0.2733593,27.10011,303.4516,326.5853,LeftController
5/2/2017 11:14:27 AM:534,-0.6081697,0.8496376,-0.2731986,27.16131,303.4263,326.5525,LeftController
5/2/2017 11:14:27 AM:610,-0.6076125,0.8495271,-0.2732697,27.14584,303.4781,326.5501,LeftController
5/2/2017 11:14:27 AM:672,-0.6075391,0.8494997,-0.2732143,27.15241,303.3769,326.5627,LeftController
5/2/2017 11:14:27 AM:723,-0.6075038,0.8494252,-0.272779,27.15441,303.3356,326.5392,LeftController
5/2/2017 11:14:27 AM:782,-0.6070253,0.849422,-0.2721584,27.15975,303.3817,326.5755,LeftController
5/2/2017 11:14:27 AM:836,-0.6065226,0.8492701,-0.2722342,27.16016,303.2462,326.5845,LeftController
5/2/2017 11:14:27 AM:898,-0.6059155,0.8494408,-0.2721186,27.15921,303.1802,326.5205,LeftController
5/2/2017 11:14:27 AM:960,-0.6056138,0.849322,-0.2722137,27.12076,303.0497,326.5093,LeftController
5/2/2017 11:14:28 AM:35,-0.6055987,0.8492236,-0.2723277,27.08617,302.8779,326.4571,LeftController
5/2/2017 11:14:28 AM:124,-0.6052104,0.8486544,-0.272454,27.08682,302.6963,326.4199,LeftController
5/2/2017 11:14:28 AM:194,-0.6051275,0.8486513,-0.2713945,27.0627,302.6893,326.3742,LeftController
5/2/2017 11:14:28 AM:251,-0.6055189,0.8484721,-0.2714603,27.09356,302.6773,326.4044,LeftController
5/2/2017 11:14:28 AM:349,-0.6051198,0.8482906,-0.2715163,27.09622,302.7075,326.3997,LeftController
5/2/2017 11:14:28 AM:427,-0.6044606,0.8481839,-0.2720068,27.09585,302.7599,326.4312,LeftController
5/2/2017 11:14:28 AM:491,-0.6045848,0.8482442,-0.2717166,27.11218,302.7599,326.4424,LeftController
5/2/2017 11:14:28 AM:566,-0.6049476,0.8481642,-0.2717144,27.12067,302.7285,326.4692,LeftController
5/2/2017 11:14:28 AM:621,-0.6053138,0.8481035,-0.2715998,27.11857,302.6569,326.4729,LeftController
5/2/2017 11:14:28 AM:686,-0.6048826,0.8481737,-0.2722831,27.11845,302.7242,326.5657,LeftController
5/2/2017 11:14:28 AM:761,-0.6049088,0.8482515,-0.2723069,27.17245,302.5435,326.5728,LeftController
5/2/2017 11:14:28 AM:819,-0.6044587,0.8485177,-0.2727878,27.12113,302.5242,326.5679,LeftController
5/2/2017 11:14:28 AM:885,-0.6044225,0.8486716,-0.2730892,27.14509,302.5161,326.5808,LeftController
5/2/2017 11:14:28 AM:958,-0.6040374,0.848857,-0.2733595,27.16739,302.4995,326.6241,LeftController
5/2/2017 11:14:29 AM:44,-0.603721,0.8489374,-0.2735319,27.24469,302.4818,326.6728,LeftController
5/2/2017 11:14:29 AM:108,-0.6036637,0.8489331,-0.2737265,27.24677,302.5518,326.7048,LeftController
