5/2/2017 11:13:30 AM:180,-0.5248061,1.761958,-0.1283046,356.1168,271.8619,359.5384,Head
5/2/2017 11:13:30 AM:462,-0.5207762,1.763075,-0.1267913,355.7092,272.7704,359.5097,Head
5/2/2017 11:13:30 AM:493,-0.5195948,1.7639,-0.1281207,355.1471,271.6884,359.3881,Head
5/2/2017 11:13:30 AM:527,-0.5195755,1.76399,-0.1283294,355.063,271.5967,359.4247,Head
5/2/2017 11:13:30 AM:561,-0.519433,1.764014,-0.1285829,355.0322,271.5494,359.4625,Head
5/2/2017 11:13:30 AM:596,-0.5193733,1.763883,-0.12878,355.0356,271.5152,359.5102,Head
5/2/2017 11:13:30 AM:630,-0.5194014,1.763915,-0.1288864,355.0504,271.4652,359.5504,Head
5/2/2017 11:13:30 AM:666,-0.519507,1.763784,-0.1289733,355.1071,271.3898,359.5868,Head
5/2/2017 11:13:30 AM:695,-0.5196081,1.763655,-0.1293419,355.1584,271.3126,359.6244,Head
5/2/2017 11:13:30 AM:737,-0.5199748,1.763649,-0.1294571,355.1459,271.2296,359.6062,Head
5/2/2017 11:13:30 AM:781,-0.5204204,1.763642,-0.1293821,355.1923,271.1616,359.5636,Head
5/2/2017 11:13:30 AM:822,-0.5210854,1.76345,-0.1293676,355.3351,271.0746,359.5482,Head
5/2/2017 11:13:30 AM:871,-0.5218482,1.763343,-0.1293932,355.398,270.8638,359.4313,Head
5/2/2017 11:13:30 AM:913,-0.5225537,1.763099,-0.1302161,355.4549,270.0081,359.2576,Head
5/2/2017 11:13:30 AM:952,-0.5232811,1.763102,-0.131474,355.5477,268.6121,359.0267,Head
5/2/2017 11:13:30 AM:988,-0.5236841,1.762897,-0.1329438,355.6304,267.2588,358.9146,Head
5/2/2017 11:13:31 AM:36,-0.5241663,1.762556,-0.1348301,355.7673,265.5524,358.8676,Head
5/2/2017 11:13:31 AM:72,-0.5242149,1.762479,-0.1364533,355.8093,264.3961,358.9056,Head
5/2/2017 11:13:31 AM:102,-0.5242099,1.762461,-0.138041,355.8297,263.1975,358.9284,Head
5/2/2017 11:13:31 AM:149,-0.5241315,1.762178,-0.1415023,355.9008,260.7322,358.853,Head
5/2/2017 11:13:31 AM:195,-0.5240138,1.762083,-0.142871,355.877,259.5854,358.8689,Head
5/2/2017 11:13:31 AM:228,-0.5238886,1.762035,-0.1444311,355.9215,258.5583,358.8256,Head
5/2/2017 11:13:31 AM:262,-0.5239003,1.761801,-0.1459071,356.056,257.6718,358.828,Head
5/2/2017 11:13:31 AM:297,-0.5239468,1.761562,-0.1471424,356.1869,256.9495,358.8686,Head
5/2/2017 11:13:31 AM:331,-0.5242598,1.761354,-0.1483567,356.2976,256.3756,358.9021,Head
5/2/2017 11:13:31 AM:366,-0.5245014,1.761133,-0.1492806,356.3828,255.9355,358.9607,Head
5/2/2017 11:13:31 AM:396,-0.524857,1.760887,-0.1500067,356.5402,255.6916,358.9654,Head
5/2/2017 11:13:31 AM:429,-0.525157,1.760654,-0.15054,356.6773,255.5852,358.9988,Head
5/2/2017 11:13:31 AM:464,-0.525516,1.760514,-0.1509486,356.8748,255.5173,359.0962,Head
5/2/2017 11:13:31 AM:496,-0.5258008,1.760174,-0.1514016,357.1442,255.4888,359.1594,Head
5/2/2017 11:13:31 AM:531,-0.5260595,1.759535,-0.1517796,357.5002,255.4467,359.2128,Head
5/2/2017 11:13:31 AM:566,-0.5264862,1.7588,-0.1519835,357.9424,255.4495,359.2443,Head
5/2/2017 11:13:31 AM:604,-0.5268979,1.758261,-0.1525014,358.3802,255.4423,359.2834,Head
5/2/2017 11:13:31 AM:642,-0.5273789,1.757527,-0.1528585,358.8102,255.3562,359.3053,Head
5/2/2017 11:13:31 AM:708,-0.5278966,1.756053,-0.1542816,359.7866,254.8586,359.2848,Head
5/2/2017 11:13:31 AM:775,-0.5279748,1.755793,-0.1546491,0.003227318,254.7045,359.3222,Head
5/2/2017 11:13:31 AM:829,-0.5279502,1.755437,-0.155356,0.3331455,254.542,359.4222,Head
5/2/2017 11:13:31 AM:897,-0.5278314,1.755029,-0.1562961,0.4950608,254.4697,359.5637,Head
5/2/2017 11:13:31 AM:944,-0.5278044,1.755035,-0.1562383,0.5096134,254.6329,359.6174,Head
5/2/2017 11:13:31 AM:986,-0.5278912,1.755139,-0.1561726,0.5286904,254.7737,359.6436,Head
5/2/2017 11:13:32 AM:26,-0.5279505,1.755126,-0.1562873,0.541312,254.9718,359.7094,Head
5/2/2017 11:13:32 AM:65,-0.5280096,1.75515,-0.1563466,0.5284575,255.1609,359.7128,Head
5/2/2017 11:13:32 AM:104,-0.528195,1.755216,-0.1561875,0.463013,255.6288,359.7921,Head
5/2/2017 11:13:32 AM:145,-0.5283641,1.755304,-0.1561449,0.4211046,255.9259,359.8332,Head
5/2/2017 11:13:32 AM:191,-0.5288259,1.755328,-0.1558328,0.4152912,256.1652,359.8174,Head
5/2/2017 11:13:32 AM:232,-0.5290633,1.755175,-0.1557443,0.4617913,256.24,359.712,Head
5/2/2017 11:13:32 AM:276,-0.5296466,1.755201,-0.1559342,0.5185605,256.2403,359.7172,Head
5/2/2017 11:13:32 AM:309,-0.5300348,1.755013,-0.1561694,0.5830697,256.2323,359.7253,Head
5/2/2017 11:13:32 AM:372,-0.5307628,1.754919,-0.1562302,0.707882,256.274,359.6827,Head
5/2/2017 11:13:32 AM:433,-0.5311353,1.755032,-0.1560974,0.7198259,256.4147,359.7271,Head
5/2/2017 11:13:32 AM:477,-0.53133,1.754998,-0.1559514,0.7822483,256.6344,359.7259,Head
5/2/2017 11:13:32 AM:518,-0.5316551,1.75485,-0.155847,0.8390552,256.7811,359.7472,Head
5/2/2017 11:13:32 AM:563,-0.5318854,1.75485,-0.1557824,0.8933203,256.8558,359.7399,Head
5/2/2017 11:13:32 AM:597,-0.5321113,1.754736,-0.1555418,0.9671499,256.8721,359.7324,Head
5/2/2017 11:13:32 AM:652,-0.5321088,1.75469,-0.15544,1.018569,256.9149,359.6614,Head
5/2/2017 11:13:32 AM:696,-0.5319546,1.75459,-0.155309,1.069556,256.9303,359.6641,Head
5/2/2017 11:13:32 AM:743,-0.5320192,1.754391,-0.1553093,1.174058,256.946,359.6671,Head
5/2/2017 11:13:32 AM:782,-0.5319509,1.754188,-0.1553536,1.229328,256.9828,359.6702,Head
5/2/2017 11:13:32 AM:833,-0.5318855,1.754128,-0.1550922,1.359921,257.0491,359.6447,Head
5/2/2017 11:13:32 AM:887,-0.5319104,1.753983,-0.1548682,1.504087,257.2142,359.608,Head
5/2/2017 11:13:32 AM:923,-0.5319285,1.753888,-0.1547673,1.571063,257.3004,359.6303,Head
5/2/2017 11:13:32 AM:957,-0.5319066,1.753823,-0.1546438,1.606687,257.3421,359.6284,Head
5/2/2017 11:13:32 AM:997,-0.5314864,1.753717,-0.154617,1.638357,257.351,359.6653,Head
5/2/2017 11:13:33 AM:62,-0.5311981,1.753448,-0.154567,1.693243,257.3796,359.7156,Head
5/2/2017 11:13:33 AM:101,-0.5310587,1.753335,-0.1544576,1.776949,257.429,359.723,Head
5/2/2017 11:13:33 AM:143,-0.5310449,1.753248,-0.1544732,1.833841,257.4959,359.7393,Head
5/2/2017 11:13:33 AM:186,-0.5310202,1.753256,-0.1544934,1.885925,257.56,359.7575,Head
5/2/2017 11:13:33 AM:225,-0.5310475,1.753295,-0.1544267,1.927703,257.653,359.7605,Head
5/2/2017 11:13:33 AM:278,-0.5308025,1.753251,-0.1543614,1.95634,257.6903,359.8025,Head
5/2/2017 11:13:33 AM:335,-0.5306437,1.753093,-0.15436,2.020083,257.8259,359.8156,Head
5/2/2017 11:13:33 AM:398,-0.5305062,1.752995,-0.1542899,2.041219,257.8763,359.8373,Head
5/2/2017 11:13:33 AM:453,-0.5303729,1.75307,-0.1543986,2.016127,257.9023,359.8469,Head
5/2/2017 11:13:33 AM:494,-0.5300941,1.753292,-0.1542746,1.86642,258.0076,359.8502,Head
5/2/2017 11:13:33 AM:535,-0.5300385,1.753596,-0.1538965,1.724825,258.2547,359.8708,Head
5/2/2017 11:13:33 AM:586,-0.5298531,1.754196,-0.1529565,1.390772,259.1512,359.9272,Head
5/2/2017 11:13:33 AM:653,-0.5310895,1.756462,-0.1445669,0.03888512,266.4035,1.115549,Head
5/2/2017 11:13:33 AM:706,-0.5311348,1.757154,-0.139264,359.5948,270.8246,1.577543,Head
5/2/2017 11:13:33 AM:746,-0.5310528,1.757933,-0.1342852,359.2131,274.5212,1.633148,Head
5/2/2017 11:13:33 AM:789,-0.5304189,1.758795,-0.1273521,358.6756,279.611,1.806475,Head
5/2/2017 11:13:33 AM:831,-0.5293152,1.759097,-0.1211241,358.5429,284.0234,1.712113,Head
5/2/2017 11:13:33 AM:878,-0.5278975,1.759161,-0.1150851,358.3437,288.1431,1.819368,Head
5/2/2017 11:13:33 AM:927,-0.5261675,1.758776,-0.1094092,358.4863,292.1617,1.997438,Head
5/2/2017 11:13:33 AM:965,-0.5247202,1.758128,-0.1050985,358.8959,294.7715,1.974998,Head
5/2/2017 11:13:34 AM:11,-0.5238263,1.75698,-0.1016662,359.6143,296.3618,1.698796,Head
5/2/2017 11:13:34 AM:61,-0.5231333,1.755443,-0.09831266,0.6454656,297.5301,1.379669,Head
5/2/2017 11:13:34 AM:124,-0.5227555,1.752126,-0.09183523,2.6834,299.7299,1.275802,Head
5/2/2017 11:13:34 AM:192,-0.5225253,1.751251,-0.08935547,3.295188,300.2233,1.203179,Head
5/2/2017 11:13:34 AM:237,-0.5224855,1.750644,-0.08732499,3.71965,300.4611,1.046914,Head
5/2/2017 11:13:34 AM:285,-0.5224699,1.750388,-0.08569168,3.944834,300.5509,0.8837493,Head
5/2/2017 11:13:34 AM:351,-0.5224027,1.750439,-0.08453029,3.981156,300.4812,0.7751758,Head
5/2/2017 11:13:34 AM:402,-0.5223913,1.750745,-0.0837459,3.948976,300.1426,0.7187945,Head
5/2/2017 11:13:34 AM:471,-0.5223169,1.750875,-0.08314063,3.801188,299.2419,0.6081966,Head
5/2/2017 11:13:34 AM:523,-0.5223313,1.750981,-0.08315356,3.768153,298.8974,0.5410203,Head
5/2/2017 11:13:34 AM:564,-0.5223703,1.751072,-0.08279216,3.690361,298.5047,0.5223851,Head
5/2/2017 11:13:34 AM:603,-0.5224013,1.751075,-0.0827329,3.675755,298.2733,0.4866889,Head
5/2/2017 11:13:34 AM:647,-0.5223361,1.751298,-0.08251892,3.652922,298.0453,0.4493369,Head
5/2/2017 11:13:34 AM:687,-0.522313,1.751364,-0.08260284,3.640866,297.7404,0.394692,Head
5/2/2017 11:13:34 AM:735,-0.5224344,1.751197,-0.08287481,3.714314,297.3308,0.3432798,Head
5/2/2017 11:13:34 AM:778,-0.5224932,1.751146,-0.08327442,3.863767,296.8879,0.333183,Head
5/2/2017 11:13:34 AM:835,-0.5227867,1.75095,-0.08390785,3.952164,296.3038,0.3501366,Head
5/2/2017 11:13:34 AM:870,-0.5228091,1.750984,-0.08440226,3.988191,295.9631,0.3692662,Head
5/2/2017 11:13:34 AM:925,-0.5227581,1.751212,-0.08508183,3.874562,295.4935,0.3846122,Head
5/2/2017 11:13:34 AM:973,-0.5227616,1.751794,-0.08590201,3.665237,294.9836,0.3998415,Head
5/2/2017 11:13:35 AM:38,-0.5226414,1.752306,-0.08705188,3.280035,294.3703,0.3648835,Head
5/2/2017 11:13:35 AM:92,-0.5227057,1.752599,-0.08748224,3.144532,294.2408,0.3480001,Head
5/2/2017 11:13:35 AM:134,-0.5229981,1.752838,-0.08803189,3.028225,294.0775,0.3772417,Head
5/2/2017 11:13:35 AM:183,-0.5232965,1.752912,-0.08823062,2.974105,294.0258,0.3301376,Head
5/2/2017 11:13:35 AM:225,-0.5237167,1.752974,-0.08863214,2.807792,293.9214,0.4320379,Head
5/2/2017 11:13:35 AM:283,-0.5243146,1.753193,-0.08958419,2.623625,293.7612,0.6433467,Head
5/2/2017 11:13:35 AM:348,-0.5247293,1.753334,-0.09036046,2.583866,293.5384,0.7642698,Head
5/2/2017 11:13:35 AM:390,-0.5250174,1.753303,-0.0909992,2.548406,293.3004,0.8576665,Head
5/2/2017 11:13:35 AM:438,-0.524987,1.753341,-0.09149285,2.496464,293.1253,0.8103037,Head
5/2/2017 11:13:35 AM:489,-0.5251397,1.753722,-0.09200034,2.384342,293.003,0.838953,Head
5/2/2017 11:13:35 AM:552,-0.5252419,1.753942,-0.09261102,2.133332,293.229,0.9375117,Head
5/2/2017 11:13:35 AM:603,-0.5251827,1.753815,-0.09259711,2.104474,293.4357,0.9725776,Head
5/2/2017 11:13:35 AM:651,-0.5252786,1.753825,-0.09268749,2.09485,293.6006,1.011483,Head
5/2/2017 11:13:35 AM:691,-0.5252827,1.754089,-0.09274122,2.065956,293.7418,1.046657,Head
5/2/2017 11:13:35 AM:741,-0.5251138,1.754189,-0.09260402,1.997115,294.2899,1.265542,Head
5/2/2017 11:13:35 AM:786,-0.5247076,1.754036,-0.09162237,2.027028,295.6349,1.674326,Head
5/2/2017 11:13:35 AM:826,-0.5242344,1.753902,-0.09095202,2.060159,296.4911,1.834403,Head
5/2/2017 11:13:35 AM:869,-0.5237926,1.753648,-0.08976991,2.075263,297.5438,1.972704,Head
5/2/2017 11:13:35 AM:912,-0.5235227,1.753736,-0.08897256,2.037248,298.0981,1.926571,Head
5/2/2017 11:13:35 AM:953,-0.5232104,1.753916,-0.08818585,1.864243,298.416,1.849217,Head
5/2/2017 11:13:35 AM:994,-0.5230798,1.754148,-0.08803698,1.575595,298.5394,1.801577,Head
5/2/2017 11:13:36 AM:40,-0.5230359,1.754424,-0.08775875,1.420208,298.6669,1.848518,Head
5/2/2017 11:13:36 AM:92,-0.5229483,1.754619,-0.08715194,1.301824,299.0521,1.986365,Head
5/2/2017 11:13:36 AM:155,-0.5229915,1.754362,-0.08557159,1.371199,299.8087,2.268147,Head
5/2/2017 11:13:36 AM:208,-0.5228772,1.75412,-0.0847332,1.48616,300.1664,2.357712,Head
5/2/2017 11:13:36 AM:254,-0.5224496,1.753979,-0.08412817,1.572198,300.5017,2.426022,Head
5/2/2017 11:13:36 AM:291,-0.5221415,1.753704,-0.08306493,1.602771,300.9786,2.480137,Head
5/2/2017 11:13:36 AM:328,-0.5217259,1.753744,-0.08219201,1.594741,301.3967,2.381975,Head
5/2/2017 11:13:36 AM:378,-0.5214493,1.753878,-0.08144388,1.568385,301.5994,2.320436,Head
5/2/2017 11:13:36 AM:419,-0.5208068,1.754055,-0.08074635,1.521125,301.9644,2.24933,Head
5/2/2017 11:13:36 AM:466,-0.5205657,1.753886,-0.07992986,1.574844,302.2712,2.268368,Head
5/2/2017 11:13:36 AM:505,-0.5205142,1.753809,-0.07935391,1.662335,302.4554,2.312632,Head
5/2/2017 11:13:36 AM:544,-0.5204346,1.753451,-0.07863249,1.788012,302.6807,2.362853,Head
5/2/2017 11:13:36 AM:585,-0.5205089,1.75313,-0.07801323,2.004203,302.8734,2.445909,Head
5/2/2017 11:13:36 AM:642,-0.5205225,1.75263,-0.07737083,2.301663,303.1019,2.55769,Head
5/2/2017 11:13:36 AM:757,-0.5204332,1.752077,-0.07630047,2.586356,303.4441,2.638865,Head
5/2/2017 11:13:36 AM:828,-0.5194373,1.750694,-0.07429472,3.522648,304.219,2.668216,Head
5/2/2017 11:13:36 AM:892,-0.5191355,1.749157,-0.07376512,4.564308,304.3097,2.625355,Head
5/2/2017 11:13:36 AM:952,-0.5191519,1.748323,-0.07357877,5.064712,304.2637,2.59872,Head
5/2/2017 11:13:37 AM:3,-0.5188912,1.748046,-0.07314683,5.27662,304.4499,2.695012,Head
5/2/2017 11:13:37 AM:51,-0.5186809,1.747734,-0.07256626,5.384047,304.7489,2.778587,Head
5/2/2017 11:13:37 AM:101,-0.5181232,1.747745,-0.07257085,5.378081,304.8736,2.781903,Head
5/2/2017 11:13:37 AM:162,-0.5177978,1.747778,-0.0724521,5.366588,304.9464,2.732659,Head
5/2/2017 11:13:37 AM:227,-0.5167592,1.747144,-0.07183196,5.716121,305.2823,2.594558,Head
5/2/2017 11:13:37 AM:281,-0.5164553,1.746815,-0.07152033,5.914321,305.4143,2.575761,Head
5/2/2017 11:13:37 AM:320,-0.5163954,1.746523,-0.07108751,6.157012,305.5762,2.527043,Head
5/2/2017 11:13:37 AM:380,-0.5160422,1.745893,-0.07066958,6.616934,305.6955,2.476267,Head
5/2/2017 11:13:37 AM:422,-0.5161989,1.745045,-0.07014388,7.118529,305.6644,2.291874,Head
5/2/2017 11:13:37 AM:463,-0.5162145,1.744446,-0.07020908,7.541005,305.4217,2.058858,Head
5/2/2017 11:13:37 AM:502,-0.5164182,1.744362,-0.07009385,7.699342,305.2471,1.981206,Head
5/2/2017 11:13:37 AM:555,-0.5163113,1.744439,-0.06987572,7.711786,305.3869,2.004924,Head
5/2/2017 11:13:37 AM:615,-0.516175,1.744638,-0.06927158,7.609211,305.6503,2.100588,Head
5/2/2017 11:13:37 AM:674,-0.5160698,1.744701,-0.06824186,7.554547,305.9692,2.03424,Head
5/2/2017 11:13:37 AM:740,-0.5160779,1.744572,-0.06780909,7.596667,306.0594,2.000394,Head
5/2/2017 11:13:37 AM:782,-0.5159619,1.744499,-0.06755668,7.603498,306.1081,2.021626,Head
5/2/2017 11:13:37 AM:829,-0.5161045,1.74445,-0.06741548,7.656051,306.1551,1.973377,Head
5/2/2017 11:13:37 AM:868,-0.5159522,1.744489,-0.06720285,7.608437,306.1392,2.019361,Head
5/2/2017 11:13:37 AM:905,-0.5160838,1.744498,-0.06697912,7.556436,306.1326,2.047697,Head
5/2/2017 11:13:37 AM:952,-0.5159488,1.744573,-0.06680389,7.513386,306.0648,2.05198,Head
5/2/2017 11:13:38 AM:20,-0.5159239,1.744679,-0.06612363,7.477003,305.9521,2.009506,Head
5/2/2017 11:13:38 AM:76,-0.5160351,1.744719,-0.06562535,7.428049,305.9351,1.904844,Head
5/2/2017 11:13:38 AM:122,-0.5159065,1.74478,-0.06528174,7.367839,305.9042,1.84675,Head
5/2/2017 11:13:38 AM:188,-0.5159326,1.744816,-0.06518314,7.226603,305.8067,1.775127,Head
5/2/2017 11:13:38 AM:243,-0.5161351,1.745087,-0.06487185,7.132215,305.6504,1.767092,Head
5/2/2017 11:13:38 AM:290,-0.5163381,1.745304,-0.0650316,7.022946,305.3893,1.772205,Head
5/2/2017 11:13:38 AM:334,-0.5165456,1.745644,-0.06541765,6.875441,305.0243,1.776862,Head
5/2/2017 11:13:38 AM:383,-0.5168849,1.74605,-0.06574254,6.699965,304.7266,1.813041,Head
5/2/2017 11:13:38 AM:429,-0.5170149,1.746362,-0.06612822,6.547045,304.5023,1.855693,Head
5/2/2017 11:13:38 AM:496,-0.5173706,1.74655,-0.06668837,6.401447,304.3193,1.909525,Head
5/2/2017 11:13:38 AM:556,-0.5177092,1.746743,-0.06705309,6.293073,304.3352,1.933966,Head
5/2/2017 11:13:38 AM:630,-0.5180227,1.74688,-0.06714129,6.211343,304.3678,1.950017,Head
5/2/2017 11:13:38 AM:671,-0.5182287,1.746988,-0.06723621,6.158892,304.4229,1.910224,Head
5/2/2017 11:13:38 AM:735,-0.5186275,1.747057,-0.06798513,6.03691,304.3287,2.067789,Head
5/2/2017 11:13:38 AM:794,-0.5187148,1.747081,-0.0679854,5.984233,304.2442,2.122495,Head
5/2/2017 11:13:38 AM:832,-0.5189606,1.747188,-0.06810562,5.956378,304.1329,2.189253,Head
5/2/2017 11:13:38 AM:874,-0.5192106,1.747388,-0.06812005,5.92284,304.0858,2.214032,Head
5/2/2017 11:13:38 AM:929,-0.5193578,1.747348,-0.06841383,5.89863,304.0478,2.179488,Head
5/2/2017 11:13:38 AM:972,-0.5195352,1.747406,-0.06852553,5.823326,304.0332,2.157911,Head
5/2/2017 11:13:39 AM:12,-0.5196754,1.747428,-0.06835409,5.79196,304.0851,2.133636,Head
5/2/2017 11:13:39 AM:52,-0.5196014,1.747466,-0.06849629,5.772806,304.0699,2.10896,Head
5/2/2017 11:13:39 AM:115,-0.5197846,1.74741,-0.0684132,5.759268,303.9856,2.027003,Head
5/2/2017 11:13:39 AM:174,-0.5199263,1.747501,-0.0685537,5.74231,303.8083,2.004006,Head
5/2/2017 11:13:39 AM:217,-0.5205063,1.747624,-0.06898769,5.675791,303.2257,1.892818,Head
5/2/2017 11:13:39 AM:264,-0.5219121,1.747931,-0.07051561,5.604651,301.569,1.540764,Head
5/2/2017 11:13:39 AM:306,-0.5237659,1.748183,-0.07351696,5.513333,298.5356,0.8355524,Head
5/2/2017 11:13:39 AM:372,-0.5281775,1.748681,-0.08143838,5.267784,291.0852,359.6133,Head
5/2/2017 11:13:39 AM:434,-0.5292456,1.748938,-0.08454812,5.147026,288.7325,359.5227,Head
5/2/2017 11:13:39 AM:477,-0.5307999,1.74914,-0.08849499,5.00563,285.9386,359.475,Head
5/2/2017 11:13:39 AM:524,-0.5322697,1.749405,-0.09228142,4.955506,283.3939,359.2861,Head
5/2/2017 11:13:39 AM:574,-0.5336031,1.749666,-0.09554766,4.85389,281.2303,359.1399,Head
5/2/2017 11:13:39 AM:622,-0.5351258,1.749904,-0.09957211,4.751104,279.0772,359.1089,Head
5/2/2017 11:13:39 AM:668,-0.5362262,1.750049,-0.1021216,4.704117,277.9615,359.1978,Head
5/2/2017 11:13:39 AM:706,-0.5368429,1.749976,-0.1045997,4.709978,277.1725,359.3933,Head
5/2/2017 11:13:39 AM:752,-0.537674,1.749715,-0.1061343,4.690265,276.8039,359.5746,Head
5/2/2017 11:13:39 AM:800,-0.5385901,1.749852,-0.1072063,4.727848,276.7494,359.7845,Head
5/2/2017 11:13:39 AM:845,-0.5392508,1.749861,-0.1081226,4.748755,276.7753,359.9235,Head
5/2/2017 11:13:39 AM:885,-0.5397201,1.74987,-0.1088083,4.757945,276.827,359.9565,Head
5/2/2017 11:13:39 AM:931,-0.5403087,1.750041,-0.1094158,4.748861,276.9348,0.01468794,Head
5/2/2017 11:13:39 AM:978,-0.5408829,1.749894,-0.1095524,4.757987,277.1614,0.114805,Head
5/2/2017 11:13:40 AM:19,-0.5410702,1.749979,-0.1088433,4.688559,278.4052,0.6428617,Head
5/2/2017 11:13:40 AM:65,-0.5407188,1.750052,-0.1060697,4.442727,281.9245,1.904861,Head
5/2/2017 11:13:40 AM:108,-0.5399659,1.75051,-0.1021552,4.175253,286.2314,3.152514,Head
5/2/2017 11:13:40 AM:149,-0.5392728,1.750775,-0.09910689,3.92563,289.1753,3.626114,Head
5/2/2017 11:13:40 AM:210,-0.5371825,1.751551,-0.0925213,3.233147,294.9154,4.072617,Head
5/2/2017 11:13:40 AM:282,-0.5363129,1.751885,-0.09048772,2.939701,296.5434,4.181449,Head
5/2/2017 11:13:40 AM:331,-0.5356186,1.752275,-0.08918519,2.629423,297.3908,4.206292,Head
5/2/2017 11:13:40 AM:398,-0.5353765,1.752663,-0.0882487,2.453985,297.687,4.003692,Head
5/2/2017 11:13:40 AM:451,-0.5357678,1.752721,-0.08893497,2.4828,297.0752,3.915162,Head
5/2/2017 11:13:40 AM:498,-0.5363265,1.752619,-0.08945821,2.491476,296.32,3.727456,Head
5/2/2017 11:13:40 AM:566,-0.5370612,1.752861,-0.09041169,2.471466,295.5282,3.657675,Head
5/2/2017 11:13:40 AM:622,-0.5375749,1.75287,-0.09024869,2.446749,295.4048,3.600065,Head
5/2/2017 11:13:40 AM:670,-0.5380467,1.752888,-0.09049364,2.471461,295.195,3.56767,Head
5/2/2017 11:13:40 AM:709,-0.5387231,1.752783,-0.0906326,2.519616,295.0659,3.56107,Head
5/2/2017 11:13:40 AM:755,-0.5394963,1.752566,-0.09081955,2.605866,294.7743,3.540016,Head
5/2/2017 11:13:40 AM:821,-0.5415225,1.752223,-0.09157814,2.821197,293.6321,3.214616,Head
5/2/2017 11:13:40 AM:882,-0.5431817,1.752229,-0.09287614,2.956728,292.1396,2.791999,Head
5/2/2017 11:13:40 AM:938,-0.5449477,1.75214,-0.09467666,3.078434,290.0172,2.257056,Head
5/2/2017 11:13:41 AM:2,-0.5484856,1.751862,-0.1002992,3.324381,284.769,1.375145,Head
5/2/2017 11:13:41 AM:65,-0.549424,1.752115,-0.1025266,3.284874,282.9985,1.179816,Head
5/2/2017 11:13:41 AM:111,-0.5508297,1.752355,-0.1057261,3.127959,280.6228,0.8748657,Head
5/2/2017 11:13:41 AM:169,-0.5527077,1.752907,-0.1093345,2.833844,278.068,0.7087595,Head
5/2/2017 11:13:41 AM:221,-0.5533073,1.752863,-0.1110663,2.827389,277.3867,0.6239229,Head
5/2/2017 11:13:41 AM:259,-0.553941,1.752594,-0.1125964,2.943699,276.6805,0.6406612,Head
5/2/2017 11:13:41 AM:308,-0.5548923,1.752122,-0.1141427,3.206854,275.7903,0.6551971,Head
5/2/2017 11:13:41 AM:346,-0.5559605,1.751616,-0.1157102,3.51075,275.1133,0.6834598,Head
5/2/2017 11:13:41 AM:392,-0.55682,1.751074,-0.1171226,3.817432,274.6086,0.8131812,Head
5/2/2017 11:13:41 AM:449,-0.5578467,1.750524,-0.1193633,4.216534,273.9088,0.8961199,Head
5/2/2017 11:13:41 AM:513,-0.5582838,1.75018,-0.1204053,4.481041,273.5423,0.9598114,Head
5/2/2017 11:13:41 AM:561,-0.5588095,1.74973,-0.121583,4.677085,273.1578,0.9868205,Head
5/2/2017 11:13:41 AM:610,-0.5590813,1.749533,-0.1226837,4.824054,272.7783,1.000743,Head
5/2/2017 11:13:41 AM:643,-0.5591919,1.749412,-0.1236803,4.873647,272.4044,1.007672,Head
5/2/2017 11:13:41 AM:688,-0.5592592,1.749452,-0.1244457,4.817764,272.1851,1.010124,Head
5/2/2017 11:13:41 AM:724,-0.5591443,1.749687,-0.1251957,4.694325,272.0726,1.072417,Head
5/2/2017 11:13:41 AM:765,-0.5590937,1.749819,-0.1254577,4.608728,272.1025,1.138635,Head
5/2/2017 11:13:41 AM:803,-0.5586931,1.75002,-0.1256929,4.532172,272.2353,1.24134,Head
5/2/2017 11:13:41 AM:850,-0.5586333,1.750063,-0.1259534,4.492061,272.2879,1.274846,Head
5/2/2017 11:13:41 AM:911,-0.5583469,1.75001,-0.1262194,4.452975,272.3057,1.261138,Head
5/2/2017 11:13:41 AM:977,-0.5577971,1.750124,-0.1267045,4.410506,272.1991,1.247921,Head
5/2/2017 11:13:42 AM:41,-0.5564542,1.750314,-0.1269825,4.330219,272.1543,1.179651,Head
5/2/2017 11:13:42 AM:93,-0.5560209,1.750377,-0.1269338,4.24042,272.1819,1.245767,Head
5/2/2017 11:13:42 AM:142,-0.5554258,1.750503,-0.1271726,4.192545,272.2099,1.264243,Head
5/2/2017 11:13:42 AM:186,-0.5543135,1.750638,-0.1273205,4.112745,272.1632,1.28068,Head
5/2/2017 11:13:42 AM:230,-0.5531608,1.750787,-0.1273834,4.068999,272.0819,1.303508,Head
5/2/2017 11:13:42 AM:272,-0.552132,1.75085,-0.1270966,4.004057,272.0068,1.293864,Head
5/2/2017 11:13:42 AM:314,-0.5508541,1.751157,-0.1270162,3.916879,272.0073,1.308431,Head
5/2/2017 11:13:42 AM:383,-0.5488587,1.751514,-0.1266112,3.694493,272.0345,1.351722,Head
5/2/2017 11:13:42 AM:434,-0.5475438,1.751885,-0.1264703,3.504183,271.9664,1.346057,Head
5/2/2017 11:13:42 AM:483,-0.5460116,1.752476,-0.1263193,3.171857,271.8723,1.233889,Head
5/2/2017 11:13:42 AM:519,-0.5444341,1.753904,-0.1256244,2.460021,271.7702,0.8891118,Head
5/2/2017 11:13:42 AM:558,-0.5430015,1.755298,-0.124866,1.858422,271.7096,0.5503953,Head
5/2/2017 11:13:42 AM:599,-0.5410471,1.757309,-0.1237441,1.039451,271.7341,0.2082351,Head
5/2/2017 11:13:42 AM:650,-0.5396169,1.7587,-0.1227784,0.3644053,271.8637,0.01956428,Head
5/2/2017 11:13:42 AM:718,-0.5371497,1.760323,-0.1213099,359.3389,272.1907,359.7989,Head
5/2/2017 11:13:42 AM:773,-0.5331893,1.761033,-0.1189241,358.6798,272.3461,359.5312,Head
5/2/2017 11:13:42 AM:834,-0.5319343,1.761097,-0.1182632,358.561,272.1622,359.4681,Head
5/2/2017 11:13:42 AM:883,-0.5309369,1.761215,-0.1177952,358.5072,271.8853,359.4825,Head
5/2/2017 11:13:42 AM:936,-0.5301436,1.76102,-0.1171961,358.4985,271.4853,359.3409,Head
5/2/2017 11:13:43 AM:4,-0.5290624,1.759928,-0.1173536,358.8694,270.3123,359.0554,Head
5/2/2017 11:13:43 AM:60,-0.5287584,1.759728,-0.1175735,359.0613,269.6502,358.9897,Head
5/2/2017 11:13:43 AM:101,-0.5280994,1.759549,-0.118102,359.1519,269.0116,358.9786,Head
5/2/2017 11:13:43 AM:138,-0.5276811,1.759526,-0.1184196,359.1581,268.6882,358.9966,Head
5/2/2017 11:13:43 AM:204,-0.5266266,1.759872,-0.1187033,358.9131,268.2498,358.9339,Head
5/2/2017 11:13:43 AM:257,-0.526226,1.760224,-0.118599,358.7108,268.2683,358.9023,Head
5/2/2017 11:13:43 AM:303,-0.5258014,1.760444,-0.1186236,358.5635,268.3013,358.8636,Head
5/2/2017 11:13:43 AM:373,-0.5255004,1.760574,-0.1189291,358.3437,268.4507,358.8056,Head
5/2/2017 11:13:43 AM:433,-0.5254878,1.760935,-0.1191406,358.1328,268.4771,358.751,Head
5/2/2017 11:13:43 AM:481,-0.5252277,1.76106,-0.1193247,358.1489,268.5248,358.7264,Head
5/2/2017 11:13:43 AM:519,-0.5251182,1.760703,-0.1195314,358.3958,268.5221,358.7802,Head
5/2/2017 11:13:43 AM:559,-0.5248862,1.760373,-0.1198389,358.5954,268.5029,358.8521,Head
5/2/2017 11:13:43 AM:604,-0.5247629,1.760043,-0.1199441,358.7495,268.5341,358.911,Head
5/2/2017 11:13:43 AM:662,-0.5245231,1.759953,-0.1197273,358.8413,269.0696,358.9229,Head
5/2/2017 11:13:43 AM:721,-0.524549,1.76014,-0.1194097,358.806,269.4138,358.9297,Head
5/2/2017 11:13:43 AM:755,-0.5246922,1.760181,-0.1192705,358.7966,269.8414,358.8687,Head
5/2/2017 11:13:43 AM:797,-0.5249311,1.760111,-0.1193224,358.8436,270.1024,358.9136,Head
5/2/2017 11:13:43 AM:839,-0.5253322,1.760028,-0.1192415,358.9115,270.2962,358.9632,Head
5/2/2017 11:13:43 AM:885,-0.5257773,1.7599,-0.1193193,359.0215,270.3682,358.9697,Head
5/2/2017 11:13:43 AM:956,-0.5269767,1.75971,-0.1194496,359.1819,270.2269,359.0707,Head
5/2/2017 11:13:44 AM:13,-0.5272125,1.759452,-0.119227,359.2087,270.2108,359.0218,Head
5/2/2017 11:13:44 AM:57,-0.527692,1.759519,-0.1191987,359.2491,270.2563,359.0371,Head
5/2/2017 11:13:44 AM:120,-0.5289223,1.759265,-0.1189388,359.3732,270.3767,358.988,Head
5/2/2017 11:13:44 AM:172,-0.5296601,1.759313,-0.1187452,359.4235,270.3819,358.9696,Head
5/2/2017 11:13:44 AM:209,-0.5302626,1.759088,-0.1187467,359.4846,270.4124,358.9462,Head
5/2/2017 11:13:44 AM:254,-0.5310284,1.759006,-0.1187063,359.597,270.4649,358.9459,Head
5/2/2017 11:13:44 AM:296,-0.5318402,1.758865,-0.118772,359.6894,270.4673,358.9598,Head
5/2/2017 11:13:44 AM:336,-0.5323336,1.758635,-0.1187508,359.7802,270.4418,358.9732,Head
5/2/2017 11:13:44 AM:397,-0.5331972,1.75851,-0.1188952,359.877,270.3365,359.0388,Head
5/2/2017 11:13:44 AM:460,-0.5340093,1.758492,-0.1189899,359.8547,270.2484,359.1229,Head
5/2/2017 11:13:44 AM:533,-0.5343853,1.758431,-0.1192012,359.8807,270.2358,359.1564,Head
5/2/2017 11:13:44 AM:588,-0.5351319,1.758408,-0.1190768,359.9241,270.2378,359.2421,Head
5/2/2017 11:13:44 AM:638,-0.5357584,1.758312,-0.1190694,359.9576,270.3017,359.2386,Head
5/2/2017 11:13:44 AM:700,-0.5364415,1.758021,-0.1188828,0.08209767,270.4395,359.3817,Head
5/2/2017 11:13:44 AM:779,-0.5364303,1.758106,-0.1188879,0.07915525,270.3744,359.3985,Head
5/2/2017 11:13:44 AM:827,-0.5364913,1.75835,-0.118586,359.8965,270.3268,359.3711,Head
5/2/2017 11:13:44 AM:870,-0.5364711,1.758513,-0.1184332,359.7047,270.3468,359.3452,Head
5/2/2017 11:13:44 AM:933,-0.5364761,1.75874,-0.1182591,359.5999,270.4287,359.3892,Head
5/2/2017 11:13:44 AM:994,-0.5367095,1.758994,-0.1179926,359.5432,270.5628,359.4467,Head
5/2/2017 11:13:45 AM:58,-0.5367207,1.758833,-0.1179605,359.5953,270.5747,359.3788,Head
5/2/2017 11:13:45 AM:100,-0.5369631,1.75886,-0.1179645,359.5516,270.5747,359.3958,Head
5/2/2017 11:13:45 AM:147,-0.5369971,1.758981,-0.1181055,359.4925,270.543,359.4408,Head
5/2/2017 11:13:45 AM:214,-0.5366662,1.759118,-0.1186097,359.4491,270.3243,359.5381,Head
5/2/2017 11:13:45 AM:265,-0.5367841,1.759167,-0.1186803,359.3952,270.2981,359.5257,Head
5/2/2017 11:13:45 AM:312,-0.5367867,1.759156,-0.1189593,359.3799,270.3308,359.5528,Head
5/2/2017 11:13:45 AM:355,-0.5367332,1.759028,-0.119035,359.3757,270.378,359.528,Head
5/2/2017 11:13:45 AM:411,-0.5369725,1.759175,-0.1191058,359.2722,270.4017,359.5913,Head
5/2/2017 11:13:45 AM:457,-0.5372114,1.759288,-0.119153,359.2488,270.4181,359.5332,Head
5/2/2017 11:13:45 AM:502,-0.5372345,1.759335,-0.1192875,359.2603,270.4591,359.6074,Head
5/2/2017 11:13:45 AM:561,-0.5373249,1.75914,-0.119091,359.2993,270.4753,359.6038,Head
5/2/2017 11:13:45 AM:627,-0.5372544,1.759312,-0.1194385,359.3247,270.3748,359.606,Head
5/2/2017 11:13:45 AM:667,-0.5371083,1.759385,-0.1195622,359.2741,270.3145,359.6613,Head
5/2/2017 11:13:45 AM:708,-0.5369171,1.759507,-0.1197091,359.2216,270.292,359.6159,Head
5/2/2017 11:13:45 AM:754,-0.5367669,1.759452,-0.11951,359.1696,270.2771,359.6107,Head
5/2/2017 11:13:45 AM:799,-0.5363951,1.759605,-0.1196229,359.1277,270.2924,359.5949,Head
5/2/2017 11:13:45 AM:836,-0.5360773,1.759694,-0.1195616,359.0749,270.2576,359.5728,Head
5/2/2017 11:13:45 AM:878,-0.5360155,1.759613,-0.1192397,359.121,270.2675,359.533,Head
5/2/2017 11:13:45 AM:925,-0.5359707,1.759619,-0.1190426,359.1395,270.3022,359.4774,Head
5/2/2017 11:13:45 AM:961,-0.53598,1.759694,-0.1190054,359.182,270.3277,359.3832,Head
5/2/2017 11:13:46 AM:7,-0.5361972,1.759793,-0.1185116,359.173,270.2713,359.3084,Head
5/2/2017 11:13:46 AM:69,-0.5363339,1.75958,-0.117449,359.4002,270.2131,359.111,Head
5/2/2017 11:13:46 AM:109,-0.5364326,1.759517,-0.1170586,359.4882,270.219,359.0503,Head
5/2/2017 11:13:46 AM:150,-0.5358822,1.759181,-0.116357,359.8254,270.3667,358.9276,Head
5/2/2017 11:13:46 AM:198,-0.5348575,1.759013,-0.1156908,0.03150809,270.7699,358.8036,Head
5/2/2017 11:13:46 AM:243,-0.5334182,1.75924,-0.1157698,359.9783,271.2567,358.7125,Head
5/2/2017 11:13:46 AM:287,-0.5320159,1.759334,-0.1166994,359.8532,271.5135,358.7871,Head
5/2/2017 11:13:46 AM:331,-0.5306621,1.759815,-0.1180831,359.6263,271.5598,358.8417,Head
5/2/2017 11:13:46 AM:376,-0.5299039,1.760387,-0.1200638,359.2644,271.4373,359.0273,Head
5/2/2017 11:13:46 AM:416,-0.5292801,1.760596,-0.1224229,359.0823,271.0956,359.3984,Head
5/2/2017 11:13:46 AM:452,-0.529103,1.760515,-0.1244005,359.0758,270.6845,359.6926,Head
5/2/2017 11:13:46 AM:502,-0.5289239,1.760252,-0.1272925,359.1412,269.9273,0.04498916,Head
5/2/2017 11:13:46 AM:568,-0.5293057,1.759767,-0.1315661,359.3687,268.45,0.6878211,Head
5/2/2017 11:13:46 AM:620,-0.5296372,1.759339,-0.1331313,359.5576,268.2358,0.8725128,Head
5/2/2017 11:13:46 AM:671,-0.5300146,1.759221,-0.1344476,359.7152,267.9661,1.044898,Head
5/2/2017 11:13:46 AM:748,-0.5301411,1.758608,-0.135983,0.1744887,268.0388,1.10077,Head
5/2/2017 11:13:46 AM:805,-0.5293711,1.758383,-0.1365768,0.1305528,268.1935,1.141353,Head
5/2/2017 11:13:46 AM:900,-0.5282067,1.758662,-0.1370681,359.7672,268.1104,1.213522,Head
5/2/2017 11:13:47 AM:5,-0.5279427,1.760211,-0.1368808,359.2029,268.01,0.9068034,Head
5/2/2017 11:13:47 AM:89,-0.5301597,1.758923,-0.1358335,359.7534,268.2511,0.9934258,Head
5/2/2017 11:13:47 AM:150,-0.5311999,1.757828,-0.1340127,0.4784108,268.6556,0.952369,Head
5/2/2017 11:13:47 AM:218,-0.5315151,1.75818,-0.1331179,0.3590895,268.764,0.6940822,Head
5/2/2017 11:13:47 AM:282,-0.5315444,1.75826,-0.1325534,0.28583,268.8517,0.6430772,Head
5/2/2017 11:13:47 AM:328,-0.5312804,1.75802,-0.1316197,0.3859767,269.0035,0.5730312,Head
5/2/2017 11:13:47 AM:388,-0.5309395,1.758016,-0.1310489,0.3553243,268.9882,0.5429596,Head
5/2/2017 11:13:47 AM:450,-0.5301217,1.758615,-0.1303818,0.1161926,268.8531,0.4263655,Head
5/2/2017 11:13:47 AM:528,-0.5291696,1.760834,-0.1292086,359.1087,268.691,0.0002741212,Head
5/2/2017 11:13:47 AM:607,-0.5286744,1.762467,-0.1281196,358.2365,268.5953,359.8414,Head
5/2/2017 11:13:47 AM:678,-0.5273294,1.763382,-0.126847,357.8783,268.6044,359.6627,Head
5/2/2017 11:13:47 AM:754,-0.5248623,1.76318,-0.1261118,358.2198,268.7618,359.5212,Head
5/2/2017 11:13:47 AM:828,-0.522023,1.761286,-0.1270978,359.5834,268.2739,359.6343,Head
5/2/2017 11:13:47 AM:894,-0.5210559,1.754812,-0.1324727,3.711804,267.3488,0.5966829,Head
5/2/2017 11:13:47 AM:950,-0.5252768,1.745392,-0.1442161,8.995274,264.9686,1.33215,Head
5/2/2017 11:13:48 AM:18,-0.5327404,1.728101,-0.1725688,17.6949,258.359,1.618658,Head
5/2/2017 11:13:48 AM:74,-0.5360529,1.725052,-0.182069,18.52037,257.0853,1.947222,Head
5/2/2017 11:13:48 AM:114,-0.5401758,1.721657,-0.1920337,19.85422,256.6702,2.308332,Head
5/2/2017 11:13:48 AM:164,-0.5442891,1.718344,-0.2004063,20.93921,257.0152,3.139267,Head
5/2/2017 11:13:48 AM:212,-0.5477051,1.714743,-0.2085708,22.28491,256.9747,4.208513,Head
5/2/2017 11:13:48 AM:251,-0.5508842,1.711956,-0.2167276,23.25504,256.1206,4.655894,Head
5/2/2017 11:13:48 AM:300,-0.5535041,1.709944,-0.223658,23.81717,255.2651,4.801713,Head
5/2/2017 11:13:48 AM:376,-0.5569562,1.706997,-0.2331659,24.82392,255.0359,5.62393,Head
5/2/2017 11:13:48 AM:432,-0.5571935,1.705889,-0.2366173,25.35078,255.1756,6.042109,Head
5/2/2017 11:13:48 AM:481,-0.5572272,1.70527,-0.2400751,25.59606,254.9353,6.278525,Head
5/2/2017 11:13:48 AM:526,-0.5567018,1.705098,-0.2433866,25.74528,254.5782,6.315168,Head
5/2/2017 11:13:48 AM:578,-0.5554043,1.70563,-0.246415,25.72782,254.524,6.531807,Head
5/2/2017 11:13:48 AM:621,-0.5530089,1.708252,-0.249945,24.87527,254.4707,6.885911,Head
5/2/2017 11:13:48 AM:664,-0.550878,1.711865,-0.2519203,23.49911,254.6342,6.904741,Head
5/2/2017 11:13:48 AM:713,-0.5490887,1.715316,-0.2530761,21.8616,255.5972,7.042422,Head
5/2/2017 11:13:48 AM:763,-0.5470388,1.717896,-0.2544214,20.80648,256.626,7.317454,Head
5/2/2017 11:13:48 AM:805,-0.5455565,1.719106,-0.2568071,20.15607,257.4386,7.752001,Head
5/2/2017 11:13:48 AM:845,-0.5446354,1.719253,-0.2596039,19.89787,257.8973,8.19611,Head
5/2/2017 11:13:48 AM:898,-0.543686,1.718398,-0.2634633,20.20104,257.8724,8.33323,Head
5/2/2017 11:13:48 AM:950,-0.5427602,1.717069,-0.2681498,20.7765,257.212,8.149897,Head
5/2/2017 11:13:49 AM:24,-0.5418726,1.715407,-0.2745542,21.27807,256.1075,6.895256,Head
5/2/2017 11:13:49 AM:87,-0.5411539,1.715114,-0.2764728,21.32829,255.9256,6.24224,Head
5/2/2017 11:13:49 AM:140,-0.5397567,1.714597,-0.2786508,21.43211,255.6359,5.234593,Head
5/2/2017 11:13:49 AM:200,-0.5365204,1.715651,-0.2804602,21.32154,255.4187,3.489842,Head
5/2/2017 11:13:49 AM:258,-0.5343226,1.717497,-0.2805111,20.68762,255.5953,2.755521,Head
5/2/2017 11:13:49 AM:302,-0.5322735,1.719614,-0.2813089,19.6684,256.1063,2.070789,Head
5/2/2017 11:13:49 AM:345,-0.5305704,1.720798,-0.2832479,18.87161,256.8951,1.921703,Head
5/2/2017 11:13:49 AM:393,-0.5290568,1.720712,-0.2860383,18.68749,257.5257,2.310144,Head
5/2/2017 11:13:49 AM:435,-0.5281901,1.719853,-0.2897782,18.90664,257.6749,2.749418,Head
5/2/2017 11:13:49 AM:481,-0.5276355,1.718561,-0.2937883,19.30669,257.3052,3.0813,Head
5/2/2017 11:13:49 AM:525,-0.527135,1.717273,-0.2975913,19.78421,256.5771,3.313354,Head
5/2/2017 11:13:49 AM:571,-0.5267961,1.715955,-0.3011279,20.21929,255.7123,3.402647,Head
5/2/2017 11:13:49 AM:620,-0.5264071,1.714797,-0.3035621,20.65793,255.1082,3.432747,Head
5/2/2017 11:13:49 AM:664,-0.526049,1.714115,-0.3055563,20.98119,254.8432,3.502761,Head
5/2/2017 11:13:49 AM:700,-0.525923,1.714142,-0.3062852,21.08053,254.9089,3.573143,Head
5/2/2017 11:13:49 AM:752,-0.5258949,1.714246,-0.3069806,21.10228,255.0447,3.781752,Head
5/2/2017 11:13:49 AM:807,-0.5259438,1.713849,-0.3079334,21.04288,255.1361,4.265193,Head
5/2/2017 11:13:49 AM:873,-0.5260106,1.712505,-0.3078341,21.23635,254.9104,5.22364,Head
5/2/2017 11:13:49 AM:934,-0.5260499,1.712456,-0.306952,21.41902,254.4726,5.378071,Head
5/2/2017 11:13:49 AM:983,-0.5261074,1.712658,-0.3045351,21.60813,253.9743,5.339103,Head
5/2/2017 11:13:50 AM:51,-0.5240998,1.712878,-0.2976953,21.97872,253.867,5.440684,Head
5/2/2017 11:13:50 AM:107,-0.5226726,1.713351,-0.294362,21.62871,253.8616,5.948361,Head
5/2/2017 11:13:50 AM:146,-0.5204929,1.714549,-0.2897594,21.08651,253.7444,6.802891,Head
5/2/2017 11:13:50 AM:196,-0.5187681,1.71695,-0.2848639,20.49382,253.168,7.472068,Head
5/2/2017 11:13:50 AM:240,-0.5181166,1.720702,-0.2791479,19.77003,252.2144,7.605425,Head
5/2/2017 11:13:50 AM:288,-0.5183032,1.723773,-0.2722619,19.21668,251.8239,7.192459,Head
5/2/2017 11:13:50 AM:328,-0.5190946,1.724857,-0.2646643,18.82672,251.9161,6.795344,Head
5/2/2017 11:13:50 AM:382,-0.5206426,1.724257,-0.2570149,18.5022,252.1115,6.756756,Head
5/2/2017 11:13:50 AM:433,-0.5217644,1.721868,-0.2478033,18.78018,252.2204,7.195294,Head
5/2/2017 11:13:50 AM:496,-0.52114,1.720136,-0.2306286,20.10988,252.0006,8.7311,Head
5/2/2017 11:13:50 AM:553,-0.5208223,1.721574,-0.2238445,19.47279,251.7047,8.72347,Head
5/2/2017 11:13:50 AM:606,-0.5210885,1.723202,-0.2147262,18.71901,251.5122,8.622056,Head
5/2/2017 11:13:50 AM:652,-0.5219466,1.724254,-0.205513,17.7698,251.7256,8.586173,Head
5/2/2017 11:13:50 AM:701,-0.5237311,1.725804,-0.1934531,16.71346,252.6742,8.882344,Head
5/2/2017 11:13:50 AM:751,-0.5255329,1.727565,-0.1844574,16.12004,253.3996,9.266498,Head
5/2/2017 11:13:50 AM:807,-0.5287733,1.728907,-0.174234,15.31944,253.9662,9.307216,Head
5/2/2017 11:13:50 AM:871,-0.5346566,1.726106,-0.1593199,15.40455,253.972,9.212372,Head
5/2/2017 11:13:50 AM:954,-0.5368413,1.724377,-0.1521656,15.90868,253.7516,8.719269,Head
5/2/2017 11:13:51 AM:7,-0.5390658,1.722899,-0.1416735,16.6238,253.662,8.258223,Head
5/2/2017 11:13:51 AM:76,-0.5408061,1.722942,-0.1339913,16.65162,253.4867,8.129046,Head
5/2/2017 11:13:51 AM:153,-0.5453697,1.723411,-0.1212093,16.92566,253.0618,7.413652,Head
5/2/2017 11:13:51 AM:200,-0.5463514,1.723179,-0.1195989,17.1764,253.1056,7.115609,Head
5/2/2017 11:13:51 AM:252,-0.5492907,1.722169,-0.1162051,17.54282,253.277,6.71925,Head
5/2/2017 11:13:51 AM:302,-0.5506364,1.72074,-0.1143189,17.87781,253.2255,6.666693,Head
5/2/2017 11:13:51 AM:373,-0.5503062,1.718832,-0.1116865,18.45522,252.8037,5.972602,Head
5/2/2017 11:13:51 AM:422,-0.5496696,1.719846,-0.1113741,18.15857,252.5206,5.783741,Head
5/2/2017 11:13:51 AM:473,-0.5490806,1.721214,-0.1113871,17.80516,252.2993,5.511987,Head
5/2/2017 11:13:51 AM:540,-0.5462977,1.722356,-0.1120029,17.61027,252.1644,5.214559,Head
5/2/2017 11:13:51 AM:594,-0.5445811,1.723233,-0.1122843,17.48159,252.0964,4.986581,Head
5/2/2017 11:13:51 AM:642,-0.5422102,1.724988,-0.112427,16.95103,252.032,4.811479,Head
5/2/2017 11:13:51 AM:789,-0.5393527,1.7279,-0.1131992,16.17524,251.9601,4.336663,Head
5/2/2017 11:13:51 AM:859,-0.5371065,1.730823,-0.1196223,15.53632,252.7641,2.887432,Head
5/2/2017 11:13:51 AM:914,-0.5371228,1.730691,-0.122636,15.62771,252.9904,2.724497,Head
5/2/2017 11:13:51 AM:979,-0.536646,1.730725,-0.1258173,15.67442,253.0468,2.484007,Head
5/2/2017 11:13:52 AM:38,-0.5350726,1.730781,-0.1333606,15.55679,253.2739,2.071871,Head
5/2/2017 11:13:52 AM:127,-0.5343006,1.731252,-0.1366141,15.45151,253.5639,2.020512,Head
5/2/2017 11:13:52 AM:213,-0.5327762,1.731697,-0.141904,15.25079,253.8168,2.095498,Head
5/2/2017 11:13:52 AM:284,-0.5302776,1.731584,-0.1511157,15.2206,254.0574,2.280358,Head
5/2/2017 11:13:52 AM:346,-0.5298418,1.731684,-0.1540381,15.25688,253.9409,2.396255,Head
5/2/2017 11:13:52 AM:402,-0.5294162,1.731563,-0.1568611,15.26695,253.7638,2.465994,Head
5/2/2017 11:13:52 AM:467,-0.5284504,1.731255,-0.1614306,15.44855,253.6479,2.566528,Head
5/2/2017 11:13:52 AM:523,-0.5277632,1.731242,-0.1628063,15.74017,253.9501,2.563715,Head
5/2/2017 11:13:52 AM:573,-0.5271962,1.731993,-0.1635569,15.57884,254.6843,2.721303,Head
5/2/2017 11:13:52 AM:623,-0.5268643,1.733015,-0.1635779,15.14191,255.7424,2.991066,Head
5/2/2017 11:13:52 AM:695,-0.5265306,1.734547,-0.1624436,14.40417,258.3575,3.675136,Head
5/2/2017 11:13:52 AM:749,-0.5264851,1.734487,-0.1619744,14.3837,259.0893,3.867256,Head
5/2/2017 11:13:52 AM:812,-0.5268351,1.73395,-0.1619729,14.63415,259.8884,4.075981,Head
5/2/2017 11:13:52 AM:876,-0.5269852,1.733508,-0.162769,14.83782,259.4497,4.062843,Head
5/2/2017 11:13:52 AM:958,-0.5276251,1.732949,-0.1641724,15.10457,258.8075,3.954768,Head
5/2/2017 11:13:53 AM:14,-0.5283533,1.732156,-0.1658941,15.43197,257.692,3.799715,Head
5/2/2017 11:13:53 AM:61,-0.5291706,1.731739,-0.1670004,15.5491,256.9768,3.69433,Head
5/2/2017 11:13:53 AM:131,-0.5299486,1.731557,-0.1675807,15.71131,256.3605,3.595476,Head
5/2/2017 11:13:53 AM:189,-0.5321374,1.731172,-0.1677785,15.9077,255.6198,3.35114,Head
5/2/2017 11:13:53 AM:245,-0.5329915,1.730867,-0.1675694,15.99653,255.5446,3.321116,Head
5/2/2017 11:13:53 AM:294,-0.5342517,1.730625,-0.1670728,16.14234,255.5221,3.268822,Head
5/2/2017 11:13:53 AM:341,-0.5354537,1.730457,-0.1666168,16.25591,255.507,3.223188,Head
5/2/2017 11:13:53 AM:384,-0.5365769,1.730158,-0.1661968,16.43363,255.4753,3.123102,Head
5/2/2017 11:13:53 AM:448,-0.5387776,1.729776,-0.1651119,16.61414,255.4465,2.938152,Head
5/2/2017 11:13:53 AM:528,-0.539764,1.729593,-0.1645796,16.67747,255.4673,2.935994,Head
5/2/2017 11:13:53 AM:574,-0.5410577,1.729236,-0.1641622,16.82576,255.4039,2.887101,Head
5/2/2017 11:13:53 AM:625,-0.5417739,1.729092,-0.1637779,16.93564,255.3858,2.831957,Head
5/2/2017 11:13:53 AM:680,-0.5426494,1.728878,-0.1637496,17.03223,255.4017,2.880472,Head
5/2/2017 11:13:53 AM:728,-0.543273,1.728562,-0.1640038,17.0972,255.3278,2.964416,Head
5/2/2017 11:13:53 AM:801,-0.5441746,1.728171,-0.1645038,17.37018,255.1715,3.00661,Head
5/2/2017 11:13:53 AM:872,-0.5440698,1.727702,-0.1648879,17.50586,255.0805,3.077854,Head
5/2/2017 11:13:53 AM:944,-0.5437098,1.72762,-0.1658011,17.61995,254.7594,3.141117,Head
5/2/2017 11:13:54 AM:8,-0.5434259,1.727497,-0.1660786,17.62261,254.6757,3.154453,Head
5/2/2017 11:13:54 AM:75,-0.5426655,1.727625,-0.1666674,17.60405,254.5789,3.17054,Head
5/2/2017 11:13:54 AM:147,-0.5418947,1.727482,-0.1671384,17.68545,254.6039,3.104075,Head
5/2/2017 11:13:54 AM:204,-0.5417343,1.727524,-0.1673942,17.6915,254.6231,3.107053,Head
5/2/2017 11:13:54 AM:286,-0.541266,1.727351,-0.1682241,17.73536,254.6498,3.146185,Head
5/2/2017 11:13:54 AM:378,-0.5411806,1.727335,-0.1687407,17.76476,254.5966,3.15583,Head
5/2/2017 11:13:54 AM:441,-0.5411833,1.726972,-0.1697118,17.93674,254.4534,3.113871,Head
5/2/2017 11:13:54 AM:517,-0.5413239,1.726852,-0.170172,18.03687,254.4226,3.010771,Head
5/2/2017 11:13:54 AM:588,-0.5413426,1.726856,-0.1704396,18.0135,254.4567,3.042886,Head
5/2/2017 11:13:54 AM:644,-0.5415133,1.726791,-0.1706478,18.065,254.4983,2.954198,Head
5/2/2017 11:13:54 AM:700,-0.5413849,1.726759,-0.1706217,18.10951,254.5511,2.993483,Head
5/2/2017 11:13:54 AM:760,-0.5413975,1.726663,-0.1706531,18.16933,254.5169,2.985317,Head
5/2/2017 11:13:54 AM:818,-0.5410989,1.7266,-0.1706214,18.18313,254.4119,2.95329,Head
5/2/2017 11:13:54 AM:882,-0.5410829,1.726668,-0.170202,18.15428,254.3558,2.85793,Head
5/2/2017 11:13:54 AM:938,-0.5411417,1.726557,-0.1699829,18.13484,254.3575,2.79918,Head
5/2/2017 11:13:54 AM:987,-0.5411609,1.72655,-0.1696781,18.1727,254.4124,2.724108,Head
5/2/2017 11:13:55 AM:58,-0.5413315,1.726703,-0.1688756,18.1615,254.4147,2.579141,Head
5/2/2017 11:13:55 AM:115,-0.5411042,1.726753,-0.1686112,18.15069,254.4066,2.557772,Head
5/2/2017 11:13:55 AM:161,-0.5410614,1.726814,-0.16818,18.10052,254.4991,2.572628,Head
5/2/2017 11:13:55 AM:232,-0.5412194,1.726902,-0.1677464,18.10601,254.534,2.537542,Head
5/2/2017 11:13:55 AM:310,-0.5416207,1.726591,-0.1676218,18.13515,254.5712,2.451489,Head
5/2/2017 11:13:55 AM:391,-0.5417479,1.726666,-0.1670452,18.15197,254.6498,2.400641,Head
5/2/2017 11:13:55 AM:493,-0.5420161,1.726974,-0.1668488,17.93747,254.9242,2.221758,Head
5/2/2017 11:13:55 AM:570,-0.5420955,1.727562,-0.1663376,17.65205,255.3195,2.018027,Head
5/2/2017 11:13:55 AM:637,-0.5420214,1.728301,-0.1658867,17.26877,255.7135,1.97315,Head
5/2/2017 11:13:55 AM:712,-0.5419658,1.729347,-0.1654305,16.65926,255.973,1.86314,Head
5/2/2017 11:13:55 AM:783,-0.5418535,1.730998,-0.1649713,15.65811,256.2408,1.842117,Head
5/2/2017 11:13:55 AM:871,-0.5404186,1.735873,-0.163798,13.06694,256.3255,1.728706,Head
5/2/2017 11:13:55 AM:955,-0.5395087,1.738305,-0.1631908,11.65732,256.2443,1.641038,Head
5/2/2017 11:13:56 AM:25,-0.5382351,1.74054,-0.1626709,10.32557,256.0079,1.518885,Head
5/2/2017 11:13:56 AM:107,-0.5363327,1.742775,-0.1621209,8.935283,255.845,1.35807,Head
5/2/2017 11:13:56 AM:184,-0.5331233,1.747439,-0.1608517,6.430628,255.4663,1.055734,Head
5/2/2017 11:13:56 AM:277,-0.5306787,1.749988,-0.1596626,5.065365,255.4797,1.10298,Head
5/2/2017 11:13:56 AM:362,-0.5296078,1.75017,-0.1592928,4.882155,255.4876,1.237296,Head
5/2/2017 11:13:56 AM:444,-0.529057,1.750533,-0.1592168,4.643035,255.1567,1.291568,Head
5/2/2017 11:13:56 AM:530,-0.5285407,1.751438,-0.1589246,4.192401,254.9214,1.176597,Head
5/2/2017 11:13:56 AM:608,-0.5282379,1.752164,-0.1586841,3.744554,254.7799,1.07308,Head
5/2/2017 11:13:56 AM:676,-0.5276264,1.752791,-0.1580507,3.509031,254.1629,0.8426388,Head
5/2/2017 11:13:56 AM:731,-0.5275885,1.75289,-0.1580991,3.482698,253.9822,0.7442712,Head
5/2/2017 11:13:56 AM:783,-0.5273646,1.75297,-0.1580327,3.479691,253.812,0.6761093,Head
5/2/2017 11:13:56 AM:832,-0.5271451,1.753029,-0.1577606,3.436172,253.8021,0.605969,Head
5/2/2017 11:13:56 AM:898,-0.5263208,1.753291,-0.1566925,3.240642,253.9959,0.5136257,Head
5/2/2017 11:13:56 AM:956,-0.5258173,1.753401,-0.1563885,3.12276,254.0587,0.4844394,Head
5/2/2017 11:13:56 AM:999,-0.5254859,1.753673,-0.1560442,2.975406,254.1026,0.4469993,Head
5/2/2017 11:13:57 AM:49,-0.5251768,1.753981,-0.1558508,2.850677,254.1383,0.4440258,Head
5/2/2017 11:13:57 AM:97,-0.5249196,1.754164,-0.1557257,2.728565,254.1629,0.4837305,Head
5/2/2017 11:13:57 AM:161,-0.5249648,1.754498,-0.1556576,2.487765,254.2337,0.5035554,Head
5/2/2017 11:13:57 AM:299,-0.5249271,1.754626,-0.1554419,2.397565,254.3354,0.5107911,Head
5/2/2017 11:13:57 AM:469,-0.525332,1.754799,-0.1567329,2.258721,254.3416,0.5452879,Head
5/2/2017 11:13:57 AM:523,-0.5247815,1.754742,-0.1594975,2.178519,253.7789,0.718362,Head
5/2/2017 11:13:57 AM:574,-0.5244725,1.754891,-0.1601528,2.105367,253.6551,0.7593947,Head
5/2/2017 11:13:57 AM:619,-0.5243402,1.75482,-0.1603516,2.0135,253.6415,0.7684869,Head
5/2/2017 11:13:57 AM:662,-0.5244071,1.754857,-0.1603875,2.024901,253.7247,0.7685151,Head
5/2/2017 11:13:57 AM:716,-0.524793,1.754978,-0.1602437,2.065273,253.7935,0.7286335,Head
5/2/2017 11:13:57 AM:780,-0.5254192,1.754807,-0.160013,2.165225,253.8403,0.6558715,Head
5/2/2017 11:13:57 AM:843,-0.5256881,1.754516,-0.1601655,2.209533,253.9292,0.6712994,Head
5/2/2017 11:13:57 AM:895,-0.526202,1.75448,-0.159975,2.239804,254.0161,0.6718249,Head
5/2/2017 11:13:57 AM:971,-0.5271658,1.754176,-0.1597421,2.33599,254.162,0.6247864,Head
5/2/2017 11:13:58 AM:50,-0.5279109,1.75417,-0.1594364,2.402387,254.2596,0.5672073,Head
5/2/2017 11:13:58 AM:107,-0.5288214,1.753781,-0.1591466,2.529848,254.5409,0.517068,Head
5/2/2017 11:13:58 AM:171,-0.52967,1.753498,-0.1587253,2.64977,254.9002,0.5551866,Head
5/2/2017 11:13:58 AM:266,-0.5312499,1.75311,-0.1575213,2.961042,255.6108,0.5303088,Head
5/2/2017 11:13:58 AM:335,-0.5318985,1.752979,-0.1576075,3.13458,255.7049,0.5544752,Head
5/2/2017 11:13:58 AM:396,-0.5324219,1.752811,-0.157763,3.320015,255.7431,0.5541701,Head
5/2/2017 11:13:58 AM:468,-0.5330867,1.752563,-0.1576491,3.396875,255.8072,0.510618,Head
5/2/2017 11:13:58 AM:520,-0.5333197,1.752621,-0.1575177,3.418312,255.9082,0.5098169,Head
5/2/2017 11:13:58 AM:582,-0.5338616,1.752585,-0.1571256,3.478302,256.1014,0.4914654,Head
5/2/2017 11:13:58 AM:650,-0.5351399,1.75209,-0.1562428,3.699728,256.4428,0.3779177,Head
5/2/2017 11:13:58 AM:709,-0.5355358,1.751892,-0.1561393,3.786973,256.5807,0.3798484,Head
5/2/2017 11:13:58 AM:761,-0.5360025,1.751745,-0.1561562,3.866678,256.7199,0.3835931,Head
5/2/2017 11:13:58 AM:830,-0.5366122,1.751684,-0.1559731,3.923744,256.7838,0.3503122,Head
5/2/2017 11:13:58 AM:888,-0.5368302,1.751767,-0.1559085,3.921358,256.7948,0.3447094,Head
5/2/2017 11:13:58 AM:934,-0.5371031,1.75174,-0.155992,3.958385,256.8434,0.3645688,Head
5/2/2017 11:13:58 AM:990,-0.5373945,1.751618,-0.1562042,4.035195,256.92,0.3731539,Head
5/2/2017 11:13:59 AM:56,-0.5378736,1.751443,-0.1565752,4.151268,256.9845,0.4598231,Head
5/2/2017 11:13:59 AM:120,-0.5382571,1.751386,-0.1566012,4.238819,257.062,0.3777236,Head
5/2/2017 11:13:59 AM:170,-0.538368,1.751268,-0.1569769,4.285915,257.1891,0.4449601,Head
5/2/2017 11:13:59 AM:204,-0.5385636,1.751057,-0.1572246,4.37012,257.2936,0.4892533,Head
5/2/2017 11:13:59 AM:259,-0.5384034,1.750958,-0.1576377,4.424628,257.2547,0.4979501,Head
5/2/2017 11:13:59 AM:315,-0.5380071,1.751031,-0.1577551,4.464918,257.2284,0.5422398,Head
5/2/2017 11:13:59 AM:376,-0.5374178,1.751015,-0.1580789,4.448988,257.358,0.5828359,Head
5/2/2017 11:13:59 AM:433,-0.5369421,1.751107,-0.1581161,4.468271,257.4098,0.6059651,Head
5/2/2017 11:13:59 AM:481,-0.5365911,1.751119,-0.1581802,4.480569,257.506,0.6194614,Head
5/2/2017 11:13:59 AM:516,-0.5359925,1.751049,-0.158346,4.466787,257.5916,0.6082332,Head
5/2/2017 11:13:59 AM:555,-0.5354744,1.751026,-0.1581009,4.447792,257.7025,0.5980965,Head
5/2/2017 11:13:59 AM:607,-0.5350082,1.75119,-0.1574572,4.433615,258.1902,0.7210325,Head
5/2/2017 11:13:59 AM:656,-0.5342973,1.751472,-0.1556414,4.354826,260.0564,1.058428,Head
5/2/2017 11:13:59 AM:725,-0.5340225,1.751649,-0.1539126,4.258504,261.488,1.148873,Head
5/2/2017 11:13:59 AM:767,-0.5337209,1.75179,-0.1521376,4.173707,262.9404,1.313181,Head
5/2/2017 11:13:59 AM:807,-0.5334193,1.751959,-0.1501609,4.130735,264.3936,1.25349,Head
5/2/2017 11:13:59 AM:842,-0.5330874,1.751949,-0.1488931,4.149693,265.3501,1.255803,Head
5/2/2017 11:13:59 AM:886,-0.5326908,1.752023,-0.1467809,4.099866,266.785,1.300072,Head
5/2/2017 11:13:59 AM:924,-0.5324683,1.75205,-0.144936,4.107743,268.1422,1.439148,Head
5/2/2017 11:13:59 AM:968,-0.5325238,1.751969,-0.1420034,4.164142,270.2095,1.738362,Head
5/2/2017 11:14:00 AM:16,-0.5324829,1.751886,-0.1383928,4.271272,272.9103,2.046048,Head
5/2/2017 11:14:00 AM:91,-0.5325938,1.751956,-0.1329142,4.214322,276.8323,2.536219,Head
5/2/2017 11:14:00 AM:158,-0.5315707,1.752877,-0.1206939,3.534097,285.2281,3.323414,Head
5/2/2017 11:14:00 AM:209,-0.5309632,1.753375,-0.116917,3.171954,287.6691,3.507312,Head
5/2/2017 11:14:00 AM:274,-0.5302824,1.753914,-0.1120412,2.782468,290.5581,3.513528,Head
5/2/2017 11:14:00 AM:332,-0.5292363,1.754479,-0.104523,2.202582,295.0385,3.604067,Head
5/2/2017 11:14:00 AM:396,-0.5285172,1.754143,-0.09715989,2.257411,298.4111,3.281565,Head
5/2/2017 11:14:00 AM:449,-0.5287788,1.753702,-0.09527866,2.524737,298.9132,3.137069,Head
5/2/2017 11:14:00 AM:493,-0.5292335,1.753193,-0.09271929,2.828521,299.7329,3.025476,Head
5/2/2017 11:14:00 AM:537,-0.5297774,1.752742,-0.09052806,3.114057,300.3929,2.953279,Head
5/2/2017 11:14:00 AM:579,-0.5305771,1.751998,-0.08860829,3.494473,300.8118,2.846363,Head
5/2/2017 11:14:00 AM:625,-0.531479,1.75138,-0.08719532,3.820604,301.0386,2.766665,Head
5/2/2017 11:14:00 AM:681,-0.5329481,1.750424,-0.08501892,4.470003,301.4158,2.650235,Head
5/2/2017 11:14:00 AM:747,-0.5359621,1.74881,-0.08213799,5.38532,301.9043,2.469213,Head
5/2/2017 11:14:00 AM:805,-0.5374883,1.74811,-0.08098239,5.772877,302.2001,2.453763,Head
5/2/2017 11:14:00 AM:855,-0.5391068,1.747469,-0.08000032,6.089695,302.4245,2.458108,Head
5/2/2017 11:14:00 AM:899,-0.5407327,1.746973,-0.07894751,6.415022,302.6224,2.412403,Head
5/2/2017 11:14:00 AM:943,-0.5421354,1.746547,-0.07827166,6.659672,302.7038,2.461666,Head
5/2/2017 11:14:00 AM:985,-0.5436742,1.746139,-0.07799006,6.8335,302.6864,2.495175,Head
5/2/2017 11:14:01 AM:25,-0.5453314,1.745781,-0.07763679,6.989493,302.5104,2.531869,Head
5/2/2017 11:14:01 AM:75,-0.5470059,1.745559,-0.07735635,7.133149,302.2541,2.573619,Head
5/2/2017 11:14:01 AM:176,-0.548395,1.745293,-0.07720082,7.272057,302.0197,2.610317,Head
5/2/2017 11:14:01 AM:225,-0.5508259,1.744551,-0.07662997,7.676087,301.6404,2.690532,Head
5/2/2017 11:14:01 AM:286,-0.5509861,1.743941,-0.07671607,7.905365,301.4808,2.689883,Head
5/2/2017 11:14:01 AM:360,-0.5496224,1.743787,-0.07654123,8.072639,301.3622,2.490784,Head
5/2/2017 11:14:01 AM:399,-0.5491191,1.744139,-0.07647694,7.948072,301.3465,2.440427,Head
5/2/2017 11:14:01 AM:449,-0.5484124,1.744743,-0.07659306,7.715446,301.2744,2.387896,Head
5/2/2017 11:14:01 AM:498,-0.5470409,1.745007,-0.07693476,7.536128,301.0764,2.385234,Head
5/2/2017 11:14:01 AM:569,-0.5454186,1.745084,-0.07712618,7.420747,300.5411,2.301537,Head
5/2/2017 11:14:01 AM:637,-0.5445824,1.745227,-0.0771485,7.393768,300.1523,2.156116,Head
5/2/2017 11:14:01 AM:695,-0.5436345,1.745358,-0.07685421,7.316627,299.734,1.997434,Head
5/2/2017 11:14:01 AM:763,-0.5423149,1.745538,-0.07670876,7.328109,299.178,1.814963,Head
5/2/2017 11:14:01 AM:812,-0.5420288,1.745431,-0.0767802,7.308736,298.9777,1.856178,Head
5/2/2017 11:14:01 AM:868,-0.5413448,1.745178,-0.0769562,7.318817,298.5376,1.864076,Head
5/2/2017 11:14:01 AM:916,-0.5405245,1.745131,-0.07706123,7.348338,298.1157,1.813625,Head
5/2/2017 11:14:01 AM:966,-0.5398996,1.745271,-0.07719884,7.318996,297.7906,1.734139,Head
5/2/2017 11:14:02 AM:15,-0.5391015,1.745278,-0.07767428,7.323521,297.4719,1.639921,Head
5/2/2017 11:14:02 AM:80,-0.5381119,1.745277,-0.078264,7.347883,297.0649,1.615423,Head
5/2/2017 11:14:02 AM:134,-0.5378535,1.745167,-0.07832573,7.337192,296.9517,1.59728,Head
5/2/2017 11:14:02 AM:177,-0.5375234,1.745219,-0.07855623,7.317395,296.8216,1.568862,Head
5/2/2017 11:14:02 AM:243,-0.5369357,1.745186,-0.07912879,7.31521,296.716,1.565849,Head
5/2/2017 11:14:02 AM:293,-0.5366803,1.745151,-0.07933144,7.335691,296.6094,1.602732,Head
5/2/2017 11:14:02 AM:359,-0.5365433,1.745052,-0.07954988,7.384394,296.4957,1.697143,Head
5/2/2017 11:14:02 AM:433,-0.5364764,1.745136,-0.07930801,7.391568,296.4947,1.71605,Head
5/2/2017 11:14:02 AM:481,-0.5360867,1.745338,-0.07912255,7.376934,296.7383,1.796231,Head
5/2/2017 11:14:02 AM:549,-0.5345483,1.746315,-0.07646941,6.45524,299.2831,3.363463,Head
5/2/2017 11:14:02 AM:604,-0.5328864,1.746814,-0.07425231,5.919917,302.358,4.721084,Head
5/2/2017 11:14:02 AM:648,-0.5312011,1.747203,-0.07225308,5.526501,304.983,5.692747,Head
5/2/2017 11:14:02 AM:708,-0.5299951,1.747427,-0.07079522,5.307317,306.3784,5.912947,Head
5/2/2017 11:14:02 AM:786,-0.5289273,1.747821,-0.06876632,4.922177,307.7737,5.770626,Head
5/2/2017 11:14:02 AM:858,-0.5288941,1.748294,-0.068861,4.601876,307.7983,5.60276,Head
5/2/2017 11:14:02 AM:917,-0.5290505,1.748568,-0.06905654,4.444695,307.6087,5.429065,Head
5/2/2017 11:14:02 AM:972,-0.5291891,1.748765,-0.0693261,4.392448,307.4854,5.315546,Head
5/2/2017 11:14:03 AM:30,-0.5290751,1.749063,-0.06939474,4.275344,307.4888,5.111767,Head
5/2/2017 11:14:03 AM:83,-0.5285088,1.749303,-0.06887372,4.286646,307.4971,4.993194,Head
5/2/2017 11:14:03 AM:143,-0.5283017,1.749289,-0.06887319,4.272133,307.5156,4.839139,Head
5/2/2017 11:14:03 AM:215,-0.5269845,1.749679,-0.06952339,4.143835,307.7241,4.735898,Head
5/2/2017 11:14:03 AM:286,-0.5261553,1.7497,-0.06973647,4.098823,307.7305,4.69126,Head
5/2/2017 11:14:03 AM:354,-0.5236008,1.749951,-0.0707201,3.985771,307.6904,4.583781,Head
5/2/2017 11:14:03 AM:413,-0.5229765,1.749992,-0.07077821,3.985063,307.5368,4.52899,Head
5/2/2017 11:14:03 AM:464,-0.5219758,1.750112,-0.07144735,3.972524,307.1418,4.321789,Head
5/2/2017 11:14:03 AM:532,-0.5200471,1.750417,-0.07234861,3.761329,306.8992,4.252584,Head
5/2/2017 11:14:03 AM:592,-0.5192943,1.750474,-0.07255074,3.708622,306.9203,4.255244,Head
5/2/2017 11:14:03 AM:651,-0.5180691,1.750652,-0.07259493,3.613789,306.9116,4.126556,Head
5/2/2017 11:14:03 AM:712,-0.5167522,1.750926,-0.07253104,3.50724,306.8987,3.835725,Head
5/2/2017 11:14:03 AM:783,-0.516286,1.750785,-0.0728288,3.56004,306.7699,3.840732,Head
5/2/2017 11:14:03 AM:833,-0.5162293,1.750819,-0.07312205,3.615626,306.419,3.865797,Head
5/2/2017 11:14:03 AM:910,-0.515956,1.750939,-0.07346669,3.605535,305.9432,3.955762,Head
5/2/2017 11:14:03 AM:973,-0.5157115,1.751248,-0.07371973,3.536075,305.9077,3.973203,Head
5/2/2017 11:14:04 AM:58,-0.5151271,1.751359,-0.07355035,3.368796,305.9878,3.91599,Head
5/2/2017 11:14:04 AM:127,-0.5149992,1.75138,-0.07333472,3.345567,305.9785,3.952188,Head
5/2/2017 11:14:04 AM:186,-0.5150223,1.751376,-0.07360858,3.395764,305.6281,3.994862,Head
5/2/2017 11:14:04 AM:274,-0.5149386,1.751203,-0.07343026,3.55019,305.2563,3.921584,Head
5/2/2017 11:14:04 AM:362,-0.5143622,1.75122,-0.07305662,3.578171,305.4991,3.922841,Head
5/2/2017 11:14:04 AM:433,-0.5141401,1.751233,-0.07271495,3.578012,305.6617,3.82977,Head
5/2/2017 11:14:04 AM:504,-0.5140401,1.751134,-0.07216524,3.561922,305.8221,3.738974,Head
5/2/2017 11:14:04 AM:571,-0.5138078,1.7512,-0.07192574,3.516553,305.8072,3.638767,Head
5/2/2017 11:14:04 AM:639,-0.514143,1.751187,-0.07183693,3.492091,305.7189,3.571026,Head
5/2/2017 11:14:04 AM:686,-0.5143431,1.751212,-0.07168832,3.50174,305.6707,3.550536,Head
5/2/2017 11:14:04 AM:733,-0.5147111,1.751045,-0.07171091,3.552327,305.6277,3.518209,Head
5/2/2017 11:14:04 AM:782,-0.5152397,1.750841,-0.071339,3.59247,305.6319,3.520647,Head
5/2/2017 11:14:04 AM:824,-0.515907,1.750723,-0.07123683,3.657238,305.6533,3.557697,Head
5/2/2017 11:14:04 AM:890,-0.5170152,1.750705,-0.07102287,3.736482,305.6318,3.556366,Head
5/2/2017 11:14:04 AM:955,-0.5176437,1.75058,-0.07101596,3.775035,305.6628,3.534346,Head
5/2/2017 11:14:05 AM:4,-0.5186536,1.750382,-0.0709434,3.819715,305.6803,3.589553,Head
5/2/2017 11:14:05 AM:68,-0.5197546,1.750414,-0.07073681,3.930232,305.7346,3.571926,Head
5/2/2017 11:14:05 AM:123,-0.5207192,1.750318,-0.07058449,3.993551,305.7525,3.662739,Head
5/2/2017 11:14:05 AM:172,-0.5219375,1.750172,-0.07054113,4.077458,305.7086,3.754332,Head
5/2/2017 11:14:05 AM:231,-0.523072,1.749883,-0.07026802,4.168537,305.6846,3.794575,Head
5/2/2017 11:14:05 AM:298,-0.5233365,1.749933,-0.06984466,4.222958,305.7688,3.705699,Head
5/2/2017 11:14:05 AM:345,-0.5238112,1.749966,-0.0692037,4.251925,305.9751,3.647964,Head
5/2/2017 11:14:05 AM:397,-0.5239872,1.749966,-0.06896538,4.29392,306.2083,3.614715,Head
5/2/2017 11:14:05 AM:468,-0.5241504,1.749927,-0.06836703,4.367227,306.2422,3.602377,Head
5/2/2017 11:14:05 AM:522,-0.5241948,1.749881,-0.06838292,4.387788,306.2226,3.560913,Head
5/2/2017 11:14:05 AM:570,-0.5241762,1.749985,-0.06837681,4.371844,306.2153,3.543605,Head
5/2/2017 11:14:05 AM:617,-0.5243042,1.749963,-0.06838423,4.329031,306.2584,3.54334,Head
5/2/2017 11:14:05 AM:670,-0.5242518,1.750143,-0.06842211,4.185904,306.3263,3.370269,Head
5/2/2017 11:14:05 AM:731,-0.524371,1.75004,-0.06840387,4.150155,306.3397,3.323676,Head
5/2/2017 11:14:05 AM:774,-0.5242836,1.750003,-0.06863745,4.143312,306.356,3.291353,Head
5/2/2017 11:14:05 AM:833,-0.5240725,1.750472,-0.06908996,4.006037,306.3544,3.205258,Head
5/2/2017 11:14:05 AM:904,-0.5239012,1.750551,-0.06949948,3.998884,306.3718,3.215505,Head
5/2/2017 11:14:05 AM:954,-0.5239217,1.750541,-0.06976813,3.968993,306.3044,3.33293,Head
5/2/2017 11:14:06 AM:7,-0.52363,1.750471,-0.07045359,3.986453,306.1841,3.449871,Head
5/2/2017 11:14:06 AM:69,-0.5227743,1.750435,-0.07102951,3.942729,306.0256,3.56883,Head
5/2/2017 11:14:06 AM:139,-0.5220629,1.75057,-0.07083823,3.882011,306.0877,3.420041,Head
5/2/2017 11:14:06 AM:184,-0.5213962,1.75075,-0.07086772,3.807678,306.2012,3.367605,Head
5/2/2017 11:14:06 AM:243,-0.5207732,1.750983,-0.07075559,3.739374,306.3096,3.273464,Head
5/2/2017 11:14:06 AM:315,-0.5196238,1.750825,-0.07042202,3.707028,306.3918,3.17905,Head
5/2/2017 11:14:06 AM:392,-0.5187504,1.750874,-0.07045089,3.64825,306.3892,3.155682,Head
5/2/2017 11:14:06 AM:462,-0.5183516,1.751061,-0.07041037,3.62747,306.386,3.13293,Head
5/2/2017 11:14:06 AM:520,-0.5177809,1.750993,-0.07043181,3.62059,306.3776,3.109978,Head
5/2/2017 11:14:06 AM:572,-0.5173337,1.750898,-0.07048199,3.654797,306.373,3.112688,Head
5/2/2017 11:14:06 AM:629,-0.5168455,1.750906,-0.07054633,3.681099,306.3038,3.162745,Head
5/2/2017 11:14:06 AM:730,-0.5163945,1.75079,-0.07065085,3.691319,306.2413,3.091837,Head
5/2/2017 11:14:06 AM:795,-0.5149958,1.751038,-0.07116863,3.530268,306.1522,3.183843,Head
5/2/2017 11:14:06 AM:876,-0.5139683,1.75116,-0.07141744,3.381256,305.9229,3.157036,Head
5/2/2017 11:14:06 AM:961,-0.5136268,1.751479,-0.07141407,3.354483,305.9002,3.06113,Head
5/2/2017 11:14:07 AM:24,-0.5134534,1.751683,-0.07112648,3.343851,305.8848,2.950446,Head
5/2/2017 11:14:07 AM:94,-0.5136756,1.751624,-0.07101466,3.34998,305.8254,2.95167,Head
5/2/2017 11:14:07 AM:164,-0.5140092,1.751518,-0.07087116,3.449692,305.6006,2.939999,Head
5/2/2017 11:14:07 AM:225,-0.5141641,1.751638,-0.07098536,3.470747,305.523,2.966267,Head
5/2/2017 11:14:07 AM:287,-0.5141932,1.751508,-0.07110445,3.460773,305.3697,2.945103,Head
5/2/2017 11:14:07 AM:343,-0.5143129,1.751385,-0.07140176,3.449467,305.0766,2.890149,Head
5/2/2017 11:14:07 AM:412,-0.514717,1.751519,-0.07233632,3.427032,304.2491,2.733127,Head
5/2/2017 11:14:07 AM:503,-0.5170901,1.751988,-0.0760557,3.405255,300.8134,2.06915,Head
5/2/2017 11:14:07 AM:562,-0.5184695,1.752272,-0.07848246,3.365153,298.5725,1.64249,Head
5/2/2017 11:14:07 AM:624,-0.5206547,1.752522,-0.08307903,3.514465,294.7434,0.8636067,Head
5/2/2017 11:14:07 AM:702,-0.5239753,1.752469,-0.09142058,3.721862,288.3458,359.8921,Head
5/2/2017 11:14:07 AM:770,-0.5252399,1.752378,-0.09501027,3.804818,285.5757,359.5284,Head
5/2/2017 11:14:07 AM:829,-0.5262048,1.752412,-0.09906583,3.9756,283.1158,359.3694,Head
5/2/2017 11:14:07 AM:888,-0.5271038,1.752173,-0.1026015,4.147111,281.5126,359.436,Head
5/2/2017 11:14:07 AM:951,-0.5280401,1.751714,-0.1062812,4.459448,279.7996,359.3429,Head
5/2/2017 11:14:08 AM:18,-0.5301256,1.751349,-0.1119775,4.728814,277.1073,359.1268,Head
5/2/2017 11:14:08 AM:96,-0.5309762,1.750894,-0.1142962,4.983419,276.3672,359.1125,Head
5/2/2017 11:14:08 AM:155,-0.5322951,1.750379,-0.1165114,5.288222,275.6339,359.2032,Head
5/2/2017 11:14:08 AM:213,-0.5335373,1.749884,-0.1188357,5.517791,275.2215,359.3589,Head
5/2/2017 11:14:08 AM:277,-0.5352314,1.749445,-0.120462,5.855132,275.0253,359.4567,Head
5/2/2017 11:14:08 AM:369,-0.5359454,1.749291,-0.1209936,5.97678,275.0921,359.6042,Head
5/2/2017 11:14:08 AM:455,-0.5364615,1.749283,-0.1217853,6.048965,275.0402,359.7593,Head
5/2/2017 11:14:08 AM:514,-0.5365987,1.749578,-0.121958,5.926535,274.9512,359.7333,Head
5/2/2017 11:14:08 AM:593,-0.536256,1.750142,-0.1224828,5.674572,274.9041,359.7886,Head
5/2/2017 11:14:08 AM:659,-0.5358225,1.750287,-0.1230149,5.572114,274.7104,359.6801,Head
5/2/2017 11:14:08 AM:715,-0.5358162,1.750345,-0.1233646,5.460723,274.4192,359.5376,Head
5/2/2017 11:14:08 AM:778,-0.5354428,1.75076,-0.1236459,5.180171,274.272,359.5198,Head
5/2/2017 11:14:08 AM:856,-0.5347462,1.751415,-0.123766,4.77327,274.1903,359.519,Head
5/2/2017 11:14:08 AM:925,-0.5342072,1.751715,-0.1233246,4.649165,274.1984,359.4895,Head
5/2/2017 11:14:08 AM:983,-0.5341014,1.751825,-0.1231868,4.682095,274.2178,359.4902,Head
5/2/2017 11:14:09 AM:74,-0.5344201,1.751601,-0.1231178,4.814157,274.1237,359.4714,Head
5/2/2017 11:14:09 AM:146,-0.5344101,1.751523,-0.1231091,4.77631,274.074,359.4601,Head
5/2/2017 11:14:09 AM:214,-0.5342768,1.751596,-0.1232484,4.72263,274.0518,359.4606,Head
5/2/2017 11:14:09 AM:285,-0.5337561,1.751776,-0.1232043,4.711816,273.8749,359.4907,Head
5/2/2017 11:14:09 AM:374,-0.5334209,1.751993,-0.1232712,4.698742,273.8627,359.4532,Head
5/2/2017 11:14:09 AM:441,-0.5333035,1.751845,-0.123188,4.73384,273.8849,359.4374,Head
5/2/2017 11:14:09 AM:504,-0.5328732,1.751695,-0.1234386,4.738985,273.882,359.4359,Head
5/2/2017 11:14:09 AM:555,-0.5324186,1.751939,-0.1235763,4.650569,273.9582,359.4397,Head
5/2/2017 11:14:09 AM:625,-0.5309287,1.752268,-0.1239787,4.31776,274.0533,359.44,Head
5/2/2017 11:14:09 AM:682,-0.530587,1.752178,-0.1241324,4.271214,274.05,359.4363,Head
5/2/2017 11:14:09 AM:748,-0.5295008,1.752617,-0.1244114,4.092859,274.062,359.4518,Head
5/2/2017 11:14:09 AM:821,-0.5286061,1.75295,-0.1249752,3.976447,274.0586,359.4869,Head
5/2/2017 11:14:09 AM:886,-0.5283423,1.752898,-0.1256633,4.004175,274.1071,359.4554,Head
5/2/2017 11:14:09 AM:954,-0.5281515,1.752805,-0.126408,4.079518,274.1198,359.5665,Head
5/2/2017 11:14:10 AM:17,-0.5272448,1.752418,-0.1271828,4.110516,273.944,359.5791,Head
5/2/2017 11:14:10 AM:91,-0.5266361,1.752905,-0.1276214,3.928909,273.7801,359.5503,Head
5/2/2017 11:14:10 AM:168,-0.5257669,1.753366,-0.1275242,3.758206,273.7439,359.5103,Head
5/2/2017 11:14:10 AM:240,-0.5252308,1.753477,-0.1274016,3.707273,273.8109,359.4861,Head
5/2/2017 11:14:10 AM:295,-0.5249457,1.753285,-0.1269668,3.767001,273.832,359.4268,Head
5/2/2017 11:14:10 AM:352,-0.5246253,1.753189,-0.1266138,3.798302,273.8341,359.3718,Head
5/2/2017 11:14:10 AM:427,-0.5244733,1.753404,-0.1259747,3.738806,273.7401,359.2231,Head
5/2/2017 11:14:10 AM:498,-0.5242393,1.753474,-0.1250537,3.766948,273.6919,359.0072,Head
5/2/2017 11:14:10 AM:563,-0.5242699,1.753185,-0.1240057,3.865784,273.7466,358.8723,Head
5/2/2017 11:14:10 AM:617,-0.5240902,1.753131,-0.1235851,3.930748,273.8436,358.8051,Head
5/2/2017 11:14:10 AM:683,-0.5236115,1.752919,-0.1229737,4.041007,274.0104,358.6196,Head
5/2/2017 11:14:10 AM:748,-0.5234888,1.752822,-0.1228004,4.020514,274.0314,358.625,Head
5/2/2017 11:14:10 AM:799,-0.5230665,1.752889,-0.122665,3.973223,273.9561,358.6099,Head
5/2/2017 11:14:10 AM:852,-0.5225764,1.753041,-0.1224627,3.87633,273.8328,358.5797,Head
5/2/2017 11:14:10 AM:905,-0.5222721,1.753241,-0.1223542,3.813733,273.7675,358.5104,Head
5/2/2017 11:14:10 AM:958,-0.5217553,1.753449,-0.1222899,3.720552,273.7517,358.5022,Head
5/2/2017 11:14:11 AM:11,-0.5213274,1.753601,-0.1220927,3.637965,273.7466,358.4467,Head
5/2/2017 11:14:11 AM:64,-0.5213623,1.753601,-0.1218852,3.619241,273.7289,358.4008,Head
5/2/2017 11:14:11 AM:131,-0.5212557,1.753554,-0.1225085,3.663491,273.6882,358.4167,Head
5/2/2017 11:14:11 AM:205,-0.5210553,1.753366,-0.1226413,3.617915,273.6178,358.4626,Head
5/2/2017 11:14:11 AM:266,-0.5208385,1.753508,-0.1228172,3.611985,273.5067,358.4763,Head
5/2/2017 11:14:11 AM:340,-0.5204282,1.753655,-0.1233728,3.502491,273.3403,358.4557,Head
5/2/2017 11:14:11 AM:404,-0.5202175,1.753712,-0.1235216,3.506755,273.3315,358.4516,Head
5/2/2017 11:14:11 AM:463,-0.5199637,1.753521,-0.1235603,3.502425,273.3104,358.4762,Head
5/2/2017 11:14:11 AM:511,-0.520061,1.7536,-0.1233903,3.536515,273.3317,358.4083,Head
5/2/2017 11:14:11 AM:573,-0.5198215,1.753409,-0.1234469,3.538713,273.313,358.4865,Head
5/2/2017 11:14:11 AM:645,-0.5193009,1.753367,-0.1233634,3.575547,273.0333,358.3428,Head
5/2/2017 11:14:11 AM:705,-0.5193934,1.753444,-0.1229281,3.592879,273.0626,358.3836,Head
5/2/2017 11:14:11 AM:760,-0.5195013,1.753543,-0.1223697,3.638408,273.1068,358.3112,Head
5/2/2017 11:14:11 AM:814,-0.5198628,1.753285,-0.1220373,3.71073,273.116,358.2433,Head
5/2/2017 11:14:11 AM:875,-0.5202349,1.753111,-0.1218741,3.799863,273.1158,358.1988,Head
5/2/2017 11:14:11 AM:954,-0.5211424,1.75298,-0.1217278,3.956263,273.1365,358.1121,Head
5/2/2017 11:14:12 AM:16,-0.5213231,1.753042,-0.1218732,3.975904,273.1394,358.1231,Head
5/2/2017 11:14:12 AM:76,-0.5218678,1.753098,-0.1220552,4.004911,273.1425,358.1584,Head
5/2/2017 11:14:12 AM:125,-0.5224668,1.752874,-0.1225122,4.082825,273.097,358.2065,Head
5/2/2017 11:14:12 AM:177,-0.5228664,1.752676,-0.1230898,4.153648,273.0549,358.2441,Head
5/2/2017 11:14:12 AM:255,-0.5238436,1.752694,-0.124023,4.291574,272.9905,358.3459,Head
5/2/2017 11:14:12 AM:319,-0.5240515,1.752544,-0.1244224,4.309923,272.959,358.3818,Head
5/2/2017 11:14:12 AM:414,-0.524295,1.752554,-0.124891,4.328756,272.9493,358.4769,Head
5/2/2017 11:14:12 AM:488,-0.5241783,1.75266,-0.125976,4.195998,272.8491,358.6519,Head
5/2/2017 11:14:12 AM:542,-0.5241729,1.75272,-0.1260816,4.079398,272.8576,358.6863,Head
5/2/2017 11:14:12 AM:614,-0.524008,1.753239,-0.1262242,3.947263,272.9323,358.6403,Head
5/2/2017 11:14:12 AM:729,-0.5238,1.753612,-0.1261394,3.670662,273.0886,358.5975,Head
5/2/2017 11:14:12 AM:801,-0.5235702,1.753784,-0.1261286,3.406192,273.0545,358.5608,Head
5/2/2017 11:14:12 AM:856,-0.523646,1.754451,-0.126051,3.024008,272.9444,358.5334,Head
5/2/2017 11:14:12 AM:925,-0.5234329,1.756034,-0.1259859,2.105611,272.7579,358.5271,Head
5/2/2017 11:14:12 AM:994,-0.5231756,1.756991,-0.1260005,1.508297,272.7078,358.4832,Head
5/2/2017 11:14:13 AM:55,-0.5229828,1.758235,-0.1259861,0.6975906,272.6177,358.4079,Head
5/2/2017 11:14:13 AM:109,-0.5223781,1.759182,-0.1262367,359.937,272.5464,358.4372,Head
5/2/2017 11:14:13 AM:171,-0.5219513,1.760155,-0.1261353,359.335,272.499,358.3723,Head
5/2/2017 11:14:13 AM:228,-0.5213958,1.7609,-0.1259657,358.7921,272.3987,358.4234,Head
5/2/2017 11:14:13 AM:316,-0.5204697,1.762052,-0.1258217,358.0631,272.2625,358.4609,Head
5/2/2017 11:14:13 AM:383,-0.5202175,1.762357,-0.1255405,357.8567,272.225,358.4944,Head
5/2/2017 11:14:13 AM:489,-0.5198249,1.762899,-0.124658,357.3183,272.2038,358.4127,Head
5/2/2017 11:14:13 AM:575,-0.5181379,1.764536,-0.1245114,356.1542,271.8655,358.4379,Head
5/2/2017 11:14:13 AM:635,-0.5172182,1.765993,-0.1239969,355.1916,271.7337,358.1834,Head
5/2/2017 11:14:13 AM:689,-0.516197,1.767469,-0.1238354,354.317,271.6607,358.118,Head
5/2/2017 11:14:13 AM:768,-0.5149927,1.769493,-0.1235455,352.8804,271.6251,358.1451,Head
5/2/2017 11:14:13 AM:837,-0.5147643,1.769987,-0.1234227,352.5201,271.5545,358.1803,Head
5/2/2017 11:14:13 AM:904,-0.5143714,1.770295,-0.1233976,352.0567,271.485,358.2424,Head
5/2/2017 11:14:13 AM:970,-0.5147311,1.77067,-0.1235483,351.7083,271.3254,358.3423,Head
5/2/2017 11:14:14 AM:42,-0.5148197,1.770695,-0.1237255,351.6538,271.2837,358.3893,Head
5/2/2017 11:14:14 AM:99,-0.5153698,1.770749,-0.1241353,351.5414,271.106,358.5623,Head
5/2/2017 11:14:14 AM:173,-0.5162456,1.77043,-0.1256401,351.5567,270.2482,358.8528,Head
5/2/2017 11:14:14 AM:228,-0.5165111,1.770468,-0.1258832,351.5134,269.9802,358.8969,Head
5/2/2017 11:14:14 AM:282,-0.5167505,1.770686,-0.1263978,351.4404,269.3975,358.9866,Head
5/2/2017 11:14:14 AM:353,-0.5166013,1.770794,-0.1276407,351.2603,268.5929,359.1512,Head
5/2/2017 11:14:14 AM:418,-0.5163086,1.770887,-0.1278898,351.1672,268.5196,359.1865,Head
5/2/2017 11:14:14 AM:477,-0.5153428,1.771409,-0.1282434,350.819,268.546,359.3356,Head
5/2/2017 11:14:14 AM:530,-0.5143194,1.772309,-0.1284014,350.2622,268.5867,359.4587,Head
5/2/2017 11:14:14 AM:602,-0.5126126,1.773295,-0.1284361,349.4118,268.5204,359.5164,Head
5/2/2017 11:14:14 AM:681,-0.5119739,1.773451,-0.128566,349.2704,268.5824,359.5271,Head
5/2/2017 11:14:14 AM:738,-0.5113303,1.773455,-0.1283936,349.156,268.7239,359.5697,Head
5/2/2017 11:14:14 AM:802,-0.5110269,1.773418,-0.1284024,349.0897,268.8347,359.5844,Head
5/2/2017 11:14:14 AM:862,-0.5107232,1.77369,-0.1287148,349.0337,268.9277,359.5508,Head
5/2/2017 11:14:14 AM:939,-0.5106263,1.773427,-0.1286862,349.2267,268.9063,359.6884,Head
5/2/2017 11:14:15 AM:4,-0.5108258,1.773403,-0.1291497,349.3302,268.7617,359.7693,Head
5/2/2017 11:14:15 AM:63,-0.51107,1.773232,-0.1292966,349.4958,268.6301,359.858,Head
5/2/2017 11:14:15 AM:118,-0.5109777,1.773188,-0.129558,349.5902,268.5994,359.8486,Head
5/2/2017 11:14:15 AM:177,-0.510824,1.773154,-0.1298133,349.6483,268.6023,359.8487,Head
5/2/2017 11:14:15 AM:229,-0.5104787,1.773031,-0.1297031,349.7021,268.6292,359.8273,Head
5/2/2017 11:14:15 AM:282,-0.5099549,1.773176,-0.1295628,349.6606,268.676,359.778,Head
5/2/2017 11:14:15 AM:344,-0.5091566,1.773153,-0.1296229,349.6479,268.7573,359.7267,Head
5/2/2017 11:14:15 AM:398,-0.5084563,1.773134,-0.129716,349.6019,268.7827,359.7108,Head
5/2/2017 11:14:15 AM:451,-0.5076454,1.773481,-0.1299115,349.5118,268.7414,359.7252,Head
5/2/2017 11:14:15 AM:518,-0.5070626,1.773487,-0.1297585,349.4092,268.7051,359.7135,Head
5/2/2017 11:14:15 AM:572,-0.5063187,1.773457,-0.1299617,349.3743,268.7034,359.722,Head
5/2/2017 11:14:15 AM:635,-0.5062088,1.77324,-0.130475,349.4894,268.6649,359.7349,Head
5/2/2017 11:14:15 AM:697,-0.5066665,1.773145,-0.1308576,349.674,268.5148,359.7249,Head
5/2/2017 11:14:15 AM:771,-0.5084288,1.772549,-0.1315137,350.0836,268.2897,359.8553,Head
5/2/2017 11:14:15 AM:833,-0.5092404,1.772238,-0.1319416,350.3032,268.1289,359.9073,Head
5/2/2017 11:14:15 AM:899,-0.5105281,1.771858,-0.1327044,350.7437,267.8159,0.02450738,Head
5/2/2017 11:14:15 AM:974,-0.5123577,1.771209,-0.1336163,351.1314,267.4924,0.1263987,Head
5/2/2017 11:14:16 AM:41,-0.5131789,1.77144,-0.1337353,351.1633,267.4688,0.1518179,Head
5/2/2017 11:14:16 AM:100,-0.5140966,1.771267,-0.1337194,351.2192,267.486,0.1496456,Head
5/2/2017 11:14:16 AM:156,-0.5145701,1.77124,-0.1341179,351.2646,267.5633,0.1414122,Head
5/2/2017 11:14:16 AM:212,-0.5153408,1.77105,-0.1342024,351.3276,267.6039,0.1631938,Head
5/2/2017 11:14:16 AM:268,-0.5159332,1.770931,-0.1344418,351.3851,267.6265,0.2120308,Head
5/2/2017 11:14:16 AM:323,-0.5164193,1.771038,-0.1345522,351.4248,267.5981,0.2582843,Head
5/2/2017 11:14:16 AM:387,-0.5167003,1.771013,-0.1345545,351.4117,267.6003,0.2896647,Head
5/2/2017 11:14:16 AM:449,-0.5169868,1.771086,-0.1347174,351.4189,267.6404,0.2907316,Head
5/2/2017 11:14:16 AM:508,-0.5176668,1.771131,-0.134877,351.4073,267.6176,0.3341212,Head
5/2/2017 11:14:16 AM:576,-0.518194,1.771069,-0.134919,351.4428,267.6698,0.3471978,Head
5/2/2017 11:14:16 AM:653,-0.5185539,1.770866,-0.1349935,351.5163,267.6372,0.371018,Head
5/2/2017 11:14:16 AM:732,-0.5187709,1.77085,-0.1350863,351.5182,267.563,0.3961955,Head
5/2/2017 11:14:16 AM:801,-0.5188265,1.770918,-0.1348511,351.4698,267.6718,0.3191577,Head
5/2/2017 11:14:16 AM:877,-0.5189016,1.770977,-0.1339768,351.4721,267.7832,0.2352464,Head
5/2/2017 11:14:16 AM:934,-0.5188428,1.770896,-0.133606,351.4722,267.809,0.1920136,Head
5/2/2017 11:14:17 AM:7,-0.5189168,1.770833,-0.1328556,351.5288,267.96,0.1112304,Head
5/2/2017 11:14:17 AM:84,-0.5190959,1.77066,-0.1319898,351.6583,268.1813,0.01053389,Head
5/2/2017 11:14:17 AM:149,-0.5191182,1.770599,-0.1316265,351.6867,268.3372,359.9833,Head
5/2/2017 11:14:17 AM:205,-0.5193172,1.770632,-0.1309083,351.7151,268.49,359.9333,Head
5/2/2017 11:14:17 AM:266,-0.5192295,1.770578,-0.1306111,351.7166,268.6338,359.8656,Head
5/2/2017 11:14:17 AM:319,-0.5193624,1.770535,-0.1304655,351.7338,268.7392,359.8015,Head
5/2/2017 11:14:17 AM:398,-0.5195453,1.770498,-0.1299387,351.8085,268.8806,359.6934,Head
5/2/2017 11:14:17 AM:465,-0.5195941,1.770384,-0.1297011,351.8532,268.9373,359.7415,Head
5/2/2017 11:14:17 AM:532,-0.5195541,1.770316,-0.1296746,351.97,269.0219,359.7717,Head
5/2/2017 11:14:17 AM:585,-0.5195082,1.770195,-0.1295172,352.0817,269.0423,359.7759,Head
5/2/2017 11:14:17 AM:659,-0.5191754,1.769833,-0.1294473,352.1648,269.0065,359.683,Head
5/2/2017 11:14:17 AM:729,-0.5189767,1.769972,-0.1294809,352.1243,269.0457,359.6758,Head
5/2/2017 11:14:17 AM:795,-0.5186456,1.769776,-0.1295189,352.2104,269.0143,359.6443,Head
5/2/2017 11:14:17 AM:889,-0.518249,1.769277,-0.12948,352.5877,268.982,359.6217,Head
5/2/2017 11:14:17 AM:970,-0.5184743,1.76903,-0.1300203,352.9431,268.8269,359.5986,Head
5/2/2017 11:14:18 AM:24,-0.5184158,1.768928,-0.1302513,353.019,268.5315,359.6249,Head
5/2/2017 11:14:18 AM:88,-0.518126,1.768712,-0.1320484,353.132,266.8274,359.4089,Head
5/2/2017 11:14:18 AM:145,-0.5178324,1.767789,-0.1353576,353.7482,263.7792,359.3454,Head
5/2/2017 11:14:18 AM:194,-0.5177236,1.76631,-0.1376574,354.8575,262.7094,0.05645486,Head
5/2/2017 11:14:18 AM:254,-0.5178834,1.765517,-0.1391612,355.4344,262.102,0.4822588,Head
5/2/2017 11:14:18 AM:340,-0.5175391,1.764241,-0.1436609,356.1637,259.3737,0.5436293,Head
5/2/2017 11:14:18 AM:401,-0.5173811,1.763923,-0.1449472,356.3398,258.5746,0.6368158,Head
5/2/2017 11:14:18 AM:493,-0.5159041,1.762885,-0.147837,357.1101,257.264,1.217031,Head
5/2/2017 11:14:18 AM:564,-0.515309,1.762531,-0.1485823,357.4158,257.2054,1.219643,Head
5/2/2017 11:14:18 AM:636,-0.514662,1.762097,-0.1493008,357.7169,256.9808,1.112735,Head
5/2/2017 11:14:18 AM:714,-0.5132557,1.761916,-0.1506357,357.9116,256.8217,1.131672,Head
5/2/2017 11:14:18 AM:778,-0.5126837,1.762178,-0.1510386,357.8044,256.8064,1.183444,Head
5/2/2017 11:14:18 AM:841,-0.5121757,1.762079,-0.1515636,357.7437,256.6357,1.186247,Head
5/2/2017 11:14:18 AM:917,-0.511928,1.762462,-0.1524627,357.3965,255.74,0.7279466,Head
5/2/2017 11:14:18 AM:996,-0.511421,1.762288,-0.1545588,357.3628,254.286,0.4005226,Head
5/2/2017 11:14:19 AM:60,-0.5111759,1.76225,-0.1557202,357.4085,253.4641,0.4736728,Head
5/2/2017 11:14:19 AM:117,-0.5111011,1.762229,-0.1568983,357.4167,252.7874,0.434062,Head
5/2/2017 11:14:19 AM:185,-0.5111576,1.762177,-0.1578165,357.5198,252.4211,0.5366033,Head
5/2/2017 11:14:19 AM:242,-0.5113304,1.761731,-0.1587103,357.7651,252.2902,0.5553792,Head
5/2/2017 11:14:19 AM:310,-0.5118963,1.761241,-0.1591347,358.0546,252.5211,0.5799963,Head
5/2/2017 11:14:19 AM:387,-0.5121891,1.760981,-0.1592573,358.327,253.1868,0.481478,Head
5/2/2017 11:14:19 AM:456,-0.5125396,1.761025,-0.1589353,358.3895,253.6326,0.4022873,Head
5/2/2017 11:14:19 AM:517,-0.5126138,1.760804,-0.1585376,358.4478,254.0426,0.3554338,Head
5/2/2017 11:14:19 AM:575,-0.5129816,1.760759,-0.1583613,358.4976,254.3988,0.415575,Head
5/2/2017 11:14:19 AM:625,-0.5132878,1.760967,-0.1578141,358.3489,255.3372,0.746261,Head
5/2/2017 11:14:19 AM:695,-0.5138686,1.76154,-0.1564461,357.9246,257.158,1.383448,Head
5/2/2017 11:14:19 AM:776,-0.5145304,1.761954,-0.1553003,357.6109,258.0615,1.314157,Head
5/2/2017 11:14:19 AM:837,-0.514864,1.762475,-0.1545115,357.2055,258.4473,1.250319,Head
5/2/2017 11:14:19 AM:899,-0.5151837,1.76305,-0.1538433,356.6665,258.9934,1.052162,Head
5/2/2017 11:14:19 AM:974,-0.5153359,1.763129,-0.1521391,356.3246,259.8223,0.9821658,Head
5/2/2017 11:14:20 AM:42,-0.5154464,1.763051,-0.1518575,356.4316,259.9641,1.016568,Head
5/2/2017 11:14:20 AM:104,-0.5156371,1.76295,-0.1514359,356.5364,260.0139,1.010624,Head
5/2/2017 11:14:20 AM:158,-0.5160552,1.762594,-0.1511343,356.7094,259.9457,0.9178726,Head
5/2/2017 11:14:20 AM:216,-0.5167722,1.762333,-0.1507072,356.9644,259.8745,0.8093058,Head
5/2/2017 11:14:20 AM:282,-0.5179664,1.761529,-0.1501054,357.4905,259.9161,0.6573687,Head
5/2/2017 11:14:20 AM:365,-0.5195546,1.760237,-0.1491935,358.3216,260.2417,0.4926368,Head
5/2/2017 11:14:20 AM:437,-0.5208328,1.760366,-0.1487919,358.255,260.4849,0.3875175,Head
5/2/2017 11:14:20 AM:497,-0.5219255,1.760104,-0.1484251,358.4265,260.6442,0.3193766,Head
5/2/2017 11:14:20 AM:568,-0.5237466,1.758828,-0.1481661,359.1481,260.9461,0.2303838,Head
5/2/2017 11:14:20 AM:650,-0.5254948,1.757785,-0.148344,359.8929,261.0948,0.3847374,Head
5/2/2017 11:14:20 AM:722,-0.5267239,1.756431,-0.148548,0.8300993,260.9514,0.417017,Head
5/2/2017 11:14:20 AM:783,-0.5284278,1.752011,-0.1496525,3.643743,260.1343,1.197329,Head
5/2/2017 11:14:20 AM:863,-0.5322146,1.740956,-0.1543441,10.59979,257.5016,1.251516,Head
5/2/2017 11:14:20 AM:919,-0.5340692,1.739028,-0.1555412,11.44301,256.8125,1.132188,Head
5/2/2017 11:14:20 AM:976,-0.536391,1.736985,-0.1570674,12.66716,256.3463,0.8261163,Head
5/2/2017 11:14:21 AM:37,-0.5385329,1.736143,-0.1578299,13.24482,256.62,0.8185813,Head
5/2/2017 11:14:21 AM:115,-0.5406937,1.735553,-0.1580996,13.55383,257.5287,0.7592232,Head
5/2/2017 11:14:21 AM:176,-0.5409739,1.735004,-0.1581442,13.84297,258.0849,0.6890314,Head
5/2/2017 11:14:21 AM:234,-0.5415432,1.734412,-0.1578169,14.11433,258.6223,0.7997351,Head
5/2/2017 11:14:21 AM:303,-0.5433086,1.732094,-0.1574588,15.17363,259.726,0.6798717,Head
5/2/2017 11:14:21 AM:385,-0.5441829,1.7297,-0.1558617,16.33297,261.6078,0.7284389,Head
5/2/2017 11:14:21 AM:443,-0.5435412,1.729074,-0.1544013,16.70876,262.7465,0.9251636,Head
5/2/2017 11:14:21 AM:505,-0.5425639,1.72897,-0.1530003,16.8526,264.033,1.151101,Head
5/2/2017 11:14:21 AM:573,-0.5403468,1.730451,-0.1492798,15.99176,266.464,1.441507,Head
5/2/2017 11:14:21 AM:649,-0.5376865,1.732009,-0.1449449,15.22904,268.9163,1.555935,Head
5/2/2017 11:14:21 AM:721,-0.5366285,1.731963,-0.1428284,15.26277,270.0877,1.612371,Head
5/2/2017 11:14:21 AM:775,-0.5362884,1.731902,-0.1402991,15.27597,271.385,1.448859,Head
5/2/2017 11:14:21 AM:829,-0.5364739,1.73164,-0.1373942,15.18769,272.4846,1.179782,Head
5/2/2017 11:14:21 AM:891,-0.5362266,1.730603,-0.1346658,15.72097,273.613,1.060706,Head
5/2/2017 11:14:21 AM:945,-0.5357147,1.729647,-0.1324262,16.29664,274.592,1.144494,Head
5/2/2017 11:14:22 AM:13,-0.5337023,1.730088,-0.129171,16.07781,275.7804,0.8881912,Head
5/2/2017 11:14:22 AM:70,-0.533236,1.730379,-0.1286256,15.96176,276.0342,0.8721781,Head
5/2/2017 11:14:22 AM:123,-0.5321947,1.731097,-0.127317,15.63168,276.6985,0.9092108,Head
5/2/2017 11:14:22 AM:195,-0.5320377,1.732295,-0.1257687,14.76647,277.8806,0.9890594,Head
5/2/2017 11:14:22 AM:266,-0.5316197,1.732794,-0.1250795,14.40011,278.4736,1.161633,Head
5/2/2017 11:14:22 AM:347,-0.530493,1.733387,-0.1240493,13.74361,279.2927,1.322549,Head
5/2/2017 11:14:22 AM:429,-0.5300578,1.733264,-0.1237027,13.62444,279.3881,1.281538,Head
5/2/2017 11:14:22 AM:498,-0.5297691,1.73383,-0.1231688,13.2686,279.79,1.531447,Head
5/2/2017 11:14:22 AM:575,-0.5294214,1.733922,-0.1230656,13.15594,279.8217,1.542957,Head
5/2/2017 11:14:22 AM:650,-0.5279074,1.734875,-0.1222792,12.72964,280.2053,1.777707,Head
5/2/2017 11:14:22 AM:725,-0.5268149,1.736396,-0.1205926,11.93412,281.1164,2.079822,Head
5/2/2017 11:14:22 AM:789,-0.5261101,1.736755,-0.1194567,11.63994,281.8623,2.258429,Head
5/2/2017 11:14:22 AM:849,-0.5257182,1.737099,-0.1185414,11.33255,282.5064,2.508595,Head
5/2/2017 11:14:22 AM:922,-0.5249098,1.73784,-0.1172152,10.91515,283.4749,2.840605,Head
5/2/2017 11:14:23 AM:4,-0.5242284,1.740091,-0.1149351,9.704708,285.1046,3.348106,Head
5/2/2017 11:14:23 AM:76,-0.5239037,1.742274,-0.1125393,8.557468,286.4926,3.692586,Head
5/2/2017 11:14:23 AM:151,-0.5243969,1.743447,-0.1104406,7.719448,287.1882,3.691256,Head
5/2/2017 11:14:23 AM:230,-0.5251709,1.744595,-0.1087697,7.248322,287.367,3.583124,Head
5/2/2017 11:14:23 AM:294,-0.5256631,1.745007,-0.107311,6.947433,287.6251,3.27067,Head
5/2/2017 11:14:23 AM:361,-0.5255944,1.745464,-0.1053259,6.815904,288.0701,2.744365,Head
5/2/2017 11:14:23 AM:423,-0.5247164,1.745813,-0.1002909,7.077035,288.7883,359.7421,Head
5/2/2017 11:14:23 AM:487,-0.5243433,1.746825,-0.09506351,6.544653,290.4928,358.2044,Head
5/2/2017 11:14:23 AM:565,-0.5238841,1.74815,-0.09122401,6.043374,292.7686,358.3221,Head
5/2/2017 11:14:23 AM:623,-0.5243177,1.748264,-0.09022606,5.958983,293.1022,358.3065,Head
5/2/2017 11:14:23 AM:689,-0.5254046,1.747898,-0.08860525,5.985886,293.6039,358.4838,Head
5/2/2017 11:14:23 AM:775,-0.5270406,1.747735,-0.08764102,6.044988,293.9376,358.9358,Head
5/2/2017 11:14:23 AM:842,-0.52767,1.747661,-0.08788162,5.95261,294.2062,359.2155,Head
5/2/2017 11:14:23 AM:890,-0.528327,1.747899,-0.08780542,5.783491,294.3745,359.416,Head
5/2/2017 11:14:23 AM:954,-0.528758,1.747862,-0.08759126,5.689481,294.4684,359.6442,Head
5/2/2017 11:14:24 AM:43,-0.5287569,1.748304,-0.08772233,5.529141,295.0838,359.9776,Head
5/2/2017 11:14:24 AM:105,-0.5283343,1.748586,-0.08751966,5.261964,295.5859,0.06399751,Head
5/2/2017 11:14:24 AM:162,-0.5273631,1.74861,-0.08706887,5.05236,296.1787,0.3349902,Head
5/2/2017 11:14:24 AM:217,-0.5261505,1.749216,-0.0861021,4.712639,297.0342,0.5441986,Head
5/2/2017 11:14:24 AM:281,-0.5247271,1.74977,-0.08491938,4.271187,298.0757,0.8913315,Head
5/2/2017 11:14:24 AM:340,-0.5227411,1.750263,-0.08314721,3.82432,299.3774,1.249248,Head
5/2/2017 11:14:24 AM:416,-0.519482,1.751556,-0.08099291,2.7191,301.6146,1.739346,Head
5/2/2017 11:14:24 AM:489,-0.5182615,1.752557,-0.08004469,1.981871,302.7402,1.861561,Head
5/2/2017 11:14:24 AM:539,-0.516986,1.753366,-0.07860197,1.399162,303.9952,1.936176,Head
5/2/2017 11:14:24 AM:591,-0.5159609,1.753839,-0.07800911,1.030236,304.6421,2.003565,Head
5/2/2017 11:14:24 AM:651,-0.5157331,1.754233,-0.07789443,0.811134,304.7206,1.95094,Head
5/2/2017 11:14:24 AM:713,-0.5159543,1.755733,-0.07826586,359.852,304.0819,1.350703,Head
5/2/2017 11:14:24 AM:785,-0.5145115,1.758894,-0.07853368,358.0167,303.9372,1.055086,Head
5/2/2017 11:14:24 AM:849,-0.5139502,1.759964,-0.07825314,357.4055,303.9793,1.07244,Head
5/2/2017 11:14:24 AM:908,-0.5136305,1.760762,-0.07813739,356.928,303.7574,1.061517,Head
5/2/2017 11:14:24 AM:971,-0.5139831,1.760988,-0.07811631,356.7684,303.4266,1.028191,Head
5/2/2017 11:14:25 AM:20,-0.5145768,1.760798,-0.07785237,356.8743,303.1532,0.9382491,Head
5/2/2017 11:14:25 AM:75,-0.5147443,1.760444,-0.07713437,357.0506,303.2108,0.8917719,Head
5/2/2017 11:14:25 AM:135,-0.515032,1.760128,-0.07640812,357.1941,303.4734,0.8236368,Head
5/2/2017 11:14:25 AM:192,-0.5151237,1.759634,-0.07569361,357.3817,303.8203,0.710894,Head
5/2/2017 11:14:25 AM:246,-0.5151174,1.759576,-0.07500795,357.4758,304.0758,0.6608057,Head
5/2/2017 11:14:25 AM:304,-0.5154191,1.759601,-0.07445653,357.4889,304.1956,0.5044404,Head
5/2/2017 11:14:25 AM:369,-0.5156652,1.759633,-0.07440018,357.4252,304.1884,0.5327233,Head
5/2/2017 11:14:25 AM:434,-0.5155157,1.759542,-0.07442695,357.4307,304.4346,0.6998466,Head
5/2/2017 11:14:25 AM:493,-0.5152975,1.759448,-0.07428539,357.4913,304.7242,0.896297,Head
5/2/2017 11:14:25 AM:544,-0.5147624,1.759308,-0.07426023,357.5131,305.0152,0.8407012,Head
5/2/2017 11:14:25 AM:606,-0.5142631,1.759332,-0.07418745,357.5244,305.2419,0.8571154,Head
5/2/2017 11:14:25 AM:660,-0.5140246,1.759247,-0.07397344,357.5493,305.3153,0.8344108,Head
5/2/2017 11:14:25 AM:724,-0.5139518,1.759411,-0.07428134,357.5646,305.3298,0.8207324,Head
5/2/2017 11:14:25 AM:804,-0.5138969,1.759189,-0.07423815,357.6093,305.4591,0.8652015,Head
5/2/2017 11:14:25 AM:868,-0.514115,1.758987,-0.07471262,357.7068,305.5303,0.8725396,Head
5/2/2017 11:14:25 AM:928,-0.5144297,1.758726,-0.07428652,357.8498,305.765,0.7587117,Head
5/2/2017 11:14:25 AM:986,-0.5145203,1.758742,-0.0739883,357.9037,306.089,0.6822655,Head
5/2/2017 11:14:26 AM:41,-0.5148614,1.758603,-0.07358849,358.0702,306.331,0.653352,Head
5/2/2017 11:14:26 AM:95,-0.5154159,1.758279,-0.07302488,358.2506,306.5215,0.6348717,Head
5/2/2017 11:14:26 AM:148,-0.515903,1.75797,-0.07283649,358.3572,306.7199,0.7354889,Head
5/2/2017 11:14:26 AM:203,-0.5163155,1.757759,-0.07273342,358.437,306.8225,0.8469248,Head
5/2/2017 11:14:26 AM:274,-0.5168468,1.757353,-0.07228985,358.5529,307.1242,0.9741585,Head
5/2/2017 11:14:26 AM:338,-0.5170068,1.757335,-0.07150318,358.6164,307.4946,0.9475563,Head
5/2/2017 11:14:26 AM:395,-0.5170375,1.757292,-0.07080512,358.6583,307.9004,0.9559287,Head
5/2/2017 11:14:26 AM:478,-0.5171871,1.757128,-0.06965415,358.7023,308.7524,0.9028022,Head
5/2/2017 11:14:26 AM:556,-0.517542,1.756781,-0.06920359,358.8009,309.2256,0.8740798,Head
5/2/2017 11:14:26 AM:620,-0.5179426,1.756817,-0.06922058,358.8476,309.2616,0.9978235,Head
5/2/2017 11:14:26 AM:679,-0.5182996,1.756772,-0.069269,358.8281,309.2173,1.031753,Head
5/2/2017 11:14:26 AM:736,-0.5187858,1.756899,-0.06910516,358.8717,309.14,1.042228,Head
5/2/2017 11:14:26 AM:794,-0.5193222,1.75692,-0.06900025,358.947,309.174,1.066847,Head
5/2/2017 11:14:26 AM:849,-0.5200346,1.756855,-0.06863073,359.0224,309.233,1.092569,Head
5/2/2017 11:14:26 AM:934,-0.5207974,1.756749,-0.0686201,359.2463,309.3096,1.022857,Head
5/2/2017 11:14:27 AM:10,-0.5211878,1.757014,-0.06879865,359.2635,309.3304,1.068609,Head
5/2/2017 11:14:27 AM:67,-0.5214019,1.757093,-0.06947462,359.2462,309.2144,1.164455,Head
5/2/2017 11:14:27 AM:146,-0.5208628,1.757055,-0.07028274,359.1834,308.9739,1.050071,Head
5/2/2017 11:14:27 AM:217,-0.52051,1.75721,-0.07044652,359.1597,308.9496,1.014251,Head
5/2/2017 11:14:27 AM:267,-0.5199248,1.757126,-0.07056267,359.1495,308.9909,0.9507625,Head
5/2/2017 11:14:27 AM:325,-0.5194474,1.75721,-0.07049242,359.1268,309.0244,0.926111,Head
5/2/2017 11:14:27 AM:387,-0.5185722,1.757224,-0.07049032,359.1408,309.0209,0.8700144,Head
5/2/2017 11:14:27 AM:480,-0.5171707,1.75725,-0.07088944,359.0762,308.9984,0.8237849,Head
5/2/2017 11:14:27 AM:550,-0.5165309,1.757281,-0.07094227,359.0556,308.9794,0.811908,Head
5/2/2017 11:14:27 AM:623,-0.5152414,1.757397,-0.0711878,358.9434,308.9281,0.7562861,Head
5/2/2017 11:14:27 AM:683,-0.5150503,1.757456,-0.07119392,358.9392,308.9324,0.7480674,Head
5/2/2017 11:14:27 AM:743,-0.5144981,1.757443,-0.07117485,358.9228,308.8964,0.7288219,Head
5/2/2017 11:14:27 AM:798,-0.5141147,1.757376,-0.07123365,358.9618,308.8649,0.7005109,Head
5/2/2017 11:14:27 AM:847,-0.5139862,1.757314,-0.07117797,358.9602,308.8024,0.7496282,Head
5/2/2017 11:14:27 AM:911,-0.513738,1.757464,-0.07116385,358.9603,308.6503,0.7777482,Head
5/2/2017 11:14:27 AM:980,-0.5135013,1.757561,-0.07115898,358.9293,308.3848,0.8012471,Head
5/2/2017 11:14:28 AM:54,-0.5135286,1.757478,-0.07122716,358.994,308.2945,0.7558694,Head
5/2/2017 11:14:28 AM:139,-0.5133708,1.757283,-0.07103516,359.091,308.2175,0.7529894,Head
5/2/2017 11:14:28 AM:206,-0.5133029,1.757279,-0.07082228,359.1327,308.2136,0.7395477,Head
5/2/2017 11:14:28 AM:262,-0.5132688,1.757207,-0.07077021,359.1815,308.2369,0.7370355,Head
5/2/2017 11:14:28 AM:373,-0.5133322,1.756783,-0.07098322,359.2038,308.2929,0.7759264,Head
5/2/2017 11:14:28 AM:441,-0.513295,1.756862,-0.07096052,359.2032,308.3043,0.7653578,Head
5/2/2017 11:14:28 AM:504,-0.5134745,1.756799,-0.07091477,359.2408,308.3434,0.7802851,Head
5/2/2017 11:14:28 AM:582,-0.5139251,1.756822,-0.07092825,359.2883,308.3307,0.8151237,Head
5/2/2017 11:14:28 AM:637,-0.5147442,1.756667,-0.07085601,359.3325,308.2747,0.8699704,Head
5/2/2017 11:14:28 AM:698,-0.5155199,1.756455,-0.07101555,359.4641,308.268,0.9153488,Head
5/2/2017 11:14:28 AM:773,-0.5163625,1.756374,-0.07130106,359.5547,308.1729,1.057921,Head
5/2/2017 11:14:28 AM:833,-0.5167761,1.756318,-0.07126521,359.6053,308.0911,1.09881,Head
5/2/2017 11:14:28 AM:897,-0.5171906,1.756262,-0.07118836,359.6525,308.0407,1.135403,Head
5/2/2017 11:14:28 AM:979,-0.5178958,1.756191,-0.07053858,359.7569,308.0885,1.128766,Head
5/2/2017 11:14:29 AM:60,-0.5188862,1.756094,-0.06983783,359.8629,308.1923,1.158569,Head
5/2/2017 11:14:29 AM:119,-0.5190859,1.755898,-0.06981532,359.9142,308.2195,1.170561,Head
