5/2/2017 12:31:31 PM:772,0,0,0,0,0,0,LeftController
5/2/2017 12:31:31 PM:819,-0.2847635,0.8524874,-0.3382158,27.26807,303.9565,347.9927,LeftController
5/2/2017 12:31:31 PM:873,-0.284259,0.8524855,-0.3378408,27.23522,303.8885,348.0181,LeftController
5/2/2017 12:31:31 PM:909,-0.2842041,0.8526281,-0.3378687,27.23113,303.8603,347.9999,LeftController
5/2/2017 12:31:31 PM:946,-0.2844445,0.8524644,-0.3381846,27.23624,303.8408,348.0091,LeftController
5/2/2017 12:31:31 PM:992,-0.2843493,0.8525169,-0.3381248,27.21469,303.8667,347.9945,LeftController
5/2/2017 12:31:32 PM:55,-0.2842947,0.8523831,-0.3381066,27.23766,303.9161,348.0222,LeftController
5/2/2017 12:31:32 PM:86,-0.2843899,0.8523564,-0.338311,27.25008,303.8753,348.0499,LeftController
5/2/2017 12:31:32 PM:120,-0.2845492,0.852373,-0.3380754,27.26186,303.8486,348.0379,LeftController
5/2/2017 12:31:32 PM:153,-0.2843827,0.8522528,-0.3380504,27.21203,303.8867,347.9945,LeftController
5/2/2017 12:31:32 PM:194,-0.2845516,0.8523101,-0.3381763,27.23577,303.8974,348.0167,LeftController
5/2/2017 12:31:32 PM:237,-0.2847774,0.852163,-0.3382494,27.23195,303.9051,348.0162,LeftController
5/2/2017 12:31:32 PM:283,-0.2845951,0.852306,-0.3380663,27.26667,303.9214,348.0236,LeftController
5/2/2017 12:31:32 PM:319,-0.2844477,0.8525127,-0.3378851,27.24972,303.9226,348.0141,LeftController
5/2/2017 12:31:32 PM:352,-0.2842673,0.8521258,-0.3378608,27.25452,303.9442,348.0497,LeftController
5/2/2017 12:31:32 PM:386,-0.2842598,0.8520378,-0.3376782,27.28398,303.9368,348.0271,LeftController
5/2/2017 12:31:32 PM:420,-0.2845777,0.8521855,-0.3378038,27.33752,303.9615,348.0266,LeftController
5/2/2017 12:31:32 PM:463,-0.2847152,0.852507,-0.338135,27.29276,304.0162,348.0309,LeftController
5/2/2017 12:31:32 PM:497,-0.2847693,0.8523014,-0.3382702,27.31151,303.9747,348.0873,LeftController
5/2/2017 12:31:32 PM:531,-0.2847341,0.8524029,-0.3381777,27.28079,303.9445,348.0797,LeftController
5/2/2017 12:31:32 PM:568,-0.2843337,0.8522301,-0.3379912,27.27734,303.8863,348.0341,LeftController
5/2/2017 12:31:32 PM:609,-0.284686,0.8523262,-0.3380501,27.30963,303.8566,348.014,LeftController
5/2/2017 12:31:32 PM:665,-0.2849065,0.8521653,-0.3379955,27.37528,303.9636,348.0046,LeftController
5/2/2017 12:31:32 PM:697,-0.2851579,0.8523449,-0.3377686,27.37998,304.0207,347.9951,LeftController
5/2/2017 12:31:32 PM:731,-0.2852608,0.8523726,-0.3377221,27.40609,304.0559,348.0258,LeftController
5/2/2017 12:31:32 PM:769,-0.2856666,0.8525187,-0.3378537,27.42626,304.1068,348.0384,LeftController
5/2/2017 12:31:32 PM:810,-0.2858686,0.8524569,-0.3380866,27.448,304.1589,348.0616,LeftController
5/2/2017 12:31:32 PM:846,-0.2860143,0.8527077,-0.3380122,27.42749,304.1501,348.0124,LeftController
5/2/2017 12:31:32 PM:880,-0.28609,0.8527437,-0.3377419,27.45875,304.1405,348.0233,LeftController
5/2/2017 12:31:32 PM:921,-0.2860438,0.8527521,-0.3377137,27.45907,304.1938,348.0493,LeftController
5/2/2017 12:31:32 PM:959,-0.2864721,0.852852,-0.3376086,27.44656,304.2685,348.029,LeftController
5/2/2017 12:31:33 PM:10,-0.2866318,0.8529656,-0.337482,27.48493,304.3082,348.0406,LeftController
5/2/2017 12:31:33 PM:49,-0.2866167,0.8531866,-0.3374338,27.49002,304.4008,348.0222,LeftController
5/2/2017 12:31:33 PM:114,-0.2868866,0.8531948,-0.3376803,27.53451,304.4647,348.0477,LeftController
5/2/2017 12:31:33 PM:168,-0.2874082,0.8534538,-0.3378415,27.5335,304.5639,348.0415,LeftController
5/2/2017 12:31:33 PM:201,-0.2875701,0.8536912,-0.3377638,27.52829,304.5457,348.0214,LeftController
5/2/2017 12:31:33 PM:234,-0.2875994,0.8535147,-0.3379273,27.51905,304.5271,348.0298,LeftController
5/2/2017 12:31:33 PM:268,-0.2875698,0.8535068,-0.3380141,27.53957,304.5554,348.0613,LeftController
5/2/2017 12:31:33 PM:301,-0.2878228,0.8535963,-0.3380649,27.52368,304.5355,348.0054,LeftController
5/2/2017 12:31:33 PM:335,-0.2876312,0.8536562,-0.3381743,27.5746,304.524,348.0164,LeftController
5/2/2017 12:31:33 PM:368,-0.2874542,0.8536651,-0.3380105,27.57887,304.635,348.0157,LeftController
5/2/2017 12:31:33 PM:406,-0.2873684,0.853506,-0.3382783,27.55185,304.571,347.9886,LeftController
5/2/2017 12:31:33 PM:440,-0.2874838,0.8537016,-0.3381815,27.60935,304.6459,348.0058,LeftController
5/2/2017 12:31:33 PM:507,-0.2881881,0.8540682,-0.3376696,27.65681,304.7439,347.936,LeftController
5/2/2017 12:31:33 PM:570,-0.2894239,0.8544831,-0.3379536,27.40877,304.7717,347.9735,LeftController
5/2/2017 12:31:33 PM:633,-0.2897632,0.8547267,-0.3376596,27.39036,304.8085,347.8737,LeftController
5/2/2017 12:31:33 PM:673,-0.2895662,0.8544775,-0.3379979,27.409,304.6667,347.9161,LeftController
5/2/2017 12:31:33 PM:710,-0.2888503,0.8543216,-0.3376286,27.55256,304.8979,347.9647,LeftController
5/2/2017 12:31:33 PM:750,-0.2880284,0.8538891,-0.337142,27.69444,305.1405,348.0757,LeftController
5/2/2017 12:31:33 PM:785,-0.2881665,0.8537136,-0.3372698,27.64728,304.9965,348.1151,LeftController
5/2/2017 12:31:33 PM:829,-0.2884274,0.8537368,-0.3376155,27.65141,305.072,348.0509,LeftController
5/2/2017 12:31:33 PM:883,-0.2895509,0.8538834,-0.3370957,27.70042,305.2919,348.0729,LeftController
5/2/2017 12:31:33 PM:940,-0.2896495,0.8537452,-0.3370829,27.62124,305.3151,347.9965,LeftController
5/2/2017 12:31:33 PM:983,-0.2907914,0.8543031,-0.3368006,27.5468,305.2653,347.9544,LeftController
5/2/2017 12:31:34 PM:33,-0.2916948,0.8541945,-0.3368104,27.4369,305.2234,347.9341,LeftController
5/2/2017 12:31:34 PM:80,-0.2919244,0.8542683,-0.3362396,27.45485,305.3281,347.9715,LeftController
5/2/2017 12:31:34 PM:126,-0.292011,0.854239,-0.3357694,27.39831,305.3625,348.0179,LeftController
5/2/2017 12:31:34 PM:173,-0.2919731,0.8540506,-0.3351805,27.39317,305.3572,348.0894,LeftController
5/2/2017 12:31:34 PM:247,-0.2912364,0.8538322,-0.3350275,27.48222,305.406,348.1882,LeftController
5/2/2017 12:31:34 PM:293,-0.2910328,0.8533056,-0.3352213,27.53159,305.2977,348.1561,LeftController
5/2/2017 12:31:34 PM:333,-0.2908343,0.8528676,-0.3359897,27.55832,305.1163,348.1028,LeftController
5/2/2017 12:31:34 PM:378,-0.2904996,0.8528588,-0.3362985,27.59021,305.0197,348.0907,LeftController
5/2/2017 12:31:34 PM:417,-0.2903994,0.8530248,-0.3361368,27.58968,305.0218,348.1166,LeftController
5/2/2017 12:31:34 PM:459,-0.2904025,0.8530542,-0.336189,27.59531,304.9749,348.143,LeftController
5/2/2017 12:31:34 PM:498,-0.2906904,0.8529871,-0.3359804,27.56351,304.9921,348.0989,LeftController
5/2/2017 12:31:34 PM:549,-0.2909387,0.8528588,-0.3358886,27.5584,304.9273,348.1148,LeftController
5/2/2017 12:31:34 PM:591,-0.2907574,0.8526078,-0.3358371,27.55983,304.9858,348.1331,LeftController
5/2/2017 12:31:34 PM:640,-0.2911197,0.8526863,-0.3357263,27.55991,304.9648,348.1502,LeftController
5/2/2017 12:31:34 PM:683,-0.291405,0.8527627,-0.3356888,27.57713,305.0197,348.1603,LeftController
5/2/2017 12:31:34 PM:733,-0.2916464,0.8527492,-0.3352816,27.61545,305.0283,348.1807,LeftController
5/2/2017 12:31:34 PM:790,-0.2919713,0.8525723,-0.3351896,27.58043,305.1186,348.1564,LeftController
5/2/2017 12:31:34 PM:836,-0.2924639,0.8524659,-0.3350925,27.63734,305.1577,348.1861,LeftController
5/2/2017 12:31:34 PM:881,-0.2925538,0.8525094,-0.3347583,27.61255,305.2049,348.1571,LeftController
5/2/2017 12:31:34 PM:929,-0.2928802,0.8521713,-0.3345044,27.60973,305.2735,348.171,LeftController
5/2/2017 12:31:34 PM:996,-0.2932721,0.8524835,-0.3343229,27.59352,305.3257,348.1622,LeftController
5/2/2017 12:31:35 PM:49,-0.2938641,0.8524767,-0.3343959,27.56051,305.3464,348.1701,LeftController
5/2/2017 12:31:35 PM:95,-0.2944297,0.8526242,-0.3339159,27.62142,305.4392,348.223,LeftController
5/2/2017 12:31:35 PM:138,-0.2950141,0.8526626,-0.3337312,27.51494,305.4906,348.2006,LeftController
5/2/2017 12:31:35 PM:182,-0.2952751,0.8524748,-0.3338926,27.50764,305.4311,348.1769,LeftController
5/2/2017 12:31:35 PM:260,-0.2957742,0.8528054,-0.3334227,27.48217,305.5263,348.1973,LeftController
5/2/2017 12:31:35 PM:346,-0.2959303,0.852492,-0.332958,27.48618,305.5782,348.2194,LeftController
5/2/2017 12:31:35 PM:412,-0.2958654,0.8522553,-0.3330095,27.4665,305.5632,348.2238,LeftController
5/2/2017 12:31:35 PM:477,-0.2960817,0.8522342,-0.332974,27.53487,305.5411,348.2169,LeftController
5/2/2017 12:31:35 PM:541,-0.2960087,0.8524421,-0.3324506,27.60395,305.6724,348.2318,LeftController
5/2/2017 12:31:35 PM:597,-0.2963868,0.8520333,-0.3330731,27.57674,305.6938,348.205,LeftController
5/2/2017 12:31:35 PM:644,-0.2966967,0.8520969,-0.3329389,27.6244,305.7384,348.2266,LeftController
5/2/2017 12:31:35 PM:685,-0.2968413,0.8520578,-0.3328981,27.59297,305.7633,348.1964,LeftController
5/2/2017 12:31:35 PM:732,-0.2969819,0.8522162,-0.3323021,27.63275,305.7644,348.2253,LeftController
5/2/2017 12:31:35 PM:779,-0.2971832,0.8524501,-0.332104,27.63519,305.8375,348.2079,LeftController
5/2/2017 12:31:35 PM:843,-0.2970256,0.8521296,-0.3320532,27.65568,305.816,348.2111,LeftController
5/2/2017 12:31:35 PM:913,-0.2971523,0.8525168,-0.3316391,27.66246,305.705,348.1831,LeftController
5/2/2017 12:31:35 PM:953,-0.2974892,0.8523523,-0.3316715,27.71984,305.8156,348.2533,LeftController
5/2/2017 12:31:36 PM:11,-0.2974885,0.8521465,-0.3323584,27.70217,305.682,348.244,LeftController
5/2/2017 12:31:36 PM:53,-0.2971914,0.8522162,-0.3322995,27.75837,305.6628,348.2061,LeftController
5/2/2017 12:31:36 PM:97,-0.2969402,0.8522707,-0.3322959,27.7505,305.5996,348.2195,LeftController
5/2/2017 12:31:36 PM:145,-0.297277,0.8524587,-0.3322203,27.77175,305.6184,348.2095,LeftController
5/2/2017 12:31:36 PM:192,-0.2976227,0.8524342,-0.3322027,27.78114,305.561,348.1962,LeftController
5/2/2017 12:31:36 PM:258,-0.2983797,0.8525898,-0.3326669,27.77312,305.583,348.2076,LeftController
5/2/2017 12:31:36 PM:317,-0.2986674,0.8524444,-0.3326273,27.77239,305.5448,348.1842,LeftController
5/2/2017 12:31:36 PM:377,-0.2988206,0.8525901,-0.3325851,27.76156,305.6429,348.1931,LeftController
5/2/2017 12:31:36 PM:426,-0.2989168,0.8527648,-0.3322339,27.77213,305.5851,348.1712,LeftController
5/2/2017 12:31:36 PM:465,-0.2993027,0.8527389,-0.3320813,27.75994,305.6346,348.1657,LeftController
5/2/2017 12:31:36 PM:505,-0.2990744,0.8525522,-0.332047,27.77053,305.6228,348.2052,LeftController
5/2/2017 12:31:36 PM:550,-0.2991939,0.8526229,-0.3319824,27.75079,305.6313,348.1724,LeftController
5/2/2017 12:31:36 PM:590,-0.2992824,0.8527222,-0.3323033,27.76396,305.6675,348.2137,LeftController
5/2/2017 12:31:36 PM:651,-0.2993907,0.8529702,-0.3321812,27.76613,305.6551,348.1791,LeftController
5/2/2017 12:31:36 PM:690,-0.299374,0.8527422,-0.3318915,27.76572,305.7326,348.2036,LeftController
5/2/2017 12:31:36 PM:735,-0.2994663,0.8528949,-0.3319738,27.7527,305.6526,348.1539,LeftController
5/2/2017 12:31:36 PM:785,-0.2993267,0.8528473,-0.3322036,27.79081,305.8018,348.2436,LeftController
5/2/2017 12:31:36 PM:850,-0.2995645,0.8527091,-0.3325863,27.76488,305.6273,348.2082,LeftController
5/2/2017 12:31:36 PM:927,-0.29851,0.8526553,-0.3323662,27.77336,305.6582,348.2185,LeftController
5/2/2017 12:31:36 PM:978,-0.2981511,0.8527232,-0.3319595,27.7985,305.6568,348.1933,LeftController
5/2/2017 12:31:37 PM:40,-0.2978905,0.8526345,-0.331924,27.76362,305.7032,348.1635,LeftController
5/2/2017 12:31:37 PM:104,-0.2985429,0.8530622,-0.3324547,27.78956,305.7063,348.2018,LeftController
5/2/2017 12:31:37 PM:151,-0.2980804,0.852778,-0.3323953,27.81055,305.7923,348.1898,LeftController
5/2/2017 12:31:37 PM:197,-0.2978731,0.8529116,-0.332407,27.82065,305.8234,348.1748,LeftController
5/2/2017 12:31:37 PM:243,-0.2980032,0.8532346,-0.3322573,27.85948,305.8682,348.1681,LeftController
5/2/2017 12:31:37 PM:283,-0.2977232,0.8533078,-0.332417,27.84714,305.9396,348.164,LeftController
5/2/2017 12:31:37 PM:323,-0.297917,0.8534218,-0.3326685,27.85703,305.9226,348.161,LeftController
5/2/2017 12:31:37 PM:374,-0.2981254,0.8537968,-0.3327818,27.86255,305.9757,348.1025,LeftController
5/2/2017 12:31:37 PM:438,-0.2978792,0.8542923,-0.3328731,27.86686,306.0575,348.0605,LeftController
5/2/2017 12:31:37 PM:494,-0.2977666,0.8542382,-0.3331096,27.84788,306.0377,348.0648,LeftController
5/2/2017 12:31:37 PM:541,-0.2978195,0.8545369,-0.3333237,27.85706,306.017,348.0245,LeftController
5/2/2017 12:31:37 PM:584,-0.2973443,0.854557,-0.3336344,27.87638,306.0215,348.0837,LeftController
5/2/2017 12:31:37 PM:632,-0.2975183,0.8545609,-0.3337922,27.87671,306.0926,348.0188,LeftController
5/2/2017 12:31:37 PM:674,-0.2976532,0.8546793,-0.3341625,27.89703,305.9395,347.978,LeftController
5/2/2017 12:31:37 PM:723,-0.2968438,0.8548349,-0.3342645,27.89991,305.945,347.9339,LeftController
5/2/2017 12:31:37 PM:773,-0.2967863,0.8547835,-0.3342819,27.91723,306.0302,348.035,LeftController
5/2/2017 12:31:37 PM:831,-0.2964294,0.8549039,-0.3345385,27.88694,305.9686,348.0435,LeftController
5/2/2017 12:31:37 PM:886,-0.2963215,0.8547858,-0.3346434,27.86593,305.8935,347.9564,LeftController
5/2/2017 12:31:37 PM:934,-0.2963506,0.855147,-0.3344545,27.88517,305.8866,347.9567,LeftController
5/2/2017 12:31:37 PM:978,-0.2968029,0.8554637,-0.3347495,27.86835,305.8921,347.9433,LeftController
5/2/2017 12:31:38 PM:20,-0.2966837,0.8553838,-0.3352082,27.87154,305.8706,347.9241,LeftController
5/2/2017 12:31:38 PM:66,-0.2965539,0.8552766,-0.3356159,27.84058,305.8505,347.9198,LeftController
5/2/2017 12:31:38 PM:109,-0.2962935,0.8554994,-0.3351879,27.81456,305.8519,347.907,LeftController
5/2/2017 12:31:38 PM:152,-0.2962021,0.8556495,-0.3351872,27.83152,305.8627,347.9333,LeftController
5/2/2017 12:31:38 PM:202,-0.2959341,0.8554105,-0.3349142,27.83356,305.9012,347.9466,LeftController
5/2/2017 12:31:38 PM:264,-0.2957443,0.8550279,-0.3349593,27.84031,305.9384,347.9845,LeftController
5/2/2017 12:31:38 PM:320,-0.2956938,0.8551394,-0.3347676,27.81435,305.9561,348.0495,LeftController
5/2/2017 12:31:38 PM:366,-0.2955812,0.8552531,-0.3345754,27.78712,305.8342,348.0038,LeftController
5/2/2017 12:31:38 PM:418,-0.2949992,0.8549888,-0.3340185,27.7984,306.0081,348.1019,LeftController
5/2/2017 12:31:38 PM:467,-0.2952033,0.8546107,-0.3342896,27.77608,305.8481,348.1165,LeftController
5/2/2017 12:31:38 PM:539,-0.2941873,0.8543348,-0.3337479,27.78529,305.8587,348.1217,LeftController
5/2/2017 12:31:38 PM:616,-0.2939049,0.8541814,-0.3337293,27.72491,305.8336,348.1266,LeftController
5/2/2017 12:31:38 PM:672,-0.2941197,0.8540288,-0.3338034,27.67475,305.6755,348.1412,LeftController
5/2/2017 12:31:38 PM:737,-0.2935743,0.8535428,-0.333966,27.64232,305.6118,348.1328,LeftController
5/2/2017 12:31:38 PM:796,-0.2930237,0.8534913,-0.3334942,27.64281,305.5438,348.1405,LeftController
5/2/2017 12:31:38 PM:857,-0.2926615,0.853709,-0.3334105,27.577,305.3751,348.1287,LeftController
5/2/2017 12:31:38 PM:913,-0.2928038,0.8534191,-0.3337326,27.58588,305.3373,348.1953,LeftController
5/2/2017 12:31:38 PM:959,-0.2924318,0.8532213,-0.3339016,27.53199,305.274,348.162,LeftController
5/2/2017 12:31:39 PM:24,-0.2923275,0.8533968,-0.3335567,27.47254,305.2201,348.1581,LeftController
5/2/2017 12:31:39 PM:85,-0.2921826,0.8533829,-0.3336372,27.46293,305.1921,348.1384,LeftController
5/2/2017 12:31:39 PM:136,-0.2921534,0.8533204,-0.3339329,27.44293,305.2299,348.1138,LeftController
5/2/2017 12:31:39 PM:203,-0.2920088,0.8533525,-0.3335888,27.48202,305.2452,348.0689,LeftController
5/2/2017 12:31:39 PM:261,-0.2919821,0.8537467,-0.333631,27.39864,305.2744,348.0535,LeftController
5/2/2017 12:31:39 PM:302,-0.2920575,0.8536257,-0.3336055,27.40072,305.2601,348.0578,LeftController
5/2/2017 12:31:39 PM:350,-0.2919626,0.8536744,-0.3337107,27.37649,305.2326,347.975,LeftController
5/2/2017 12:31:39 PM:402,-0.2916254,0.8537471,-0.3335526,27.36778,305.2295,347.9196,LeftController
5/2/2017 12:31:39 PM:471,-0.2906107,0.8538382,-0.3338349,27.33701,305.2413,347.9534,LeftController
5/2/2017 12:31:39 PM:517,-0.2904383,0.8537347,-0.3341241,27.32077,305.2013,347.9936,LeftController
5/2/2017 12:31:39 PM:562,-0.289696,0.8536227,-0.3339696,27.32504,305.1477,347.9883,LeftController
5/2/2017 12:31:39 PM:608,-0.2891285,0.8532935,-0.3340964,27.31597,305.0724,348.0171,LeftController
5/2/2017 12:31:39 PM:671,-0.2885419,0.8536704,-0.3343055,27.28035,304.965,348.0182,LeftController
5/2/2017 12:31:39 PM:728,-0.2877327,0.8535438,-0.3343847,27.24217,304.9067,348.0387,LeftController
5/2/2017 12:31:39 PM:779,-0.2875342,0.8534025,-0.3344901,27.24728,304.8242,348.045,LeftController
5/2/2017 12:31:39 PM:841,-0.2866375,0.8532907,-0.335021,27.22775,304.7979,348.0625,LeftController
5/2/2017 12:31:39 PM:898,-0.2864531,0.8531977,-0.3349402,27.2399,304.6655,348.0739,LeftController
5/2/2017 12:31:39 PM:947,-0.2863457,0.8532079,-0.3349376,27.18619,304.6761,348.0559,LeftController
5/2/2017 12:31:39 PM:990,-0.2857939,0.8533006,-0.3349645,27.20883,304.6084,348.0295,LeftController
5/2/2017 12:31:40 PM:34,-0.2855769,0.8531842,-0.335357,27.22531,304.6456,348.0597,LeftController
5/2/2017 12:31:40 PM:100,-0.2852494,0.8530464,-0.3354592,27.20726,304.5493,348.0736,LeftController
5/2/2017 12:31:40 PM:154,-0.2850703,0.8531233,-0.3352368,27.22214,304.4804,348.0372,LeftController
5/2/2017 12:31:40 PM:203,-0.2851104,0.853102,-0.3353441,27.23185,304.467,348.0002,LeftController
5/2/2017 12:31:40 PM:284,-0.2854555,0.8532504,-0.3355279,27.25064,304.484,347.977,LeftController
5/2/2017 12:31:40 PM:335,-0.2854233,0.8532497,-0.3354554,27.25899,304.5015,347.9971,LeftController
5/2/2017 12:31:40 PM:385,-0.2854822,0.8532006,-0.3352957,27.27837,304.4994,347.9791,LeftController
5/2/2017 12:31:40 PM:458,-0.2862964,0.8530031,-0.3354294,27.28128,304.6125,347.9811,LeftController
5/2/2017 12:31:40 PM:516,-0.2870394,0.8532263,-0.3350611,27.28526,304.6596,347.9765,LeftController
5/2/2017 12:31:40 PM:565,-0.2875264,0.853173,-0.3349061,27.29298,304.7149,348.002,LeftController
5/2/2017 12:31:40 PM:619,-0.287994,0.8529475,-0.3347647,27.31679,304.7453,347.9893,LeftController
5/2/2017 12:31:40 PM:682,-0.2884365,0.8529187,-0.3345535,27.32414,304.7871,348.0396,LeftController
5/2/2017 12:31:40 PM:735,-0.2887764,0.8527546,-0.3348958,27.3194,304.7501,348.0691,LeftController
5/2/2017 12:31:40 PM:781,-0.2891146,0.8528954,-0.334564,27.33154,304.7882,348.0838,LeftController
5/2/2017 12:31:40 PM:826,-0.2893471,0.8528943,-0.3343294,27.36736,304.731,348.0328,LeftController
5/2/2017 12:31:40 PM:866,-0.2898151,0.8528929,-0.3342319,27.37346,304.7913,348.0472,LeftController
5/2/2017 12:31:40 PM:918,-0.2897997,0.8528212,-0.334301,27.33363,304.718,348.1105,LeftController
5/2/2017 12:31:40 PM:974,-0.2902124,0.8529398,-0.3341775,27.31479,304.6507,348.1013,LeftController
5/2/2017 12:31:41 PM:13,-0.2904111,0.852999,-0.3340275,27.28532,304.636,348.0386,LeftController
5/2/2017 12:31:41 PM:67,-0.2909971,0.8530735,-0.3339648,27.31975,304.6414,348.0186,LeftController
5/2/2017 12:31:41 PM:126,-0.2911787,0.8527284,-0.3339758,27.34381,304.7357,348.0353,LeftController
5/2/2017 12:31:41 PM:184,-0.2915102,0.8529229,-0.3339396,27.35593,304.7432,348.032,LeftController
5/2/2017 12:31:41 PM:231,-0.2915368,0.8529996,-0.3340869,27.37955,304.7939,348.0196,LeftController
5/2/2017 12:31:41 PM:298,-0.2916467,0.8527303,-0.3342752,27.40769,304.9589,347.9682,LeftController
5/2/2017 12:31:41 PM:356,-0.2917527,0.8530375,-0.3335388,27.44935,305.0838,347.9509,LeftController
5/2/2017 12:31:41 PM:403,-0.2918699,0.8527961,-0.3334022,27.48513,305.1874,347.9901,LeftController
5/2/2017 12:31:41 PM:464,-0.2919209,0.8529056,-0.3334293,27.51217,305.2802,347.9633,LeftController
5/2/2017 12:31:41 PM:509,-0.291854,0.8529092,-0.333271,27.5168,305.322,347.9425,LeftController
5/2/2017 12:31:41 PM:558,-0.2918726,0.8529348,-0.3331516,27.55875,305.4048,347.9753,LeftController
5/2/2017 12:31:41 PM:597,-0.2917938,0.852936,-0.332762,27.57585,305.4982,347.9572,LeftController
5/2/2017 12:31:41 PM:656,-0.2918185,0.8529052,-0.332623,27.60621,305.5412,347.9713,LeftController
5/2/2017 12:31:41 PM:717,-0.2917116,0.8531126,-0.332947,27.60365,305.762,348.0264,LeftController
5/2/2017 12:31:41 PM:773,-0.2917939,0.8531207,-0.3331711,27.63461,305.7278,348.0978,LeftController
5/2/2017 12:31:41 PM:826,-0.2918361,0.8532652,-0.3332808,27.62138,305.6904,348.0611,LeftController
5/2/2017 12:31:41 PM:884,-0.2918199,0.8533407,-0.3333213,27.64372,305.6962,348.0344,LeftController
5/2/2017 12:31:41 PM:926,-0.2919577,0.8533874,-0.3328233,27.65561,305.7503,348.0343,LeftController
5/2/2017 12:31:41 PM:973,-0.292629,0.8536562,-0.333127,27.66266,305.777,348.0696,LeftController
5/2/2017 12:31:42 PM:15,-0.2929159,0.8535644,-0.3334889,27.6539,305.7864,348.0946,LeftController
5/2/2017 12:31:42 PM:52,-0.2931875,0.8538573,-0.3334045,27.65416,305.7433,348.0903,LeftController
5/2/2017 12:31:42 PM:90,-0.2930442,0.8541142,-0.3334026,27.61434,305.7276,348.0674,LeftController
5/2/2017 12:31:42 PM:149,-0.2930057,0.8540947,-0.3334646,27.63533,305.6691,348.1136,LeftController
5/2/2017 12:31:42 PM:189,-0.2931814,0.8541577,-0.3336101,27.59407,305.5987,348.1042,LeftController
5/2/2017 12:31:42 PM:230,-0.2931771,0.8539197,-0.3337095,27.57061,305.5411,348.1255,LeftController
5/2/2017 12:31:42 PM:273,-0.2930753,0.8537482,-0.3336105,27.57465,305.5308,348.1453,LeftController
5/2/2017 12:31:42 PM:311,-0.2932898,0.8539649,-0.3334761,27.56562,305.5203,348.1524,LeftController
5/2/2017 12:31:42 PM:353,-0.2930374,0.8539038,-0.3334162,27.56075,305.5253,348.1679,LeftController
5/2/2017 12:31:42 PM:403,-0.2930945,0.853681,-0.3334384,27.58479,305.4791,348.1964,LeftController
5/2/2017 12:31:42 PM:457,-0.2933179,0.8536835,-0.3334074,27.55541,305.5055,348.2371,LeftController
5/2/2017 12:31:42 PM:510,-0.2933182,0.8538194,-0.3335361,27.58636,305.422,348.2321,LeftController
5/2/2017 12:31:42 PM:580,-0.2929091,0.8536904,-0.3336618,27.51147,305.4955,348.2204,LeftController
5/2/2017 12:31:42 PM:621,-0.2930621,0.8535752,-0.3336341,27.56012,305.4944,348.2902,LeftController
5/2/2017 12:31:42 PM:678,-0.2933822,0.8534448,-0.3339374,27.57613,305.3581,348.2429,LeftController
5/2/2017 12:31:42 PM:751,-0.292869,0.8531321,-0.3334346,27.55774,305.3293,348.2211,LeftController
5/2/2017 12:31:42 PM:797,-0.2930837,0.8530772,-0.3336987,27.5417,305.3344,348.2949,LeftController
5/2/2017 12:31:42 PM:840,-0.2931989,0.8528694,-0.333775,27.5657,305.2845,348.2892,LeftController
5/2/2017 12:31:42 PM:886,-0.2929808,0.8527313,-0.3339832,27.54229,305.2655,348.2456,LeftController
5/2/2017 12:31:42 PM:949,-0.2930561,0.8527861,-0.3336086,27.59206,305.1798,348.2798,LeftController
5/2/2017 12:31:43 PM:5,-0.2933818,0.8529278,-0.3335481,27.56746,305.1395,348.2621,LeftController
5/2/2017 12:31:43 PM:50,-0.2935249,0.8525678,-0.333813,27.5654,305.1065,348.2841,LeftController
5/2/2017 12:31:43 PM:102,-0.2936282,0.8526593,-0.3340061,27.57556,305.0612,348.2974,LeftController
5/2/2017 12:31:43 PM:167,-0.2936791,0.852757,-0.3338184,27.57966,304.9893,348.2473,LeftController
5/2/2017 12:31:43 PM:234,-0.2938595,0.8527392,-0.3339095,27.57508,305.0098,348.2571,LeftController
5/2/2017 12:31:43 PM:284,-0.2940594,0.8525493,-0.33372,27.62456,304.9666,348.2836,LeftController
5/2/2017 12:31:43 PM:333,-0.293799,0.852524,-0.333791,27.59196,304.9113,348.2365,LeftController
5/2/2017 12:31:43 PM:393,-0.2941042,0.8524978,-0.3337674,27.62882,304.9572,348.2534,LeftController
5/2/2017 12:31:43 PM:452,-0.2942811,0.8521204,-0.3339133,27.6455,304.8596,348.3425,LeftController
5/2/2017 12:31:43 PM:561,-0.2945913,0.8524644,-0.3334627,27.64552,304.7484,348.2349,LeftController
5/2/2017 12:31:43 PM:630,-0.2946357,0.8520951,-0.3335774,27.64664,304.7057,348.2425,LeftController
5/2/2017 12:31:43 PM:700,-0.2950337,0.8521336,-0.3336425,27.65781,304.6078,348.2856,LeftController
5/2/2017 12:31:43 PM:760,-0.2955252,0.8522944,-0.3338931,27.63774,304.5879,348.261,LeftController
5/2/2017 12:31:43 PM:839,-0.2960961,0.8525519,-0.3336103,27.66647,304.6433,348.1844,LeftController
5/2/2017 12:31:43 PM:908,-0.2967857,0.8523766,-0.3337846,27.67301,304.6594,348.1768,LeftController
5/2/2017 12:31:43 PM:974,-0.2976233,0.8526037,-0.3334398,27.64221,304.5703,348.1592,LeftController
5/2/2017 12:31:44 PM:28,-0.2977271,0.8525807,-0.3333113,27.61471,304.5796,348.1503,LeftController
5/2/2017 12:31:44 PM:78,-0.2980262,0.8525842,-0.3334484,27.59118,304.6266,348.1518,LeftController
5/2/2017 12:31:44 PM:126,-0.2985532,0.8525091,-0.3332937,27.59468,304.7028,348.139,LeftController
5/2/2017 12:31:44 PM:169,-0.2990201,0.8524889,-0.3330629,27.62167,304.7177,348.1091,LeftController
5/2/2017 12:31:44 PM:229,-0.2995428,0.852409,-0.3330483,27.59105,304.9184,348.1419,LeftController
5/2/2017 12:31:44 PM:286,-0.2996151,0.8524232,-0.3330112,27.63779,304.9366,348.2034,LeftController
5/2/2017 12:31:44 PM:339,-0.2994906,0.8523412,-0.332895,27.60293,304.9694,348.1012,LeftController
5/2/2017 12:31:44 PM:390,-0.2994914,0.8520573,-0.3327866,27.62426,304.9193,348.1317,LeftController
5/2/2017 12:31:44 PM:454,-0.2992474,0.8518101,-0.3328791,27.59359,304.9159,348.1647,LeftController
5/2/2017 12:31:44 PM:508,-0.2992141,0.8521347,-0.3331203,27.60124,304.827,348.2183,LeftController
5/2/2017 12:31:44 PM:543,-0.2993007,0.8523352,-0.3329394,27.61796,304.8599,348.209,LeftController
5/2/2017 12:31:44 PM:599,-0.2993692,0.8521904,-0.3325465,27.66094,304.9353,348.1915,LeftController
5/2/2017 12:31:44 PM:648,-0.299565,0.8522638,-0.3325317,27.69868,305.0163,348.174,LeftController
5/2/2017 12:31:44 PM:721,-0.2994651,0.8520103,-0.3328376,27.72392,304.9911,348.1452,LeftController
5/2/2017 12:31:44 PM:785,-0.2991679,0.8518742,-0.332855,27.72924,304.8475,348.1649,LeftController
5/2/2017 12:31:44 PM:827,-0.2993834,0.8519239,-0.332783,27.71601,304.8321,348.1564,LeftController
5/2/2017 12:31:44 PM:870,-0.2994533,0.8520347,-0.3327792,27.70139,304.7681,348.1296,LeftController
5/2/2017 12:31:44 PM:917,-0.2996883,0.8519804,-0.3329506,27.67973,304.6928,348.1234,LeftController
5/2/2017 12:31:44 PM:961,-0.2998149,0.8520372,-0.3328664,27.69045,304.6623,348.1291,LeftController
5/2/2017 12:31:45 PM:5,-0.2997144,0.8523686,-0.332711,27.70466,304.627,348.0736,LeftController
5/2/2017 12:31:45 PM:57,-0.2997268,0.8521442,-0.332427,27.70835,304.713,348.0783,LeftController
5/2/2017 12:31:45 PM:100,-0.3002347,0.8520958,-0.3325312,27.71219,304.6967,348.119,LeftController
5/2/2017 12:31:45 PM:140,-0.300285,0.8521688,-0.3325727,27.6973,304.6584,348.1135,LeftController
5/2/2017 12:31:45 PM:203,-0.3008248,0.8525016,-0.3326125,27.69257,304.6689,348.0627,LeftController
5/2/2017 12:31:45 PM:257,-0.3009725,0.8525318,-0.332829,27.69539,304.7148,348.0361,LeftController
5/2/2017 12:31:45 PM:309,-0.3010111,0.8524584,-0.3331201,27.67559,304.7226,348.0443,LeftController
5/2/2017 12:31:45 PM:361,-0.3010257,0.8528779,-0.3329153,27.6198,304.6045,347.9998,LeftController
5/2/2017 12:31:45 PM:431,-0.301445,0.8527598,-0.3328841,27.56815,304.5146,347.906,LeftController
5/2/2017 12:31:45 PM:488,-0.3015742,0.8530456,-0.332927,27.54905,304.4862,347.8468,LeftController
5/2/2017 12:31:45 PM:537,-0.3016068,0.8531537,-0.3333142,27.55214,304.4868,347.8395,LeftController
5/2/2017 12:31:45 PM:610,-0.3011931,0.8535844,-0.3333211,27.50629,304.5986,347.878,LeftController
5/2/2017 12:31:45 PM:689,-0.3009361,0.8540759,-0.3333192,27.46138,304.6199,347.8406,LeftController
5/2/2017 12:31:45 PM:751,-0.2999214,0.8540854,-0.3335261,27.40993,304.5185,347.8247,LeftController
5/2/2017 12:31:45 PM:801,-0.2994088,0.8541614,-0.3335989,27.34278,304.4831,347.7908,LeftController
5/2/2017 12:31:45 PM:861,-0.2985474,0.8545157,-0.3346698,27.32688,304.3899,347.8784,LeftController
5/2/2017 12:31:45 PM:920,-0.2977232,0.8543738,-0.3352184,27.26027,304.3625,347.8708,LeftController
5/2/2017 12:31:45 PM:961,-0.2969177,0.8548568,-0.3354132,27.27082,304.2955,347.8582,LeftController
5/2/2017 12:31:46 PM:6,-0.2957387,0.8548294,-0.3354368,27.26893,304.2162,347.8005,LeftController
5/2/2017 12:31:46 PM:43,-0.295127,0.8549547,-0.3354225,27.27141,304.2094,347.7916,LeftController
5/2/2017 12:31:46 PM:87,-0.294398,0.8551124,-0.3359127,27.31774,304.1887,347.8472,LeftController
5/2/2017 12:31:46 PM:155,-0.2929708,0.8553597,-0.3361497,27.24771,304.1071,347.8381,LeftController
5/2/2017 12:31:46 PM:219,-0.2923391,0.8553809,-0.3370018,27.25141,304.0408,347.8111,LeftController
5/2/2017 12:31:46 PM:268,-0.2918931,0.8555174,-0.3372331,27.26016,304.0528,347.7906,LeftController
5/2/2017 12:31:46 PM:325,-0.2910584,0.8559859,-0.3373387,27.23334,304.0697,347.7587,LeftController
5/2/2017 12:31:46 PM:389,-0.2904848,0.8561932,-0.3380129,27.17784,303.9625,347.7703,LeftController
5/2/2017 12:31:46 PM:442,-0.2900773,0.8563913,-0.3381331,27.15129,303.8442,347.6949,LeftController
5/2/2017 12:31:46 PM:490,-0.2896409,0.8564237,-0.3381867,27.09354,303.8369,347.6553,LeftController
5/2/2017 12:31:46 PM:538,-0.2893519,0.8566616,-0.3383472,27.07847,303.8492,347.5976,LeftController
5/2/2017 12:31:46 PM:599,-0.2882359,0.856425,-0.3384843,27.04298,303.8757,347.5686,LeftController
5/2/2017 12:31:46 PM:665,-0.2874724,0.8568085,-0.3389792,27.01805,303.7972,347.5507,LeftController
5/2/2017 12:31:46 PM:744,-0.2867454,0.8568249,-0.3393657,26.9858,303.8547,347.5362,LeftController
5/2/2017 12:31:46 PM:819,-0.2856036,0.8565149,-0.3397043,26.97071,303.7382,347.4985,LeftController
5/2/2017 12:31:46 PM:880,-0.2847769,0.8566424,-0.3402009,26.94801,303.7093,347.4744,LeftController
5/2/2017 12:31:46 PM:933,-0.2838489,0.8568469,-0.340276,27.00356,303.7949,347.5262,LeftController
5/2/2017 12:31:47 PM:0,-0.2819167,0.8563908,-0.3407443,27.05536,303.7647,347.657,LeftController
5/2/2017 12:31:47 PM:60,-0.2812378,0.8560961,-0.341269,27.09269,303.575,347.6683,LeftController
5/2/2017 12:31:47 PM:126,-0.2806898,0.8561298,-0.3417633,27.05668,303.3087,347.6795,LeftController
5/2/2017 12:31:47 PM:194,-0.2801726,0.8559264,-0.3426433,27.01075,303.0505,347.7428,LeftController
5/2/2017 12:31:47 PM:246,-0.2797894,0.8555653,-0.342648,27.04134,302.9447,347.7419,LeftController
5/2/2017 12:31:47 PM:295,-0.2797494,0.8556522,-0.3426654,27.0789,302.9067,347.7434,LeftController
5/2/2017 12:31:47 PM:358,-0.2802275,0.8552796,-0.3427765,27.09577,302.8638,347.7384,LeftController
5/2/2017 12:31:47 PM:425,-0.2813385,0.8550428,-0.3416698,27.04461,302.8494,347.647,LeftController
5/2/2017 12:31:47 PM:480,-0.2821252,0.8552105,-0.3413861,27.03941,302.8011,347.6173,LeftController
5/2/2017 12:31:47 PM:568,-0.2829691,0.8554124,-0.3412609,26.99947,302.9817,347.59,LeftController
5/2/2017 12:31:47 PM:640,-0.2835056,0.8551115,-0.3407974,27.01336,302.9932,347.5479,LeftController
5/2/2017 12:31:47 PM:694,-0.2836558,0.8547363,-0.3401556,27.03909,303.0047,347.529,LeftController
5/2/2017 12:31:47 PM:741,-0.2842585,0.8548574,-0.3399384,27.03222,303.115,347.5099,LeftController
5/2/2017 12:31:47 PM:788,-0.2843759,0.8548964,-0.339617,26.99268,303.1593,347.507,LeftController
5/2/2017 12:31:47 PM:844,-0.2847971,0.854789,-0.339762,27.01259,303.1137,347.5322,LeftController
5/2/2017 12:31:47 PM:898,-0.2847999,0.8548577,-0.3396544,26.95916,303.0244,347.472,LeftController
5/2/2017 12:31:47 PM:975,-0.2847365,0.8548555,-0.3395848,26.95051,302.9897,347.4448,LeftController
5/2/2017 12:31:48 PM:30,-0.2847586,0.8547919,-0.3393402,26.98065,302.9225,347.4171,LeftController
5/2/2017 12:31:48 PM:82,-0.2847273,0.8546723,-0.3395665,26.97974,302.8701,347.4287,LeftController
5/2/2017 12:31:48 PM:158,-0.2844999,0.8549256,-0.3391955,26.9353,302.8168,347.3581,LeftController
5/2/2017 12:31:48 PM:231,-0.2844788,0.854853,-0.3396239,26.9261,302.7219,347.3842,LeftController
5/2/2017 12:31:48 PM:283,-0.2844037,0.8550187,-0.3396847,26.92027,302.6706,347.3464,LeftController
5/2/2017 12:31:48 PM:329,-0.2845402,0.8547583,-0.3397963,26.92157,302.7469,347.3795,LeftController
5/2/2017 12:31:48 PM:375,-0.2845601,0.8546623,-0.3398633,26.89517,302.717,347.4571,LeftController
5/2/2017 12:31:48 PM:428,-0.2847985,0.854652,-0.3396966,26.86486,302.7058,347.4706,LeftController
5/2/2017 12:31:48 PM:497,-0.2844646,0.854612,-0.339257,26.82267,302.639,347.4341,LeftController
5/2/2017 12:31:48 PM:552,-0.2847128,0.854652,-0.3393545,26.84067,302.6804,347.4253,LeftController
5/2/2017 12:31:48 PM:599,-0.284508,0.8548096,-0.3392127,26.81025,302.7116,347.4673,LeftController
5/2/2017 12:31:48 PM:641,-0.2846814,0.854794,-0.3392193,26.81038,302.6803,347.494,LeftController
5/2/2017 12:31:48 PM:697,-0.2846642,0.8545568,-0.3397002,26.79034,302.6614,347.4687,LeftController
5/2/2017 12:31:48 PM:743,-0.2848196,0.8546335,-0.339457,26.79958,302.7166,347.4509,LeftController
5/2/2017 12:31:48 PM:810,-0.2849584,0.8546284,-0.3396318,26.83137,302.7699,347.4771,LeftController
5/2/2017 12:31:48 PM:870,-0.2849249,0.8545265,-0.3396025,26.79737,302.7519,347.4944,LeftController
5/2/2017 12:31:48 PM:931,-0.2847672,0.8545414,-0.3394926,26.78829,302.7316,347.5068,LeftController
5/2/2017 12:31:49 PM:11,-0.284392,0.8543738,-0.3394389,26.78522,302.7091,347.5176,LeftController
5/2/2017 12:31:49 PM:112,-0.2846122,0.8544809,-0.3395514,26.77354,302.5872,347.5052,LeftController
5/2/2017 12:31:49 PM:202,-0.2844571,0.8543028,-0.3395035,26.72938,302.6067,347.5754,LeftController
5/2/2017 12:31:49 PM:246,-0.2845962,0.8543539,-0.3394122,26.71589,302.5716,347.5724,LeftController
5/2/2017 12:31:49 PM:308,-0.2848893,0.854449,-0.339257,26.69578,302.5221,347.4623,LeftController
5/2/2017 12:31:49 PM:372,-0.2848058,0.8542112,-0.3393981,26.68214,302.6009,347.4602,LeftController
5/2/2017 12:31:49 PM:455,-0.284923,0.8542708,-0.339453,26.68796,302.6412,347.4807,LeftController
5/2/2017 12:31:49 PM:518,-0.2846441,0.8543936,-0.3394213,26.69576,302.606,347.4756,LeftController
5/2/2017 12:31:49 PM:594,-0.2843949,0.8543664,-0.3393977,26.69608,302.597,347.4959,LeftController
5/2/2017 12:31:49 PM:675,-0.2846193,0.8540897,-0.3394876,26.69152,302.6053,347.524,LeftController
5/2/2017 12:31:49 PM:741,-0.2841612,0.8540903,-0.3396046,26.68918,302.5858,347.5132,LeftController
5/2/2017 12:31:49 PM:819,-0.2843755,0.8545759,-0.3395507,26.65662,302.5274,347.4864,LeftController
5/2/2017 12:31:49 PM:896,-0.2840594,0.8544036,-0.3395333,26.6529,302.5404,347.5093,LeftController
5/2/2017 12:31:49 PM:963,-0.2838092,0.8543611,-0.3396459,26.68125,302.559,347.4578,LeftController
5/2/2017 12:31:50 PM:42,-0.2839595,0.8541019,-0.3399143,26.65414,302.6763,347.5234,LeftController
5/2/2017 12:31:50 PM:97,-0.2841419,0.8545108,-0.3395998,26.61216,302.5089,347.4445,LeftController
5/2/2017 12:31:50 PM:161,-0.2837926,0.85449,-0.3393044,26.5845,302.4234,347.4012,LeftController
5/2/2017 12:31:50 PM:231,-0.283687,0.8542992,-0.3395336,26.60041,302.4958,347.4262,LeftController
5/2/2017 12:31:50 PM:290,-0.2837541,0.8542953,-0.3394454,26.60159,302.4684,347.4138,LeftController
5/2/2017 12:31:50 PM:355,-0.2836779,0.8542955,-0.3395743,26.59059,302.4497,347.363,LeftController
5/2/2017 12:31:50 PM:434,-0.2839363,0.8543375,-0.3395956,26.59858,302.5486,347.2532,LeftController
5/2/2017 12:31:50 PM:497,-0.2835822,0.8545659,-0.339601,26.5906,302.5194,347.2816,LeftController
5/2/2017 12:31:50 PM:570,-0.2837714,0.8549914,-0.3395457,26.57462,302.5364,347.268,LeftController
5/2/2017 12:31:50 PM:637,-0.283655,0.8551641,-0.3391664,26.54652,302.7046,347.2637,LeftController
5/2/2017 12:31:50 PM:709,-0.2832634,0.8553497,-0.3392947,26.56164,302.7865,347.3187,LeftController
5/2/2017 12:31:50 PM:780,-0.283209,0.8552685,-0.339524,26.55637,302.7956,347.3248,LeftController
5/2/2017 12:31:50 PM:836,-0.2826679,0.8551991,-0.3395205,26.58341,302.7661,347.3649,LeftController
5/2/2017 12:31:50 PM:910,-0.2826962,0.8556546,-0.3400426,26.55401,302.8246,347.4538,LeftController
5/2/2017 12:31:50 PM:977,-0.282414,0.8558594,-0.3401732,26.52589,302.6961,347.356,LeftController
5/2/2017 12:31:51 PM:24,-0.2823859,0.8559474,-0.3403728,26.49962,302.679,347.3346,LeftController
5/2/2017 12:31:51 PM:71,-0.2819257,0.855781,-0.3403606,26.46516,302.7529,347.3594,LeftController
5/2/2017 12:31:51 PM:138,-0.2815775,0.8562777,-0.3406501,26.48918,302.7527,347.433,LeftController
5/2/2017 12:31:51 PM:191,-0.281567,0.8560072,-0.3406084,26.49912,302.7763,347.3856,LeftController
5/2/2017 12:31:51 PM:246,-0.2820063,0.8559493,-0.341337,26.49562,302.7974,347.4067,LeftController
5/2/2017 12:31:51 PM:318,-0.2812167,0.8560953,-0.3411739,26.47095,302.8246,347.3917,LeftController
5/2/2017 12:31:51 PM:366,-0.2813443,0.85614,-0.341048,26.4631,302.8216,347.3924,LeftController
5/2/2017 12:31:51 PM:427,-0.2813014,0.8563763,-0.341207,26.45061,302.822,347.3966,LeftController
5/2/2017 12:31:51 PM:491,-0.2811737,0.856223,-0.3412423,26.4539,302.8596,347.4414,LeftController
5/2/2017 12:31:51 PM:559,-0.2811404,0.8563181,-0.3412461,26.46527,302.899,347.4597,LeftController
5/2/2017 12:31:51 PM:626,-0.2807304,0.8563542,-0.3415065,26.45575,302.9482,347.4604,LeftController
5/2/2017 12:31:51 PM:681,-0.2807863,0.8562958,-0.3416579,26.49194,302.9964,347.4684,LeftController
5/2/2017 12:31:51 PM:735,-0.2807524,0.8562113,-0.3417561,26.46549,303.0297,347.4799,LeftController
5/2/2017 12:31:51 PM:796,-0.2802029,0.8560259,-0.3421524,26.45698,302.9229,347.5156,LeftController
5/2/2017 12:31:51 PM:873,-0.2802056,0.8559626,-0.3423862,26.42272,302.8572,347.4897,LeftController
5/2/2017 12:31:51 PM:942,-0.2803148,0.8560699,-0.34231,26.42387,302.7657,347.4972,LeftController
5/2/2017 12:31:52 PM:23,-0.2799103,0.8557974,-0.3425181,26.3956,302.578,347.4633,LeftController
5/2/2017 12:31:52 PM:89,-0.2798599,0.855397,-0.3424132,26.43417,302.5365,347.4602,LeftController
5/2/2017 12:31:52 PM:164,-0.2796752,0.8549333,-0.3424778,26.45553,302.5674,347.447,LeftController
5/2/2017 12:31:52 PM:234,-0.2795515,0.8548032,-0.341989,26.52642,302.5556,347.4563,LeftController
5/2/2017 12:31:52 PM:298,-0.2797166,0.8546494,-0.3418632,26.57388,302.5966,347.439,LeftController
5/2/2017 12:31:52 PM:376,-0.2802958,0.854371,-0.3414135,26.552,302.4468,347.4776,LeftController
5/2/2017 12:31:52 PM:442,-0.2812133,0.8546103,-0.3414612,26.48788,302.3279,347.4859,LeftController
5/2/2017 12:31:52 PM:488,-0.2813227,0.8548065,-0.3417482,26.5036,302.2853,347.467,LeftController
5/2/2017 12:31:52 PM:554,-0.2818202,0.855003,-0.3421559,26.46567,302.3786,347.459,LeftController
5/2/2017 12:31:52 PM:607,-0.2820534,0.8548512,-0.3420978,26.499,302.3851,347.4484,LeftController
5/2/2017 12:31:52 PM:670,-0.2824906,0.8546996,-0.3413126,26.52797,302.3365,347.2982,LeftController
5/2/2017 12:31:52 PM:722,-0.2827067,0.8546209,-0.3414576,26.54988,302.365,347.2839,LeftController
5/2/2017 12:31:52 PM:767,-0.2829987,0.8546674,-0.3415301,26.53653,302.3728,347.3273,LeftController
5/2/2017 12:31:52 PM:835,-0.2833235,0.8546116,-0.3407445,26.5289,302.3092,347.2944,LeftController
5/2/2017 12:31:52 PM:899,-0.2835968,0.8542206,-0.3403378,26.55582,302.3111,347.3004,LeftController
5/2/2017 12:31:52 PM:948,-0.2837139,0.8540202,-0.3404298,26.54528,302.3771,347.3071,LeftController
5/2/2017 12:31:53 PM:16,-0.2838715,0.8541662,-0.3407114,26.56716,302.376,347.3544,LeftController
5/2/2017 12:31:53 PM:88,-0.2840524,0.854337,-0.340286,26.54931,302.3222,347.3416,LeftController
5/2/2017 12:31:53 PM:169,-0.2838188,0.8542014,-0.3408895,26.54003,302.3648,347.3209,LeftController
5/2/2017 12:31:53 PM:226,-0.2840077,0.8545114,-0.3413832,26.55536,302.3323,347.3519,LeftController
5/2/2017 12:31:53 PM:301,-0.2838,0.8545995,-0.3411934,26.60988,302.321,347.2897,LeftController
5/2/2017 12:31:53 PM:357,-0.2834599,0.8539413,-0.3401802,26.58936,302.3676,347.2916,LeftController
5/2/2017 12:31:53 PM:400,-0.283932,0.8535892,-0.3398087,26.62526,302.3435,347.3351,LeftController
5/2/2017 12:31:53 PM:469,-0.284572,0.8544934,-0.3405371,26.63061,302.2997,347.2672,LeftController
5/2/2017 12:31:53 PM:526,-0.2844368,0.8543617,-0.3406019,26.63812,302.3543,347.2238,LeftController
5/2/2017 12:31:53 PM:579,-0.2844013,0.8542365,-0.3403244,26.65467,302.4237,347.1899,LeftController
5/2/2017 12:31:53 PM:648,-0.2849269,0.8546447,-0.3408148,26.68204,302.3763,347.1799,LeftController
5/2/2017 12:31:53 PM:706,-0.2850477,0.8545865,-0.3407369,26.6871,302.3737,347.163,LeftController
5/2/2017 12:31:53 PM:765,-0.2852082,0.8546371,-0.3406208,26.70627,302.4451,347.1223,LeftController
5/2/2017 12:31:53 PM:810,-0.2849611,0.8543725,-0.3404348,26.72347,302.5358,347.132,LeftController
5/2/2017 12:31:53 PM:874,-0.2850559,0.8543725,-0.3402247,26.73438,302.617,347.2078,LeftController
5/2/2017 12:31:53 PM:928,-0.2850766,0.8542539,-0.3398595,26.73719,302.5825,347.2075,LeftController
5/2/2017 12:31:53 PM:978,-0.2854742,0.8544258,-0.340019,26.7493,302.6353,347.236,LeftController
5/2/2017 12:31:54 PM:28,-0.2854304,0.8542614,-0.3396633,26.7759,302.7341,347.2323,LeftController
5/2/2017 12:31:54 PM:103,-0.2859656,0.8544191,-0.3394885,26.83391,302.9669,347.1851,LeftController
5/2/2017 12:31:54 PM:174,-0.2857019,0.8541819,-0.3391819,26.88648,302.9968,347.2018,LeftController
5/2/2017 12:31:54 PM:221,-0.2856444,0.8539261,-0.3395662,26.85148,302.9258,347.2514,LeftController
5/2/2017 12:31:54 PM:277,-0.2858468,0.8541077,-0.3400023,26.83078,302.8638,347.2026,LeftController
5/2/2017 12:31:54 PM:339,-0.2861935,0.8545724,-0.3396201,26.89895,302.8367,347.1357,LeftController
5/2/2017 12:31:54 PM:406,-0.2858644,0.8544023,-0.3394568,26.87196,302.9931,347.0963,LeftController
5/2/2017 12:31:54 PM:455,-0.2858462,0.8543645,-0.3396246,26.86669,302.9056,347.1191,LeftController
5/2/2017 12:31:54 PM:502,-0.2859371,0.8545972,-0.3396785,26.85778,302.7555,347.1262,LeftController
5/2/2017 12:31:54 PM:563,-0.2862736,0.854689,-0.3397281,26.78435,302.6348,347.0827,LeftController
5/2/2017 12:31:54 PM:624,-0.2860584,0.8545035,-0.3399158,26.76336,302.6251,347.0788,LeftController
5/2/2017 12:31:54 PM:680,-0.2858566,0.8546566,-0.3396916,26.76175,302.6274,347.0643,LeftController
5/2/2017 12:31:54 PM:741,-0.2856098,0.8546231,-0.3398645,26.75286,302.6399,347.1017,LeftController
5/2/2017 12:31:54 PM:800,-0.2854284,0.854846,-0.3396344,26.74874,302.6898,347.0508,LeftController
5/2/2017 12:31:54 PM:851,-0.2855605,0.854985,-0.3395979,26.75912,302.6935,347.0459,LeftController
5/2/2017 12:31:54 PM:903,-0.2852721,0.8547101,-0.3396523,26.74585,302.7213,347.0359,LeftController
5/2/2017 12:31:54 PM:965,-0.2844405,0.8549135,-0.3392248,26.7504,302.7581,347.0326,LeftController
5/2/2017 12:31:55 PM:39,-0.284519,0.8551825,-0.3395619,26.72448,302.9041,347.0804,LeftController
5/2/2017 12:31:55 PM:91,-0.2848318,0.8551613,-0.3398921,26.73994,302.9375,347.117,LeftController
5/2/2017 12:31:55 PM:146,-0.2848403,0.855063,-0.339901,26.7112,302.981,347.0554,LeftController
5/2/2017 12:31:55 PM:211,-0.28447,0.8555737,-0.3401711,26.71483,303.1413,347.112,LeftController
5/2/2017 12:31:55 PM:265,-0.2844442,0.8557972,-0.3403914,26.70535,303.1931,347.1698,LeftController
5/2/2017 12:31:55 PM:316,-0.2842568,0.8559468,-0.3405728,26.70667,303.1571,347.1934,LeftController
5/2/2017 12:31:55 PM:401,-0.2839242,0.8559418,-0.3407378,26.66059,303.1125,347.2158,LeftController
5/2/2017 12:31:55 PM:469,-0.2838953,0.8560389,-0.3407898,26.63524,303.0968,347.2155,LeftController
5/2/2017 12:31:55 PM:516,-0.2832943,0.8557857,-0.3407962,26.621,303.0758,347.224,LeftController
5/2/2017 12:31:55 PM:573,-0.2834986,0.8559848,-0.3408244,26.58238,303.0895,347.2156,LeftController
5/2/2017 12:31:55 PM:628,-0.2833266,0.8558336,-0.3409071,26.56206,303.0574,347.2898,LeftController
5/2/2017 12:31:55 PM:690,-0.283451,0.8559053,-0.3405626,26.53587,303.0781,347.2772,LeftController
5/2/2017 12:31:55 PM:785,-0.283294,0.8557427,-0.3409595,26.55105,303.1458,347.321,LeftController
5/2/2017 12:31:55 PM:879,-0.2829502,0.8555956,-0.34097,26.57225,303.2968,347.3969,LeftController
5/2/2017 12:31:55 PM:963,-0.2828126,0.8555743,-0.3407373,26.57657,303.2017,347.3811,LeftController
5/2/2017 12:31:56 PM:52,-0.2829019,0.8555957,-0.3414376,26.57788,303.2127,347.4364,LeftController
5/2/2017 12:31:56 PM:121,-0.2829422,0.855381,-0.3416164,26.60673,303.1557,347.448,LeftController
5/2/2017 12:31:56 PM:173,-0.2826508,0.8553648,-0.3417366,26.58944,303.1288,347.4166,LeftController
5/2/2017 12:31:56 PM:236,-0.2824743,0.8557857,-0.3413503,26.62616,303.1784,347.3778,LeftController
5/2/2017 12:31:56 PM:297,-0.2828817,0.8557812,-0.341552,26.64927,303.1824,347.4373,LeftController
5/2/2017 12:31:56 PM:348,-0.2832452,0.8555129,-0.3416724,26.62531,303.1132,347.4605,LeftController
5/2/2017 12:31:56 PM:417,-0.2829026,0.8554887,-0.3414557,26.57257,303.0798,347.4356,LeftController
5/2/2017 12:31:56 PM:486,-0.283228,0.8556079,-0.3415663,26.5905,303.0269,347.4297,LeftController
5/2/2017 12:31:56 PM:546,-0.2834711,0.8551812,-0.3417192,26.59587,303.0175,347.4289,LeftController
5/2/2017 12:31:56 PM:635,-0.283712,0.8552268,-0.3412361,26.65119,302.9314,347.3948,LeftController
5/2/2017 12:31:56 PM:700,-0.2837836,0.855217,-0.3411388,26.57907,302.9261,347.3896,LeftController
5/2/2017 12:31:56 PM:757,-0.2838914,0.8549982,-0.3411052,26.59119,302.8531,347.3365,LeftController
5/2/2017 12:31:56 PM:814,-0.2835758,0.8547935,-0.3411005,26.56544,302.8259,347.2698,LeftController
5/2/2017 12:31:56 PM:881,-0.2837081,0.8550389,-0.3407993,26.57585,302.8304,347.2783,LeftController
5/2/2017 12:31:56 PM:946,-0.2834011,0.8549874,-0.3409176,26.55948,302.7541,347.3571,LeftController
5/2/2017 12:31:57 PM:13,-0.2833313,0.8548578,-0.3410161,26.52306,302.6851,347.3542,LeftController
5/2/2017 12:31:57 PM:84,-0.2833091,0.8546437,-0.3409946,26.5505,302.6071,347.3465,LeftController
5/2/2017 12:31:57 PM:160,-0.282667,0.8545014,-0.341011,26.51326,302.4825,347.3148,LeftController
5/2/2017 12:31:57 PM:235,-0.2825197,0.8543811,-0.3411317,26.47925,302.4013,347.3611,LeftController
5/2/2017 12:31:57 PM:291,-0.2824036,0.8543905,-0.341301,26.46361,302.3716,347.3998,LeftController
5/2/2017 12:31:57 PM:336,-0.2822825,0.8543817,-0.3413844,26.44049,302.3388,347.3994,LeftController
5/2/2017 12:31:57 PM:393,-0.2822007,0.8546042,-0.3411491,26.426,302.331,347.3395,LeftController
5/2/2017 12:31:57 PM:472,-0.2825948,0.854338,-0.3412104,26.41774,302.4398,347.4159,LeftController
5/2/2017 12:31:57 PM:538,-0.2827144,0.8541861,-0.3414731,26.38077,302.3714,347.3658,LeftController
5/2/2017 12:31:57 PM:583,-0.2827308,0.8541402,-0.3412111,26.39303,302.2967,347.2933,LeftController
5/2/2017 12:31:57 PM:625,-0.282602,0.8542659,-0.3408229,26.38926,302.3115,347.2314,LeftController
5/2/2017 12:31:57 PM:676,-0.282722,0.8541684,-0.3409374,26.42557,302.4005,347.2799,LeftController
5/2/2017 12:31:57 PM:731,-0.2827164,0.8543501,-0.3411241,26.39635,302.376,347.3427,LeftController
5/2/2017 12:31:57 PM:798,-0.2822592,0.8541021,-0.341403,26.35893,302.3063,347.3428,LeftController
5/2/2017 12:31:57 PM:855,-0.2823356,0.8539674,-0.3413711,26.39088,302.3223,347.3061,LeftController
5/2/2017 12:31:57 PM:901,-0.2823329,0.854026,-0.3414958,26.37076,302.3322,347.2954,LeftController
5/2/2017 12:31:57 PM:953,-0.2818141,0.8541797,-0.3411691,26.35755,302.2665,347.3131,LeftController
5/2/2017 12:31:58 PM:6,-0.2816232,0.854134,-0.3411341,26.33206,302.2359,347.2979,LeftController
5/2/2017 12:31:58 PM:71,-0.2818474,0.8543676,-0.3413205,26.33718,302.2036,347.3072,LeftController
5/2/2017 12:31:58 PM:131,-0.2817293,0.8543607,-0.3413951,26.31039,302.2315,347.3114,LeftController
5/2/2017 12:31:58 PM:191,-0.2814753,0.8543751,-0.3411465,26.32488,302.2427,347.3344,LeftController
5/2/2017 12:31:58 PM:243,-0.2809591,0.8543475,-0.3413155,26.35764,302.2597,347.3044,LeftController
5/2/2017 12:31:58 PM:315,-0.2804478,0.8541836,-0.3415048,26.31766,302.2712,347.4608,LeftController
5/2/2017 12:31:58 PM:377,-0.2805942,0.8541582,-0.3416252,26.34663,302.1968,347.37,LeftController
5/2/2017 12:31:58 PM:440,-0.2805232,0.8539857,-0.3415227,26.36057,302.1416,347.3346,LeftController
5/2/2017 12:31:58 PM:606,-0.2801352,0.8535761,-0.3415523,26.33897,302.033,347.4382,LeftController
5/2/2017 12:31:58 PM:674,-0.280702,0.8539233,-0.3417249,26.34332,302.0138,347.394,LeftController
5/2/2017 12:31:58 PM:738,-0.2803712,0.8537035,-0.3416941,26.37664,302.1063,347.3806,LeftController
5/2/2017 12:31:58 PM:808,-0.2804629,0.8537129,-0.3416924,26.40433,302.1812,347.3368,LeftController
5/2/2017 12:31:58 PM:867,-0.281249,0.853984,-0.3415616,26.44695,302.2553,347.3152,LeftController
5/2/2017 12:31:58 PM:921,-0.2816339,0.8538516,-0.3415036,26.45624,302.3397,347.3019,LeftController
5/2/2017 12:31:59 PM:16,-0.2818496,0.8538762,-0.3405554,26.46323,302.5219,347.18,LeftController
5/2/2017 12:31:59 PM:92,-0.2826147,0.8539325,-0.3403091,26.5663,302.6074,347.1783,LeftController
5/2/2017 12:31:59 PM:180,-0.2829521,0.8538407,-0.3404682,26.53389,302.6617,347.2441,LeftController
5/2/2017 12:31:59 PM:284,-0.282667,0.8540596,-0.3403432,26.46691,302.5466,347.0967,LeftController
5/2/2017 12:31:59 PM:369,-0.2831261,0.8542554,-0.3402512,26.51852,302.4837,347.0806,LeftController
5/2/2017 12:31:59 PM:430,-0.2829672,0.8542869,-0.3400691,26.49692,302.4422,346.9519,LeftController
5/2/2017 12:31:59 PM:501,-0.2823516,0.85444,-0.340353,26.49393,302.6022,347.024,LeftController
5/2/2017 12:31:59 PM:560,-0.282192,0.8547591,-0.3400741,26.51097,302.6034,347.0344,LeftController
5/2/2017 12:31:59 PM:618,-0.282182,0.8549502,-0.3401859,26.48842,302.6355,347.0542,LeftController
5/2/2017 12:31:59 PM:680,-0.2823868,0.8552155,-0.3402357,26.5479,302.6983,347.0526,LeftController
5/2/2017 12:31:59 PM:755,-0.2821076,0.8550999,-0.3402808,26.5539,302.903,347.1178,LeftController
5/2/2017 12:31:59 PM:811,-0.2818617,0.8555934,-0.3404162,26.57847,302.9194,347.1512,LeftController
5/2/2017 12:31:59 PM:856,-0.2817856,0.8555571,-0.3407147,26.56231,302.9966,347.1518,LeftController
5/2/2017 12:31:59 PM:907,-0.2813939,0.856004,-0.3405166,26.58327,302.9705,347.1411,LeftController
5/2/2017 12:31:59 PM:959,-0.2815329,0.8562918,-0.3412039,26.54396,302.9863,347.1838,LeftController
5/2/2017 12:32:00 PM:22,-0.2817099,0.8561144,-0.3415473,26.56305,302.8986,347.1725,LeftController
5/2/2017 12:32:00 PM:62,-0.281576,0.8560169,-0.3415182,26.56664,302.8867,347.1558,LeftController
5/2/2017 12:32:00 PM:116,-0.2814426,0.8563012,-0.3413391,26.566,302.926,347.113,LeftController
5/2/2017 12:32:00 PM:168,-0.2815428,0.856186,-0.3412137,26.58577,303.0168,347.1707,LeftController
5/2/2017 12:32:00 PM:239,-0.2813367,0.8560157,-0.3415103,26.58215,303.0399,347.188,LeftController
5/2/2017 12:32:00 PM:346,-0.2816116,0.8561571,-0.3411701,26.55678,303.1226,347.2181,LeftController
5/2/2017 12:32:00 PM:447,-0.282071,0.8562841,-0.3413627,26.57908,303.2365,347.2612,LeftController
5/2/2017 12:32:00 PM:582,-0.2820504,0.8562156,-0.341141,26.58521,303.3171,347.2849,LeftController
5/2/2017 12:32:00 PM:654,-0.2824398,0.8562257,-0.3408446,26.61226,303.4359,347.2725,LeftController
5/2/2017 12:32:00 PM:716,-0.2826837,0.8562255,-0.3413179,26.62528,303.4239,347.2867,LeftController
5/2/2017 12:32:00 PM:772,-0.2822199,0.8563222,-0.341326,26.63357,303.5305,347.3034,LeftController
5/2/2017 12:32:00 PM:839,-0.2818972,0.8558646,-0.3416996,26.63124,303.4265,347.3737,LeftController
5/2/2017 12:32:00 PM:887,-0.2817396,0.8559732,-0.3416271,26.62099,303.3247,347.3484,LeftController
5/2/2017 12:32:00 PM:941,-0.2817168,0.8558617,-0.3418713,26.61155,303.257,347.3213,LeftController
5/2/2017 12:32:01 PM:7,-0.2812606,0.8556947,-0.3419895,26.57153,303.1211,347.3678,LeftController
5/2/2017 12:32:01 PM:73,-0.2811952,0.8557662,-0.3418775,26.59179,302.9599,347.3636,LeftController
5/2/2017 12:32:01 PM:136,-0.2811978,0.8554212,-0.3417487,26.5913,302.9051,347.3581,LeftController
5/2/2017 12:32:01 PM:219,-0.2818662,0.8553015,-0.3418486,26.59663,302.9064,347.3119,LeftController
5/2/2017 12:32:01 PM:274,-0.2818828,0.8553367,-0.3417997,26.64539,302.8996,347.3012,LeftController
5/2/2017 12:32:01 PM:331,-0.2821156,0.8547229,-0.3411412,26.63783,302.9013,347.2377,LeftController
5/2/2017 12:32:01 PM:389,-0.2826334,0.8548213,-0.3409607,26.67528,302.9116,347.2518,LeftController
5/2/2017 12:32:01 PM:468,-0.2830306,0.8547812,-0.3407526,26.72774,303.0714,347.2705,LeftController
5/2/2017 12:32:01 PM:533,-0.2830791,0.8546224,-0.3406339,26.75911,303.0868,347.219,LeftController
5/2/2017 12:32:01 PM:611,-0.2831842,0.8542353,-0.3406637,26.77243,303.1854,347.2544,LeftController
5/2/2017 12:32:01 PM:685,-0.283718,0.8544455,-0.3402779,26.77347,303.0333,347.2225,LeftController
5/2/2017 12:32:01 PM:739,-0.283793,0.8541447,-0.3401208,26.79188,302.9948,347.2034,LeftController
5/2/2017 12:32:01 PM:806,-0.2841904,0.8540283,-0.3405013,26.84649,303.0864,347.2332,LeftController
5/2/2017 12:32:01 PM:877,-0.2842584,0.8542302,-0.339951,26.85485,303.0373,347.26,LeftController
5/2/2017 12:32:01 PM:934,-0.2846752,0.8541837,-0.3398335,26.86561,302.9997,347.268,LeftController
5/2/2017 12:32:02 PM:1,-0.2855083,0.8539096,-0.3397584,26.91105,303.0782,347.2281,LeftController
5/2/2017 12:32:02 PM:65,-0.2860171,0.853799,-0.3393986,26.935,303.1944,347.183,LeftController
5/2/2017 12:32:02 PM:124,-0.286183,0.8537889,-0.3390791,26.97998,303.2617,347.1754,LeftController
5/2/2017 12:32:02 PM:175,-0.2871457,0.8537647,-0.3388424,27.04991,303.3086,347.2143,LeftController
5/2/2017 12:32:02 PM:241,-0.2876723,0.8532532,-0.338613,27.04871,303.4125,347.2047,LeftController
5/2/2017 12:32:02 PM:297,-0.2879862,0.8535348,-0.3386099,27.05725,303.446,347.2405,LeftController
5/2/2017 12:32:02 PM:357,-0.2884656,0.8537045,-0.3384266,27.11423,303.4357,347.2378,LeftController
5/2/2017 12:32:02 PM:420,-0.2889115,0.8535656,-0.3385324,27.06074,303.4778,347.2576,LeftController
5/2/2017 12:32:02 PM:473,-0.2895567,0.8532499,-0.3382814,27.075,303.4687,347.3117,LeftController
5/2/2017 12:32:02 PM:548,-0.2904557,0.8533226,-0.3376441,27.12109,303.4283,347.1884,LeftController
5/2/2017 12:32:02 PM:610,-0.2910354,0.853685,-0.3372645,27.13431,303.5533,347.1922,LeftController
5/2/2017 12:32:02 PM:683,-0.2912685,0.8533384,-0.3372674,27.1168,303.4402,347.2518,LeftController
5/2/2017 12:32:02 PM:733,-0.2913716,0.853313,-0.3372951,27.07891,303.4173,347.2675,LeftController
5/2/2017 12:32:02 PM:778,-0.2919215,0.8534037,-0.3369651,27.08068,303.3484,347.2668,LeftController
5/2/2017 12:32:02 PM:822,-0.2921432,0.8532426,-0.3371148,27.0715,303.3301,347.2646,LeftController
5/2/2017 12:32:02 PM:892,-0.2927901,0.8534306,-0.3370402,27.07504,303.3118,347.28,LeftController
5/2/2017 12:32:02 PM:985,-0.2932714,0.8534355,-0.3366718,27.08583,303.4285,347.2746,LeftController
5/2/2017 12:32:03 PM:59,-0.2936856,0.8534247,-0.3368616,27.10302,303.4689,347.2767,LeftController
5/2/2017 12:32:03 PM:134,-0.2941259,0.8532844,-0.3367624,27.12877,303.5076,347.2504,LeftController
5/2/2017 12:32:03 PM:194,-0.2945695,0.8534263,-0.3366983,27.15176,303.6031,347.2579,LeftController
5/2/2017 12:32:03 PM:252,-0.2944421,0.853314,-0.3366354,27.1272,303.5562,347.2885,LeftController
5/2/2017 12:32:03 PM:305,-0.2947999,0.8532897,-0.3366654,27.12411,303.5354,347.2727,LeftController
5/2/2017 12:32:03 PM:371,-0.2950269,0.8532929,-0.3369992,27.06809,303.4991,347.1657,LeftController
5/2/2017 12:32:03 PM:429,-0.2947444,0.8534747,-0.3367927,27.03918,303.5522,347.1465,LeftController
5/2/2017 12:32:03 PM:506,-0.2948142,0.8537414,-0.336904,27.06038,303.5309,347.1146,LeftController
5/2/2017 12:32:03 PM:578,-0.2943722,0.8538663,-0.3367047,27.05282,303.5347,347.0375,LeftController
5/2/2017 12:32:03 PM:635,-0.2943065,0.8539193,-0.3366406,27.04528,303.611,347.0134,LeftController
5/2/2017 12:32:03 PM:697,-0.2938442,0.8540968,-0.3365848,26.97322,303.6861,347.0056,LeftController
5/2/2017 12:32:03 PM:762,-0.2930263,0.8543065,-0.3372071,26.92015,303.7243,347.0162,LeftController
5/2/2017 12:32:03 PM:819,-0.2927687,0.8543866,-0.3378086,26.90529,303.7267,347.0101,LeftController
5/2/2017 12:32:03 PM:883,-0.2916783,0.854614,-0.3375123,26.90297,303.8308,347.0368,LeftController
5/2/2017 12:32:03 PM:964,-0.2904925,0.8548627,-0.3371925,26.9448,303.9104,347.1297,LeftController
5/2/2017 12:32:04 PM:38,-0.288933,0.854834,-0.337389,26.90214,303.9436,347.1878,LeftController
5/2/2017 12:32:04 PM:106,-0.2884268,0.8550806,-0.3378453,26.90128,303.99,347.1182,LeftController
5/2/2017 12:32:04 PM:166,-0.2875284,0.8551486,-0.3380966,26.93164,304.0175,347.1769,LeftController
5/2/2017 12:32:04 PM:228,-0.2864238,0.855213,-0.338305,26.8938,303.9442,347.2198,LeftController
5/2/2017 12:32:04 PM:326,-0.2858514,0.8553604,-0.3386908,26.85947,303.7676,347.2456,LeftController
5/2/2017 12:32:04 PM:407,-0.2853111,0.8555119,-0.3391354,26.83816,303.7568,347.2664,LeftController
5/2/2017 12:32:04 PM:503,-0.285719,0.855649,-0.3391862,26.84579,303.8693,347.2859,LeftController
5/2/2017 12:32:04 PM:557,-0.2857778,0.8555751,-0.339114,26.81858,303.9896,347.2384,LeftController
5/2/2017 12:32:04 PM:640,-0.2864804,0.8559414,-0.3389118,26.81141,304.0731,347.2269,LeftController
5/2/2017 12:32:04 PM:690,-0.2871301,0.8559077,-0.3388486,26.82435,304.1603,347.2602,LeftController
5/2/2017 12:32:04 PM:763,-0.2872206,0.8557723,-0.3385625,26.85597,304.3555,347.2522,LeftController
5/2/2017 12:32:04 PM:828,-0.2875025,0.8561186,-0.3390293,26.82853,304.4835,347.2879,LeftController
5/2/2017 12:32:04 PM:899,-0.2876055,0.8561262,-0.3389225,26.82884,304.4359,347.2739,LeftController
5/2/2017 12:32:04 PM:973,-0.2875925,0.8562354,-0.3394041,26.80345,304.3871,347.272,LeftController
5/2/2017 12:32:05 PM:26,-0.2876389,0.8562682,-0.3394792,26.73432,304.3771,347.2747,LeftController
5/2/2017 12:32:05 PM:85,-0.2870826,0.856106,-0.3393006,26.72914,304.2877,347.211,LeftController
5/2/2017 12:32:05 PM:152,-0.2865926,0.8557287,-0.3394113,26.7441,304.165,347.2289,LeftController
5/2/2017 12:32:05 PM:218,-0.28635,0.8556114,-0.339561,26.77385,304.1961,347.2542,LeftController
5/2/2017 12:32:05 PM:282,-0.2860122,0.855134,-0.3395977,26.89387,304.2831,347.3286,LeftController
5/2/2017 12:32:05 PM:351,-0.28497,0.8547616,-0.3393457,26.97412,304.3729,347.3643,LeftController
5/2/2017 12:32:05 PM:423,-0.2849159,0.8546206,-0.3396456,26.88859,304.0755,347.3542,LeftController
5/2/2017 12:32:05 PM:480,-0.2853446,0.8546157,-0.3396978,26.82218,303.8922,347.3975,LeftController
5/2/2017 12:32:05 PM:544,-0.2856921,0.8549041,-0.3398206,26.75507,303.8378,347.4131,LeftController
5/2/2017 12:32:05 PM:600,-0.2860442,0.854722,-0.3396099,26.78506,304.1288,347.4408,LeftController
5/2/2017 12:32:05 PM:665,-0.2866852,0.8543661,-0.3391452,26.86773,304.3322,347.3418,LeftController
5/2/2017 12:32:05 PM:756,-0.2880765,0.8541838,-0.3377666,26.89704,304.6805,347.2085,LeftController
5/2/2017 12:32:05 PM:860,-0.2880396,0.8537565,-0.3366475,27.02421,305.2611,347.3009,LeftController
5/2/2017 12:32:05 PM:934,-0.2893265,0.8538837,-0.3357437,27.08625,305.6428,347.2934,LeftController
5/2/2017 12:32:05 PM:993,-0.2899168,0.8536253,-0.3352795,27.10978,305.7963,347.263,LeftController
5/2/2017 12:32:06 PM:65,-0.2898555,0.8535233,-0.3343487,27.07791,305.8837,347.3446,LeftController
5/2/2017 12:32:06 PM:109,-0.2897316,0.8533993,-0.3339655,27.0507,305.8944,347.3304,LeftController
5/2/2017 12:32:06 PM:171,-0.2895627,0.8532344,-0.3339252,27.05801,305.8148,347.3461,LeftController
5/2/2017 12:32:06 PM:252,-0.2889158,0.8535237,-0.3337772,27.0124,305.6404,347.3913,LeftController
5/2/2017 12:32:06 PM:336,-0.289176,0.8534698,-0.3339241,26.98963,305.5535,347.5018,LeftController
5/2/2017 12:32:06 PM:415,-0.2890583,0.8532574,-0.3334358,26.97602,305.5731,347.477,LeftController
5/2/2017 12:32:06 PM:487,-0.2898457,0.8532484,-0.3331764,26.91786,305.4726,347.5088,LeftController
5/2/2017 12:32:06 PM:556,-0.2902709,0.8535656,-0.332655,26.84595,305.4608,347.3407,LeftController
5/2/2017 12:32:06 PM:628,-0.2907577,0.8535867,-0.3329523,26.89987,305.7027,347.3165,LeftController
5/2/2017 12:32:06 PM:696,-0.2908013,0.8535939,-0.3330784,26.9253,305.7641,347.3093,LeftController
5/2/2017 12:32:06 PM:753,-0.2909962,0.8536102,-0.3325157,26.93464,305.9009,347.2677,LeftController
5/2/2017 12:32:06 PM:814,-0.2909869,0.8541735,-0.3319991,26.8969,306.0464,347.3533,LeftController
5/2/2017 12:32:06 PM:925,-0.2912191,0.8542521,-0.3318367,26.74997,306.0504,347.426,LeftController
5/2/2017 12:32:07 PM:8,-0.2917682,0.8552256,-0.330826,26.33267,305.8852,347.4272,LeftController
5/2/2017 12:32:07 PM:61,-0.2914059,0.8551296,-0.3305571,26.26549,305.8256,347.4321,LeftController
5/2/2017 12:32:07 PM:120,-0.2910917,0.8551499,-0.3301029,26.24681,305.8896,347.5076,LeftController
5/2/2017 12:32:07 PM:183,-0.2904567,0.8552043,-0.3304586,26.2476,305.77,347.5558,LeftController
5/2/2017 12:32:07 PM:240,-0.2892532,0.8552279,-0.3309031,26.19516,305.6053,347.4635,LeftController
5/2/2017 12:32:07 PM:294,-0.2879779,0.8547658,-0.331454,26.27962,305.5036,347.4046,LeftController
5/2/2017 12:32:07 PM:360,-0.2862849,0.8545806,-0.3319142,26.27172,305.2248,347.5812,LeftController
5/2/2017 12:32:07 PM:422,-0.2859871,0.8543328,-0.3320737,26.25564,305.1227,347.5781,LeftController
5/2/2017 12:32:07 PM:468,-0.2855433,0.854158,-0.3318126,26.29074,305.2429,347.5338,LeftController
5/2/2017 12:32:07 PM:511,-0.2849567,0.8539355,-0.3311801,26.36325,305.4255,347.4836,LeftController
5/2/2017 12:32:07 PM:557,-0.2845922,0.8538498,-0.3309786,26.41328,305.5927,347.4955,LeftController
5/2/2017 12:32:07 PM:617,-0.2838432,0.854001,-0.3311117,26.43772,305.631,347.5455,LeftController
5/2/2017 12:32:07 PM:677,-0.2824196,0.8538535,-0.3314102,26.43703,305.689,347.5674,LeftController
5/2/2017 12:32:07 PM:746,-0.2808414,0.853842,-0.3318262,26.43975,305.4568,347.6288,LeftController
5/2/2017 12:32:07 PM:813,-0.2794538,0.8541756,-0.3325233,26.45843,305.2506,347.6886,LeftController
5/2/2017 12:32:07 PM:869,-0.2788535,0.8539855,-0.3332419,26.46143,305.2474,347.6815,LeftController
5/2/2017 12:32:07 PM:913,-0.2779851,0.8542006,-0.3329852,26.46731,305.3037,347.6378,LeftController
5/2/2017 12:32:07 PM:970,-0.2777619,0.8543116,-0.3332036,26.5126,305.3789,347.5918,LeftController
5/2/2017 12:32:08 PM:21,-0.277274,0.8541291,-0.3335066,26.57108,305.4617,347.5931,LeftController
5/2/2017 12:32:08 PM:121,-0.2762538,0.8541399,-0.3342395,26.47622,305.3306,347.5835,LeftController
5/2/2017 12:32:08 PM:179,-0.2761079,0.8542243,-0.334605,26.47817,305.2632,347.56,LeftController
5/2/2017 12:32:08 PM:300,-0.2754375,0.8549123,-0.3351192,26.47481,305.3022,347.5811,LeftController
5/2/2017 12:32:08 PM:371,-0.2751487,0.855031,-0.3360603,26.50372,305.223,347.5751,LeftController
5/2/2017 12:32:08 PM:422,-0.2750839,0.8549206,-0.3363228,26.49767,305.1955,347.6101,LeftController
5/2/2017 12:32:08 PM:500,-0.2753092,0.8551364,-0.3363762,26.45466,305.1521,347.6198,LeftController
5/2/2017 12:32:08 PM:573,-0.2752504,0.8550017,-0.3363764,26.43472,305.1632,347.6266,LeftController
5/2/2017 12:32:08 PM:630,-0.2753724,0.8549237,-0.3360488,26.46497,305.2332,347.6563,LeftController
5/2/2017 12:32:08 PM:693,-0.2756408,0.8547654,-0.3359568,26.49003,305.3687,347.6866,LeftController
5/2/2017 12:32:08 PM:749,-0.2761322,0.8547943,-0.3357248,26.54323,305.4646,347.6864,LeftController
5/2/2017 12:32:08 PM:802,-0.2763448,0.8548365,-0.3354936,26.58468,305.5414,347.6427,LeftController
5/2/2017 12:32:08 PM:850,-0.2764307,0.8545343,-0.335407,26.58025,305.5814,347.671,LeftController
5/2/2017 12:32:08 PM:917,-0.2764941,0.8544484,-0.3355823,26.58495,305.4461,347.7729,LeftController
5/2/2017 12:32:08 PM:994,-0.2765651,0.854494,-0.3353655,26.56436,305.3642,347.7388,LeftController
5/2/2017 12:32:09 PM:54,-0.2769531,0.8544396,-0.3352451,26.54913,305.3397,347.7645,LeftController
5/2/2017 12:32:09 PM:163,-0.2777864,0.8542745,-0.3354025,26.50373,305.2992,347.8333,LeftController
5/2/2017 12:32:09 PM:220,-0.2782452,0.8539071,-0.3356264,26.56196,305.2689,347.8097,LeftController
5/2/2017 12:32:09 PM:268,-0.2782876,0.8538951,-0.3354688,26.54283,305.2379,347.7908,LeftController
5/2/2017 12:32:09 PM:315,-0.2787558,0.8535976,-0.3354917,26.53566,305.2095,347.7678,LeftController
5/2/2017 12:32:09 PM:371,-0.2791202,0.8534209,-0.3349912,26.56094,305.1215,347.7877,LeftController
5/2/2017 12:32:09 PM:439,-0.2790042,0.8530222,-0.3345525,26.57143,304.9718,347.8137,LeftController
5/2/2017 12:32:09 PM:484,-0.2793056,0.8528671,-0.3347073,26.57259,304.933,347.7854,LeftController
5/2/2017 12:32:09 PM:533,-0.2798884,0.8524636,-0.3349264,26.58586,304.887,347.8377,LeftController
5/2/2017 12:32:09 PM:596,-0.2801522,0.8521639,-0.334811,26.62978,304.7791,347.8581,LeftController
5/2/2017 12:32:09 PM:701,-0.2803534,0.8520894,-0.3344216,26.59661,304.8067,347.8633,LeftController
5/2/2017 12:32:09 PM:753,-0.2811131,0.8516243,-0.3345206,26.54611,304.6697,347.9168,LeftController
5/2/2017 12:32:09 PM:823,-0.2816243,0.851536,-0.3339384,26.5721,304.6009,347.8802,LeftController
5/2/2017 12:32:09 PM:879,-0.2818832,0.8512908,-0.3338366,26.56688,304.6505,347.9152,LeftController
5/2/2017 12:32:09 PM:938,-0.2825009,0.8508768,-0.3336685,26.58766,304.6409,347.9415,LeftController
5/2/2017 12:32:10 PM:53,-0.2839059,0.8508749,-0.3327878,26.61892,304.641,347.9119,LeftController
5/2/2017 12:32:10 PM:149,-0.284255,0.8508154,-0.3330109,26.57381,304.5176,347.9118,LeftController
5/2/2017 12:32:10 PM:235,-0.2851237,0.8509269,-0.3329806,26.55695,304.4422,347.9111,LeftController
5/2/2017 12:32:10 PM:305,-0.2852964,0.8508059,-0.3326955,26.57844,304.4284,347.8903,LeftController
5/2/2017 12:32:10 PM:382,-0.2856972,0.8510239,-0.3327987,26.6214,304.3793,347.824,LeftController
5/2/2017 12:32:10 PM:459,-0.2860389,0.8511076,-0.3327439,26.60488,304.3866,347.7821,LeftController
5/2/2017 12:32:10 PM:533,-0.2863871,0.8507628,-0.3328843,26.57337,304.3094,347.7725,LeftController
5/2/2017 12:32:10 PM:598,-0.2865047,0.8509144,-0.332809,26.59498,304.3148,347.7058,LeftController
5/2/2017 12:32:10 PM:671,-0.2865222,0.8508646,-0.3327761,26.66447,304.4527,347.6633,LeftController
5/2/2017 12:32:10 PM:749,-0.2862083,0.8508123,-0.332638,26.66648,304.3798,347.6755,LeftController
5/2/2017 12:32:10 PM:819,-0.2863567,0.8507895,-0.3324718,26.69125,304.3251,347.6639,LeftController
5/2/2017 12:32:10 PM:883,-0.2862678,0.8509272,-0.3324032,26.67515,304.2743,347.6519,LeftController
5/2/2017 12:32:10 PM:961,-0.2863597,0.850867,-0.3327427,26.64044,304.2386,347.6656,LeftController
5/2/2017 12:32:11 PM:45,-0.2864835,0.8509802,-0.3330538,26.6489,304.2134,347.6479,LeftController
5/2/2017 12:32:11 PM:130,-0.2864655,0.8507842,-0.3332512,26.63146,304.1817,347.6302,LeftController
5/2/2017 12:32:11 PM:198,-0.2863624,0.8510728,-0.3330538,26.67867,304.1093,347.5859,LeftController
5/2/2017 12:32:11 PM:277,-0.2866925,0.8510555,-0.3328989,26.66785,304.2143,347.6304,LeftController
5/2/2017 12:32:11 PM:342,-0.2865759,0.8510063,-0.3330657,26.67694,304.2343,347.6323,LeftController
5/2/2017 12:32:11 PM:397,-0.2862047,0.8510624,-0.3325908,26.68102,304.2598,347.5805,LeftController
5/2/2017 12:32:11 PM:472,-0.2865312,0.8510588,-0.332953,26.72047,304.3369,347.5804,LeftController
5/2/2017 12:32:11 PM:555,-0.2866312,0.8507618,-0.3333161,26.70168,304.3154,347.62,LeftController
5/2/2017 12:32:11 PM:633,-0.286195,0.8512524,-0.3327279,26.69246,304.2689,347.5598,LeftController
5/2/2017 12:32:11 PM:701,-0.2865258,0.8511261,-0.3331349,26.70267,304.3487,347.5521,LeftController
5/2/2017 12:32:11 PM:773,-0.286363,0.8509088,-0.3329568,26.70832,304.3369,347.5752,LeftController
5/2/2017 12:32:11 PM:844,-0.2864026,0.850862,-0.3334911,26.67368,304.2653,347.5782,LeftController
5/2/2017 12:32:11 PM:919,-0.2863988,0.8510277,-0.3336694,26.65273,304.2661,347.5826,LeftController
5/2/2017 12:32:11 PM:980,-0.2860041,0.851154,-0.3330724,26.67098,304.2393,347.5761,LeftController
5/2/2017 12:32:12 PM:58,-0.2858161,0.8515029,-0.3332016,26.68128,304.1925,347.6185,LeftController
5/2/2017 12:32:12 PM:125,-0.2857977,0.8511473,-0.3332722,26.65025,304.1785,347.6306,LeftController
5/2/2017 12:32:12 PM:203,-0.2862507,0.8514777,-0.3332367,26.65442,304.1911,347.518,LeftController
5/2/2017 12:32:12 PM:269,-0.2861309,0.8515357,-0.3333008,26.65502,304.2755,347.5211,LeftController
5/2/2017 12:32:12 PM:347,-0.2854738,0.8515881,-0.3334827,26.62175,304.5106,347.6057,LeftController
5/2/2017 12:32:12 PM:420,-0.2860047,0.8519315,-0.3332682,26.65749,304.4366,347.5666,LeftController
5/2/2017 12:32:12 PM:484,-0.285777,0.8520236,-0.3332984,26.67578,304.4637,347.5405,LeftController
5/2/2017 12:32:12 PM:560,-0.2853659,0.8521038,-0.3331656,26.69056,304.5858,347.5533,LeftController
5/2/2017 12:32:12 PM:639,-0.2855479,0.8525078,-0.3334029,26.69899,304.6848,347.6399,LeftController
5/2/2017 12:32:12 PM:709,-0.2853445,0.8524541,-0.3333502,26.68881,304.7163,347.6105,LeftController
5/2/2017 12:32:12 PM:768,-0.285274,0.8525875,-0.3336148,26.69317,304.8008,347.6396,LeftController
5/2/2017 12:32:12 PM:866,-0.2851177,0.8529034,-0.3334565,26.69022,304.8847,347.6186,LeftController
5/2/2017 12:32:12 PM:932,-0.2852297,0.8531564,-0.3338549,26.72599,304.9943,347.6978,LeftController
5/2/2017 12:32:12 PM:997,-0.2854868,0.8529654,-0.3341486,26.72997,305.0636,347.7783,LeftController
5/2/2017 12:32:13 PM:69,-0.2855232,0.853163,-0.3342836,26.72534,305.0092,347.7135,LeftController
5/2/2017 12:32:13 PM:140,-0.2855901,0.8532209,-0.3339133,26.7445,305.0826,347.6757,LeftController
5/2/2017 12:32:13 PM:215,-0.2853962,0.8533721,-0.3341894,26.71787,305.1016,347.7075,LeftController
5/2/2017 12:32:13 PM:297,-0.2852077,0.8532319,-0.3344235,26.72816,305.1565,347.75,LeftController
5/2/2017 12:32:13 PM:366,-0.2850076,0.8532494,-0.3342774,26.72524,305.2043,347.7396,LeftController
5/2/2017 12:32:13 PM:434,-0.2851526,0.8533331,-0.3342907,26.74524,305.1968,347.7889,LeftController
5/2/2017 12:32:13 PM:512,-0.2844973,0.8534688,-0.3344955,26.71409,305.1891,347.7672,LeftController
5/2/2017 12:32:13 PM:583,-0.2844059,0.8533876,-0.3349514,26.72811,305.2374,347.813,LeftController
5/2/2017 12:32:13 PM:656,-0.2840432,0.8534077,-0.3350952,26.75124,305.2305,347.8526,LeftController
5/2/2017 12:32:13 PM:733,-0.283838,0.8531979,-0.3352923,26.71917,305.084,347.8455,LeftController
5/2/2017 12:32:13 PM:800,-0.2836829,0.853222,-0.3354423,26.68534,305.0494,347.8609,LeftController
5/2/2017 12:32:13 PM:877,-0.2834803,0.8532555,-0.3355961,26.72533,304.8646,347.8605,LeftController
5/2/2017 12:32:13 PM:945,-0.2835436,0.8531632,-0.3354378,26.71741,304.8579,347.8102,LeftController
5/2/2017 12:32:14 PM:3,-0.2833263,0.8531129,-0.3351574,26.77189,304.8755,347.8146,LeftController
5/2/2017 12:32:14 PM:79,-0.2833217,0.8531073,-0.3354363,26.78372,304.8408,347.8272,LeftController
5/2/2017 12:32:14 PM:150,-0.2830611,0.8532522,-0.3354597,26.7379,304.7103,347.6967,LeftController
5/2/2017 12:32:14 PM:218,-0.283116,0.8533827,-0.3358967,26.69311,304.5452,347.727,LeftController
5/2/2017 12:32:14 PM:299,-0.2832047,0.853603,-0.3361909,26.76502,304.5848,347.7494,LeftController
5/2/2017 12:32:14 PM:384,-0.2831808,0.8536091,-0.3364532,26.83689,304.693,347.693,LeftController
5/2/2017 12:32:14 PM:452,-0.2836076,0.8537215,-0.3365083,26.88622,304.7413,347.672,LeftController
5/2/2017 12:32:14 PM:511,-0.28364,0.8534732,-0.3366418,26.87217,304.6731,347.6671,LeftController
5/2/2017 12:32:14 PM:593,-0.2831817,0.85342,-0.3365726,26.89562,304.4633,347.6467,LeftController
5/2/2017 12:32:14 PM:661,-0.2830327,0.8533326,-0.336812,26.83051,304.4269,347.6843,LeftController
5/2/2017 12:32:14 PM:724,-0.2835,0.8533123,-0.3368738,26.8354,304.3972,347.6817,LeftController
5/2/2017 12:32:14 PM:793,-0.2835215,0.8534148,-0.336597,26.83424,304.3387,347.6181,LeftController
5/2/2017 12:32:14 PM:883,-0.2834666,0.8536046,-0.3365149,26.83554,304.3762,347.6411,LeftController
5/2/2017 12:32:14 PM:963,-0.2835349,0.853545,-0.3365879,26.80213,304.1899,347.6202,LeftController
5/2/2017 12:32:15 PM:29,-0.283722,0.8531879,-0.3362665,26.80957,304.2142,347.6039,LeftController
5/2/2017 12:32:15 PM:95,-0.283735,0.8531966,-0.3363225,26.81648,304.2897,347.5587,LeftController
5/2/2017 12:32:15 PM:208,-0.2839483,0.8528764,-0.3363206,26.83562,304.2996,347.5148,LeftController
5/2/2017 12:32:15 PM:294,-0.284031,0.8532273,-0.3358567,26.84631,304.2519,347.5689,LeftController
5/2/2017 12:32:15 PM:376,-0.2843511,0.8528606,-0.3363895,26.80215,304.1387,347.5135,LeftController
5/2/2017 12:32:15 PM:456,-0.2842475,0.8531045,-0.3359799,26.8263,304.2455,347.5089,LeftController
5/2/2017 12:32:15 PM:519,-0.2844428,0.8530213,-0.3360386,26.83544,304.1826,347.5573,LeftController
5/2/2017 12:32:15 PM:613,-0.284494,0.8529183,-0.3360691,26.82283,304.1381,347.4754,LeftController
5/2/2017 12:32:15 PM:692,-0.2843328,0.8525544,-0.3359654,26.8388,304.1904,347.5586,LeftController
5/2/2017 12:32:15 PM:778,-0.2842578,0.8527781,-0.336201,26.79148,304.0126,347.5713,LeftController
5/2/2017 12:32:15 PM:851,-0.2841818,0.8527384,-0.3356593,26.7714,304.0055,347.5272,LeftController
5/2/2017 12:32:15 PM:914,-0.2845815,0.8526677,-0.3353746,26.81424,303.9832,347.5278,LeftController
5/2/2017 12:32:15 PM:989,-0.284899,0.8524117,-0.3358109,26.81727,303.977,347.5977,LeftController
5/2/2017 12:32:16 PM:79,-0.2851855,0.8523695,-0.3358603,26.8143,304.0106,347.5592,LeftController
5/2/2017 12:32:16 PM:148,-0.2853504,0.8525088,-0.3357782,26.83772,304.0413,347.5371,LeftController
5/2/2017 12:32:16 PM:234,-0.285634,0.8526399,-0.335602,26.90714,304.0198,347.5143,LeftController
5/2/2017 12:32:16 PM:304,-0.2855541,0.8524804,-0.3359289,26.83779,304.0724,347.5484,LeftController
5/2/2017 12:32:16 PM:364,-0.285831,0.8526397,-0.335675,26.86036,303.9895,347.5276,LeftController
5/2/2017 12:32:16 PM:450,-0.2862326,0.8526443,-0.3356888,26.89642,304.092,347.4107,LeftController
5/2/2017 12:32:16 PM:526,-0.2856947,0.8529351,-0.3354557,26.91337,304.2152,347.4095,LeftController
5/2/2017 12:32:16 PM:585,-0.285751,0.8527324,-0.3357744,26.92522,304.1592,347.4533,LeftController
5/2/2017 12:32:16 PM:653,-0.2861259,0.852875,-0.3355222,26.93821,304.0892,347.4117,LeftController
5/2/2017 12:32:16 PM:741,-0.2859061,0.8532186,-0.3354428,26.89829,304.1906,347.4214,LeftController
5/2/2017 12:32:16 PM:817,-0.2859852,0.8533608,-0.3354459,26.92983,304.3073,347.4692,LeftController
5/2/2017 12:32:16 PM:883,-0.2864166,0.853238,-0.335628,26.97066,304.3496,347.5434,LeftController
5/2/2017 12:32:16 PM:973,-0.2864956,0.8534982,-0.3356862,26.9686,304.357,347.5742,LeftController
5/2/2017 12:32:17 PM:51,-0.2863898,0.8533182,-0.3357811,26.97353,304.3839,347.5452,LeftController
5/2/2017 12:32:17 PM:130,-0.2867012,0.8533022,-0.3357043,26.99744,304.4771,347.6042,LeftController
5/2/2017 12:32:17 PM:192,-0.2868218,0.8531485,-0.3354127,26.996,304.4564,347.6383,LeftController
5/2/2017 12:32:17 PM:256,-0.2871559,0.8532968,-0.3352623,27.00627,304.4617,347.6271,LeftController
5/2/2017 12:32:17 PM:347,-0.2878006,0.8532908,-0.335716,27.0157,304.5466,347.6661,LeftController
5/2/2017 12:32:17 PM:423,-0.2878402,0.8533812,-0.3354032,27.02297,304.4983,347.6568,LeftController
5/2/2017 12:32:17 PM:489,-0.2881072,0.853126,-0.3354609,27.06606,304.5392,347.6898,LeftController
5/2/2017 12:32:17 PM:565,-0.288385,0.8532052,-0.3359346,27.09105,304.6244,347.6973,LeftController
5/2/2017 12:32:17 PM:636,-0.2885904,0.8532345,-0.3361738,27.10746,304.5934,347.7501,LeftController
5/2/2017 12:32:17 PM:698,-0.2888414,0.8535252,-0.3360505,27.08056,304.5931,347.7242,LeftController
5/2/2017 12:32:17 PM:755,-0.2885442,0.8532771,-0.3362696,27.09028,304.5923,347.774,LeftController
5/2/2017 12:32:17 PM:820,-0.288973,0.8533373,-0.3362355,27.06666,304.6034,347.8116,LeftController
5/2/2017 12:32:17 PM:890,-0.2888914,0.8533039,-0.3364697,27.05269,304.5156,347.8253,LeftController
5/2/2017 12:32:17 PM:966,-0.2888304,0.8528304,-0.3365138,26.96636,304.4318,347.8459,LeftController
5/2/2017 12:32:18 PM:34,-0.2888391,0.8528986,-0.3366485,26.94814,304.2639,347.7692,LeftController
5/2/2017 12:32:18 PM:118,-0.2884728,0.8527269,-0.336612,26.93814,304.2262,347.7076,LeftController
5/2/2017 12:32:18 PM:210,-0.2888633,0.852568,-0.3364685,26.90942,304.1948,347.7667,LeftController
5/2/2017 12:32:18 PM:294,-0.2881422,0.8522878,-0.3362119,26.85303,304.0718,347.6952,LeftController
5/2/2017 12:32:18 PM:369,-0.2880625,0.8523905,-0.3361645,26.82625,304.0692,347.6788,LeftController
5/2/2017 12:32:18 PM:452,-0.288063,0.8522685,-0.335963,26.80728,304.021,347.6522,LeftController
5/2/2017 12:32:18 PM:533,-0.2877254,0.8520261,-0.3362679,26.76628,304.0179,347.6415,LeftController
5/2/2017 12:32:18 PM:590,-0.2879497,0.8523685,-0.3364339,26.74634,304.0148,347.6216,LeftController
5/2/2017 12:32:18 PM:656,-0.2875335,0.8522602,-0.3364654,26.70641,303.9947,347.5865,LeftController
5/2/2017 12:32:18 PM:714,-0.2868733,0.8523219,-0.3363492,26.68337,303.987,347.5927,LeftController
5/2/2017 12:32:18 PM:792,-0.2865138,0.8522393,-0.336669,26.60568,303.8929,347.6012,LeftController
5/2/2017 12:32:18 PM:859,-0.2859005,0.8517665,-0.3362384,26.62352,303.8041,347.5367,LeftController
5/2/2017 12:32:18 PM:938,-0.2858015,0.8518064,-0.3367858,26.62853,303.8524,347.5269,LeftController
5/2/2017 12:32:19 PM:3,-0.2853209,0.8519167,-0.3368065,26.62328,303.7514,347.5432,LeftController
5/2/2017 12:32:19 PM:93,-0.2852426,0.8522128,-0.3368995,26.58289,303.5663,347.4608,LeftController
5/2/2017 12:32:19 PM:162,-0.285078,0.8521624,-0.3370795,26.59359,303.5811,347.4681,LeftController
5/2/2017 12:32:19 PM:233,-0.284819,0.8521266,-0.3371592,26.58062,303.59,347.4293,LeftController
5/2/2017 12:32:19 PM:319,-0.2849698,0.8521535,-0.3374996,26.55869,303.5436,347.3983,LeftController
5/2/2017 12:32:19 PM:396,-0.2848678,0.8523171,-0.3373115,26.56169,303.5104,347.4113,LeftController
5/2/2017 12:32:19 PM:454,-0.2847308,0.8522931,-0.3370152,26.56244,303.4726,347.3981,LeftController
5/2/2017 12:32:19 PM:542,-0.2853056,0.8524123,-0.3370485,26.59031,303.6345,347.3619,LeftController
5/2/2017 12:32:19 PM:613,-0.2854248,0.8522747,-0.3372736,26.54449,303.551,347.463,LeftController
5/2/2017 12:32:19 PM:676,-0.2854176,0.8524166,-0.3370914,26.48667,303.3994,347.4007,LeftController
5/2/2017 12:32:19 PM:753,-0.285597,0.8524828,-0.337539,26.48448,303.4343,347.4109,LeftController
5/2/2017 12:32:19 PM:821,-0.2855345,0.852589,-0.3371,26.51106,303.4323,347.4038,LeftController
5/2/2017 12:32:19 PM:901,-0.2855436,0.8522009,-0.337126,26.503,303.4191,347.4081,LeftController
5/2/2017 12:32:20 PM:4,-0.2856429,0.8526328,-0.3372824,26.49931,303.4317,347.3975,LeftController
5/2/2017 12:32:20 PM:83,-0.2851852,0.8523614,-0.3372328,26.45655,303.4332,347.4091,LeftController
5/2/2017 12:32:20 PM:161,-0.2850703,0.8522938,-0.3369792,26.48271,303.4342,347.4319,LeftController
5/2/2017 12:32:20 PM:254,-0.2856089,0.8524952,-0.3373489,26.47857,303.389,347.508,LeftController
5/2/2017 12:32:20 PM:326,-0.2852941,0.8523552,-0.337328,26.46532,303.4035,347.423,LeftController
5/2/2017 12:32:20 PM:390,-0.2852457,0.8520278,-0.337333,26.4183,303.4704,347.4427,LeftController
5/2/2017 12:32:20 PM:476,-0.2852918,0.8523822,-0.337424,26.36939,303.3182,347.4773,LeftController
5/2/2017 12:32:20 PM:551,-0.2845727,0.8523862,-0.3375986,26.37808,303.3206,347.3925,LeftController
5/2/2017 12:32:20 PM:624,-0.2840674,0.8527189,-0.3373423,26.4575,303.4842,347.3599,LeftController
5/2/2017 12:32:20 PM:705,-0.2837017,0.8526717,-0.3374848,26.53967,303.5414,347.3506,LeftController
5/2/2017 12:32:20 PM:768,-0.2836033,0.8526667,-0.3372705,26.54931,303.6196,347.3338,LeftController
5/2/2017 12:32:20 PM:830,-0.2833769,0.8528066,-0.3372903,26.54527,303.6927,347.3548,LeftController
5/2/2017 12:32:20 PM:902,-0.2832905,0.8530365,-0.3375168,26.54679,303.7594,347.3882,LeftController
5/2/2017 12:32:20 PM:972,-0.2833583,0.8531016,-0.3379784,26.57292,303.9042,347.3577,LeftController
5/2/2017 12:32:21 PM:50,-0.2832066,0.8535053,-0.3378627,26.63993,304.1813,347.4342,LeftController
5/2/2017 12:32:21 PM:120,-0.283754,0.8539534,-0.3378916,26.67243,304.349,347.4748,LeftController
5/2/2017 12:32:21 PM:188,-0.2837313,0.8543715,-0.3380737,26.7104,304.5011,347.503,LeftController
5/2/2017 12:32:21 PM:296,-0.2835053,0.8540127,-0.3388305,26.76993,304.5135,347.4786,LeftController
5/2/2017 12:32:21 PM:371,-0.2831511,0.8539336,-0.3388441,26.78162,304.5331,347.4809,LeftController
5/2/2017 12:32:21 PM:434,-0.2830026,0.8541327,-0.3386075,26.77413,304.5736,347.5336,LeftController
5/2/2017 12:32:21 PM:509,-0.2828307,0.8540674,-0.3386922,26.76627,304.4731,347.5906,LeftController
5/2/2017 12:32:21 PM:596,-0.2828834,0.8539099,-0.3386862,26.79108,304.4971,347.616,LeftController
5/2/2017 12:32:21 PM:658,-0.283124,0.8539749,-0.3389854,26.79375,304.5638,347.6254,LeftController
5/2/2017 12:32:21 PM:731,-0.2828571,0.8539486,-0.33902,26.82751,304.644,347.6468,LeftController
5/2/2017 12:32:21 PM:826,-0.2830153,0.8540663,-0.3391378,26.90144,304.8123,347.6558,LeftController
5/2/2017 12:32:21 PM:927,-0.2829144,0.8539951,-0.3390267,26.90678,304.8881,347.6523,LeftController
5/2/2017 12:32:22 PM:9,-0.2831937,0.8538922,-0.3394768,26.94913,304.9642,347.7445,LeftController
5/2/2017 12:32:22 PM:79,-0.2831988,0.8540373,-0.3394363,26.94728,304.9136,347.7621,LeftController
5/2/2017 12:32:22 PM:145,-0.2830318,0.8538789,-0.3391831,26.9655,304.7534,347.7441,LeftController
5/2/2017 12:32:22 PM:229,-0.2835389,0.8535101,-0.3391364,26.9451,304.7145,347.7021,LeftController
5/2/2017 12:32:22 PM:289,-0.283703,0.8534089,-0.3394136,26.96896,304.6538,347.7597,LeftController
5/2/2017 12:32:22 PM:367,-0.2840009,0.8534302,-0.3389473,27.00373,304.6207,347.6883,LeftController
5/2/2017 12:32:22 PM:435,-0.2844495,0.8532743,-0.3388259,27.04164,304.6772,347.6899,LeftController
5/2/2017 12:32:22 PM:492,-0.2847284,0.85288,-0.3386471,27.01578,304.7265,347.6665,LeftController
5/2/2017 12:32:22 PM:554,-0.284966,0.8527671,-0.3384314,27.0676,304.6796,347.7078,LeftController
5/2/2017 12:32:22 PM:637,-0.285296,0.8529172,-0.338202,27.04317,304.6607,347.6931,LeftController
5/2/2017 12:32:22 PM:730,-0.2856199,0.8526059,-0.3383322,27.03479,304.6701,347.7061,LeftController
5/2/2017 12:32:22 PM:793,-0.2859752,0.8524412,-0.3383482,27.05889,304.7018,347.7249,LeftController
5/2/2017 12:32:22 PM:855,-0.2862376,0.8522264,-0.3380108,27.05257,304.682,347.7683,LeftController
5/2/2017 12:32:22 PM:916,-0.2863864,0.8519295,-0.3375371,27.01509,304.584,347.7124,LeftController
5/2/2017 12:32:22 PM:991,-0.286716,0.8517506,-0.336596,27.02746,304.4946,347.6703,LeftController
5/2/2017 12:32:23 PM:60,-0.2872776,0.8517425,-0.3370578,27.00526,304.5544,347.733,LeftController
5/2/2017 12:32:23 PM:123,-0.2876937,0.8516306,-0.3369732,27.01354,304.4924,347.771,LeftController
5/2/2017 12:32:23 PM:201,-0.2875787,0.8516486,-0.3363247,27.04301,304.5357,347.7192,LeftController
5/2/2017 12:32:23 PM:283,-0.288347,0.8515474,-0.3362565,27.11385,304.6933,347.7394,LeftController
5/2/2017 12:32:23 PM:376,-0.2893537,0.8515128,-0.3359127,27.17966,304.8381,347.7325,LeftController
5/2/2017 12:32:23 PM:443,-0.2896899,0.8515458,-0.3354216,27.18048,304.9215,347.6967,LeftController
5/2/2017 12:32:23 PM:518,-0.2903785,0.8515792,-0.3349771,27.23304,305.0769,347.6621,LeftController
5/2/2017 12:32:23 PM:578,-0.2910589,0.851477,-0.3347449,27.2447,305.3376,347.6953,LeftController
5/2/2017 12:32:23 PM:658,-0.291945,0.851444,-0.3341284,27.29001,305.5132,347.752,LeftController
5/2/2017 12:32:23 PM:744,-0.2926749,0.851329,-0.3328795,27.30144,305.6288,347.6709,LeftController
5/2/2017 12:32:23 PM:824,-0.2929013,0.8510753,-0.3323121,27.2676,305.879,347.7639,LeftController
5/2/2017 12:32:23 PM:897,-0.2936672,0.851065,-0.3322942,27.28995,305.9002,347.8238,LeftController
5/2/2017 12:32:23 PM:974,-0.2939465,0.851119,-0.3323104,27.28537,305.8334,347.8316,LeftController
5/2/2017 12:32:24 PM:56,-0.2940044,0.8509053,-0.332638,27.24496,305.6148,347.8607,LeftController
5/2/2017 12:32:24 PM:133,-0.2941662,0.8509957,-0.3328922,27.1863,305.4577,347.8737,LeftController
5/2/2017 12:32:24 PM:200,-0.294134,0.8508778,-0.3330457,27.20399,305.3671,347.8707,LeftController
5/2/2017 12:32:24 PM:292,-0.2941543,0.8508784,-0.3336966,27.20145,305.2992,347.843,LeftController
5/2/2017 12:32:24 PM:377,-0.2940121,0.8511536,-0.3334715,27.21135,305.2986,347.8578,LeftController
5/2/2017 12:32:24 PM:457,-0.2937936,0.8512691,-0.3331606,27.16372,305.2267,347.8018,LeftController
5/2/2017 12:32:24 PM:535,-0.2937269,0.8509947,-0.333241,27.15667,305.2436,347.7489,LeftController
5/2/2017 12:32:24 PM:599,-0.2934719,0.8510834,-0.3333249,27.15778,305.2382,347.8022,LeftController
5/2/2017 12:32:24 PM:682,-0.2932713,0.8512495,-0.3332822,27.13433,305.1748,347.8072,LeftController
5/2/2017 12:32:24 PM:753,-0.2934004,0.8512228,-0.3332987,27.1418,305.1643,347.8101,LeftController
5/2/2017 12:32:24 PM:819,-0.2932603,0.851241,-0.3331733,27.14532,305.2305,347.8123,LeftController
5/2/2017 12:32:24 PM:892,-0.293054,0.8514339,-0.3332751,27.11875,305.238,347.7655,LeftController
5/2/2017 12:32:24 PM:970,-0.2926751,0.8511554,-0.3332427,27.10348,305.1429,347.7497,LeftController
5/2/2017 12:32:25 PM:42,-0.2923478,0.8514904,-0.3334799,27.08112,305.1961,347.6805,LeftController
5/2/2017 12:32:25 PM:118,-0.2919582,0.8513997,-0.3335042,27.15629,305.2599,347.6489,LeftController
5/2/2017 12:32:25 PM:208,-0.2919255,0.8520464,-0.3333197,27.12132,305.3823,347.652,LeftController
5/2/2017 12:32:25 PM:277,-0.2914803,0.8520844,-0.3333042,27.12861,305.3434,347.5876,LeftController
5/2/2017 12:32:25 PM:373,-0.2919673,0.8522278,-0.3335161,27.17967,305.7121,347.7266,LeftController
5/2/2017 12:32:25 PM:451,-0.2917936,0.852417,-0.3332126,27.20609,305.799,347.7283,LeftController
5/2/2017 12:32:25 PM:529,-0.291676,0.8525486,-0.3330748,27.2072,305.9057,347.6643,LeftController
5/2/2017 12:32:25 PM:597,-0.2918178,0.8527007,-0.3333447,27.2451,305.9873,347.6764,LeftController
5/2/2017 12:32:25 PM:686,-0.2914318,0.8531226,-0.3337722,27.22207,306.1447,347.7033,LeftController
5/2/2017 12:32:25 PM:761,-0.291604,0.8530585,-0.3340662,27.26053,306.1512,347.7163,LeftController
5/2/2017 12:32:25 PM:823,-0.2918146,0.8533468,-0.3343098,27.2497,306.189,347.7111,LeftController
5/2/2017 12:32:25 PM:884,-0.2917215,0.8534631,-0.3348978,27.2305,306.1978,347.6857,LeftController
5/2/2017 12:32:25 PM:944,-0.2917047,0.8537252,-0.335182,27.20911,306.217,347.6606,LeftController
5/2/2017 12:32:26 PM:4,-0.2915647,0.8538643,-0.3350949,27.20813,306.164,347.6051,LeftController
5/2/2017 12:32:26 PM:88,-0.2911063,0.8538187,-0.3351042,27.18904,306.1166,347.5088,LeftController
5/2/2017 12:32:26 PM:168,-0.2906808,0.8540049,-0.3355849,27.14618,306.1098,347.5624,LeftController
5/2/2017 12:32:26 PM:233,-0.2902541,0.8542428,-0.3352323,27.12668,306.0846,347.5409,LeftController
5/2/2017 12:32:26 PM:317,-0.289778,0.8541815,-0.3355825,27.11657,306.0302,347.5706,LeftController
5/2/2017 12:32:26 PM:408,-0.2893176,0.8543658,-0.3358686,27.08107,306.0135,347.5322,LeftController
5/2/2017 12:32:26 PM:487,-0.2881707,0.854355,-0.3358445,27.0538,305.9253,347.531,LeftController
5/2/2017 12:32:26 PM:554,-0.2882504,0.8541642,-0.3362026,27.04206,305.8742,347.5589,LeftController
5/2/2017 12:32:26 PM:631,-0.287991,0.8541423,-0.3364012,26.99936,305.7992,347.5176,LeftController
5/2/2017 12:32:26 PM:690,-0.2876769,0.8541886,-0.33634,26.96598,305.6871,347.52,LeftController
5/2/2017 12:32:26 PM:768,-0.2870971,0.8541495,-0.3363819,26.85641,305.5616,347.4795,LeftController
5/2/2017 12:32:26 PM:838,-0.287333,0.8540053,-0.3366036,26.85297,305.4004,347.4087,LeftController
5/2/2017 12:32:26 PM:902,-0.2868127,0.8539423,-0.3362153,26.84073,305.4562,347.3311,LeftController
5/2/2017 12:32:26 PM:968,-0.2866915,0.8541857,-0.3361073,26.83091,305.5622,347.3703,LeftController
5/2/2017 12:32:27 PM:54,-0.2861792,0.8540156,-0.3361537,26.79257,305.4115,347.3682,LeftController
5/2/2017 12:32:27 PM:152,-0.2851452,0.8539429,-0.3364716,26.76468,305.2962,347.3357,LeftController
5/2/2017 12:32:27 PM:229,-0.2847472,0.8540854,-0.3367002,26.78839,305.2989,347.3579,LeftController
5/2/2017 12:32:27 PM:287,-0.2840049,0.85412,-0.3365729,26.81087,305.2959,347.3159,LeftController
5/2/2017 12:32:27 PM:369,-0.2836065,0.8542809,-0.3368471,26.81026,305.2949,347.2738,LeftController
5/2/2017 12:32:27 PM:462,-0.2830712,0.8545372,-0.33688,26.76082,305.2807,347.2132,LeftController
5/2/2017 12:32:27 PM:539,-0.2823163,0.8544389,-0.3370712,26.7819,305.3146,347.2577,LeftController
5/2/2017 12:32:27 PM:615,-0.281321,0.8540919,-0.3368862,26.80045,305.2692,347.3428,LeftController
5/2/2017 12:32:27 PM:674,-0.2802587,0.8539673,-0.3367734,26.84892,305.133,347.3433,LeftController
5/2/2017 12:32:27 PM:740,-0.2796972,0.8540086,-0.3368816,26.8582,305.1027,347.3605,LeftController
5/2/2017 12:32:27 PM:825,-0.2782806,0.8540746,-0.3374748,26.82227,304.7156,347.3619,LeftController
5/2/2017 12:32:27 PM:908,-0.2774572,0.8540012,-0.3376307,26.73506,304.3884,347.3125,LeftController
5/2/2017 12:32:27 PM:976,-0.2774726,0.8541087,-0.3377879,26.74962,304.3545,347.2559,LeftController
5/2/2017 12:32:28 PM:41,-0.2776088,0.8543961,-0.3379078,26.765,304.471,347.2274,LeftController
5/2/2017 12:32:28 PM:130,-0.2779125,0.8540527,-0.337841,26.79829,304.6282,347.1877,LeftController
5/2/2017 12:32:28 PM:197,-0.2786868,0.8541193,-0.3379309,26.79608,304.759,347.2041,LeftController
5/2/2017 12:32:28 PM:279,-0.2793757,0.8539387,-0.3370495,26.75972,304.9444,347.2123,LeftController
5/2/2017 12:32:28 PM:357,-0.279797,0.8540572,-0.3370881,26.79943,305.0021,347.2468,LeftController
5/2/2017 12:32:28 PM:440,-0.2798945,0.8539088,-0.336967,26.72239,305.2134,347.3336,LeftController
5/2/2017 12:32:28 PM:609,-0.2805048,0.8536465,-0.3358872,26.75449,305.478,347.2433,LeftController
5/2/2017 12:32:28 PM:683,-0.2797594,0.8531712,-0.336272,26.74538,305.3776,347.4156,LeftController
5/2/2017 12:32:28 PM:741,-0.2797738,0.8531582,-0.3363433,26.69688,305.3757,347.4272,LeftController
5/2/2017 12:32:28 PM:797,-0.2797385,0.8532931,-0.3362579,26.71631,305.3953,347.4303,LeftController
5/2/2017 12:32:28 PM:874,-0.2796909,0.85348,-0.3362615,26.73729,305.4436,347.4299,LeftController
5/2/2017 12:32:28 PM:954,-0.2793611,0.8533257,-0.3364098,26.75749,305.3986,347.4028,LeftController
5/2/2017 12:32:29 PM:24,-0.2793932,0.8533152,-0.3365929,26.78912,305.3818,347.3796,LeftController
5/2/2017 12:32:29 PM:98,-0.2793002,0.8536693,-0.3362973,26.76606,305.2804,347.3091,LeftController
5/2/2017 12:32:29 PM:177,-0.2790841,0.8535815,-0.3367028,26.7603,305.2641,347.2534,LeftController
5/2/2017 12:32:29 PM:232,-0.2792469,0.853891,-0.3368435,26.78373,305.3964,347.3305,LeftController
5/2/2017 12:32:29 PM:291,-0.2792097,0.8537022,-0.3369844,26.81504,305.4612,347.3658,LeftController
5/2/2017 12:32:29 PM:358,-0.2792372,0.8539376,-0.3363173,26.86833,305.5523,347.2369,LeftController
5/2/2017 12:32:29 PM:451,-0.2793431,0.8543063,-0.3362327,26.87469,305.8546,347.3115,LeftController
5/2/2017 12:32:29 PM:509,-0.279399,0.8547213,-0.3368323,26.90265,305.9158,347.381,LeftController
5/2/2017 12:32:29 PM:576,-0.2790806,0.8544912,-0.3371472,26.95433,305.9726,347.3689,LeftController
5/2/2017 12:32:29 PM:654,-0.2793548,0.8545923,-0.3370552,27.05914,306.0793,347.3723,LeftController
5/2/2017 12:32:29 PM:718,-0.2798059,0.8547841,-0.3371379,27.07671,306.1646,347.3492,LeftController
5/2/2017 12:32:29 PM:768,-0.2796946,0.8545275,-0.3371546,27.12012,306.2634,347.351,LeftController
5/2/2017 12:32:29 PM:845,-0.2795216,0.8545936,-0.3370023,27.15339,306.353,347.3742,LeftController
5/2/2017 12:32:29 PM:926,-0.279935,0.8550667,-0.3366101,27.2177,306.4785,347.4079,LeftController
5/2/2017 12:32:29 PM:996,-0.2804415,0.8548688,-0.3364141,27.25836,306.5698,347.4344,LeftController
5/2/2017 12:32:30 PM:62,-0.2806095,0.8548433,-0.3367183,27.33982,306.5914,347.481,LeftController
5/2/2017 12:32:30 PM:136,-0.2812152,0.8552222,-0.3370271,27.30682,306.5785,347.4581,LeftController
5/2/2017 12:32:30 PM:205,-0.2811458,0.8551325,-0.3373137,27.36853,306.5759,347.4175,LeftController
5/2/2017 12:32:30 PM:287,-0.2814217,0.8552538,-0.3371584,27.38111,306.4855,347.4345,LeftController
5/2/2017 12:32:30 PM:375,-0.2817079,0.8549732,-0.337049,27.40727,306.3895,347.4882,LeftController
5/2/2017 12:32:30 PM:461,-0.2823353,0.8545974,-0.3370976,27.46678,306.3732,347.5023,LeftController
5/2/2017 12:32:30 PM:534,-0.2826517,0.8548069,-0.3368003,27.38359,306.2931,347.4981,LeftController
5/2/2017 12:32:30 PM:596,-0.2824806,0.8544003,-0.3364456,27.37347,306.1844,347.5746,LeftController
5/2/2017 12:32:30 PM:660,-0.2826407,0.8543776,-0.3364708,27.41422,306.1602,347.6179,LeftController
5/2/2017 12:32:30 PM:734,-0.2832355,0.8541843,-0.336298,27.44628,305.9749,347.6758,LeftController
5/2/2017 12:32:30 PM:810,-0.2844683,0.8540246,-0.3365672,27.44353,305.7925,347.6539,LeftController
5/2/2017 12:32:30 PM:882,-0.2847936,0.8538224,-0.336417,27.39759,305.6908,347.5405,LeftController
5/2/2017 12:32:30 PM:958,-0.286186,0.8538079,-0.33636,27.37063,305.6251,347.4951,LeftController
5/2/2017 12:32:31 PM:35,-0.2875328,0.853732,-0.3361249,27.33923,305.4848,347.4739,LeftController
5/2/2017 12:32:31 PM:107,-0.2882928,0.8536003,-0.336586,27.27897,305.242,347.4155,LeftController
5/2/2017 12:32:31 PM:164,-0.2887837,0.8537467,-0.3365371,27.19274,305.1381,347.3763,LeftController
